command: /root/.local/bin/uv run --python 3.12 --project /root/web-curation-lab/third_party/olmo-eval --frozen --no-group dev olmo-eval run --harness default --override provider.kind=vllm_server --override provider.dtype=bfloat16 --override provider.max_model_len=2048 --model /root/web-curation-lab/outputs/preflight/qwen3_150m_wide/hf-fp32 --task olmobase:easy:qa:rc --override limit=5 --num-gpus 1 --parallelism 2 --output-dir /root/web-curation-lab/outputs/preflight/qwen3_150m_wide/general-smoke/general_raw
warning: `VIRTUAL_ENV=/root/web-curation-lab/evaluation/.venv` does not match the project environment path `.venv` and will be ignored; use `--active` to target the active environment instead

[34m╭─[0m[34m───────────────────────────────────────────────[0m[34m Runtime Environment [0m[34m────────────────────────────────────────────────[0m[34m─╮[0m
[34m│[0m [1m [0m[1mPython              [0m[1m [0m 3.12.13                                                                                       [34m│[0m
[34m│[0m [1m [0m[1mPyTorch             [0m[1m [0m 2.10.0+cu128                                                                                  [34m│[0m
[34m│[0m [1m [0m[1mCUDA available      [0m[1m [0m True                                                                                          [34m│[0m
[34m│[0m [1m [0m[1mCUDA version        [0m[1m [0m 12.8                                                                                          [34m│[0m
[34m│[0m [1m [0m[1mcuDNN version       [0m[1m [0m 91002                                                                                         [34m│[0m
[34m│[0m [1m [0m[1mGPU count           [0m[1m [0m 2                                                                                             [34m│[0m
[34m│[0m [1m [0m[1m  GPU 0             [0m[1m [0m NVIDIA H200                                                                                   [34m│[0m
[34m│[0m [1m [0m[1m  GPU 1             [0m[1m [0m NVIDIA H200                                                                                   [34m│[0m
[34m│[0m [1m [0m[1mTransformers        [0m[1m [0m 5.7.0                                                                                         [34m│[0m
[34m│[0m [1m [0m[1mvLLM                [0m[1m [0m 0.19.1                                                                                        [34m│[0m
[34m╰──────────────────────────────────────────────────────────────────────────────────────────────────────────────────────╯[0m

[36m╭─[0m[36m────────────────────────────────────────────────[0m[36m [0m[1;36mRun Configuration[0m[36m [0m[36m─────────────────────────────────────────────────[0m[36m─╮[0m
[36m│[0m [1;35mRunConfig[0m[1m([0m                                                                                                           [36m│[0m
[36m│[0m     [33mharness_config[0m=[1;35mHarnessConfig[0m[1m([0m                                                                                    [36m│[0m
[36m│[0m         [33mname[0m=[32m'default'[0m,                                                                                              [36m│[0m
[36m│[0m         [33mprovider[0m=[1;35mProviderConfig[0m[1m([0m                                                                                     [36m│[0m
[36m│[0m             [33mkind[0m=[1m<[0m[1;95mProviderKind.VLLM_SERVER:[0m[39m [0m[32m'vllm_server'[0m[39m>,[0m                                                          [36m│[0m
[36m│[0m [39m            [0m[33mmodel[0m[39m=[0m[32m'/root/web-curation-lab/outputs/preflight/qwen3_150m_wide/hf-fp32'[0m[39m,[0m                                [36m│[0m
[36m│[0m [39m            [0m[33mforce_download[0m[39m=[0m[3;91mFalse[0m[39m,[0m                                                                                    [36m│[0m
[36m│[0m [39m            [0m[33mtrust_remote_code[0m[39m=[0m[3;91mFalse[0m[39m,[0m                                                                                 [36m│[0m
[36m│[0m [39m            [0m[33mdtype[0m[39m=[0m[32m'bfloat16'[0m[39m,[0m                                                                                        [36m│[0m
[36m│[0m [39m            [0m[33mmax_model_len[0m[39m=[0m[1;36m2048[0m[39m,[0m                                                                                      [36m│[0m
[36m│[0m [39m            [0m[33mnum_instances[0m[39m=[0m[1;36m1[0m                                                                                          [36m│[0m
[36m│[0m [39m        [0m[1;39m)[0m[39m,[0m                                                                                                           [36m│[0m
[36m│[0m [39m        [0m[33mtool_choice[0m[39m=[0m[32m'auto'[0m[39m,[0m                                                                                          [36m│[0m
[36m│[0m [39m        [0m[33mmetrics[0m[39m=[0m[1;35mMetricsConfig[0m[1;39m([0m                                                                                       [36m│[0m
[36m│[0m [39m            [0m[33menabled[0m[39m=[0m[3;92mTrue[0m[39m,[0m                                                                                            [36m│[0m
[36m│[0m [39m            [0m[33mreporters[0m[39m=[0m[1;39m([0m                                                                                              [36m│[0m
[36m│[0m [39m                <ReporterType.FILE: [0m[32m'file'[0m[39m>,[0m                                                                         [36m│[0m
[36m│[0m [39m            [0m[1;39m)[0m[39m,[0m                                                                                                       [36m│[0m
[36m│[0m [39m            [0m[33mcollect_gpu[0m[39m=[0m[3;91mFalse[0m[39m,[0m                                                                                       [36m│[0m
[36m│[0m [39m            [0m[33mcollect_vllm_server[0m[39m=[0m[3;92mTrue[0m[39m,[0m                                                                                [36m│[0m
[36m│[0m [39m            [0m[33mvllm_poll_interval_s[0m[39m=[0m[1;36m10[0m[1;36m.0[0m                                                                                [36m│[0m
[36m│[0m [39m        [0m[1;39m)[0m[39m,[0m                                                                                                           [36m│[0m
[36m│[0m [39m        [0m[33mbatching[0m[39m=[0m[1;35mBatchConfig[0m[1;39m([0m                                                                                        [36m│[0m
[36m│[0m [39m            [0m[33mstrategy[0m[39m=<BatchStrategy.BATCHED: [0m[32m'batched'[0m[39m>,[0m                                                             [36m│[0m
[36m│[0m [39m            [0m[33mchunk_size[0m[39m=[0m[1;36m64[0m[39m,[0m                                                                                           [36m│[0m
[36m│[0m [39m            [0m[33mchunk_timeout[0m[39m=[0m[1;36m5[0m[1;36m.0[0m                                                                                        [36m│[0m
[36m│[0m [39m        [0m[1;39m)[0m                                                                                                            [36m│[0m
[36m│[0m [39m    [0m[1;39m)[0m[39m,[0m                                                                                                               [36m│[0m
[36m│[0m [39m    [0m[33mtasks[0m[39m=[0m[1;39m[[0m                                                                                                          [36m│[0m
[36m│[0m [39m        [0m[1;35mTaskConfig[0m[1;39m([0m                                                                                                  [36m│[0m
[36m│[0m [39m            [0m[33mname[0m[39m=[0m[32m'arc_challenge'[0m[39m,[0m                                                                                    [36m│[0m
[36m│[0m [39m            [0m[33mdata_source[0m[39m=[0m[1;35mDataSource[0m[1;39m([0m                                                                                  [36m│[0m
[36m│[0m [39m                [0m[33mpath[0m[39m=[0m[32m'allenai/ai2_arc'[0m[39m,[0m                                                                              [36m│[0m
[36m│[0m [39m                [0m[33msubset[0m[39m=[0m[32m'ARC-Challenge'[0m[39m,[0m                                                                              [36m│[0m
[36m│[0m [39m                [0m[33msplit[0m[39m=[0m[32m'test'[0m[39m,[0m                                                                                        [36m│[0m
[36m│[0m [39m                [0m[33msource_type[0m[39m=<SourceType.HF: [0m[32m'hf'[0m[39m>[0m                                                                    [36m│[0m
[36m│[0m [39m            [0m[1;39m)[0m[39m,[0m                                                                                                       [36m│[0m
[36m│[0m [39m            [0m[33mfewshot_source[0m[39m=[0m[32m'olmes_arc_challenge_fixed'[0m[39m,[0m                                                              [36m│[0m
[36m│[0m [39m            [0m[33mmetrics[0m[39m=[0m[1;39m([0m                                                                                                [36m│[0m
[36m│[0m [39m                [0m[1;35mLogprobUncondMCAccuracyMetric[0m[1;39m([0m                                                                       [36m│[0m
[36m│[0m [39m                    [0m[33mname[0m[39m=[0m[32m'accuracy'[0m[39m,[0m                                                                                 [36m│[0m
[36m│[0m [39m                    [0m[33mscorer[0m[39m=<class [0m[32m'olmo_eval.common.scorers.base.LogprobScorer'[0m[39m>[0m                                     [36m│[0m
[36m│[0m [39m                [0m[1;39m)[0m[39m,[0m                                                                                                   [36m│[0m
[36m│[0m [39m            [0m[1;39m)[0m[39m,[0m                                                                                                       [36m│[0m
[36m│[0m [39m            [0m[33mnum_fewshot[0m[39m=[0m[1;36m5[0m[39m,[0m                                                                                           [36m│[0m
[36m│[0m [39m            [0m[33mfewshot_seed[0m[39m=[0m[1;36m42[0m[39m,[0m                                                                                         [36m│[0m
[36m│[0m [39m            [0m[33mseed[0m[39m=[0m[1;36m42[0m[39m,[0m                                                                                                 [36m│[0m
[36m│[0m [39m            [0m[33msplit[0m[39m=<Split.TEST: [0m[32m'test'[0m[39m>,[0m                                                                              [36m│[0m
[36m│[0m [39m            [0m[33msampling_params[0m[39m=[0m[1;35mSamplingParams[0m[1;39m([0m                                                                          [36m│[0m
[36m│[0m [39m                [0m[33mmax_tokens[0m[39m=[0m[1;36m512[0m[39m,[0m                                                                                      [36m│[0m
[36m│[0m [39m                [0m[33mtemperature[0m[39m=[0m[1;36m0[0m[1;36m.0[0m[39m,[0m                                                                                     [36m│[0m
[36m│[0m [39m                [0m[33mnum_samples[0m[39m=[0m[1;36m1[0m[39m,[0m                                                                                       [36m│[0m
[36m│[0m [39m                [0m[33mdo_sample[0m[39m=[0m[3;92mTrue[0m                                                                                       [36m│[0m
[36m│[0m [39m            [0m[1;39m)[0m[39m,[0m                                                                                                       [36m│[0m
[36m│[0m [39m            [0m[33moutput_score_aggregation[0m[39m=<OutputScoreAggregation.MAX: [0m[32m'max'[0m[39m>,[0m                                            [36m│[0m
[36m│[0m [39m            [0m[33msandbox_allocation_weight[0m[39m=[0m[1;36m1[0m[1;36m.0[0m                                                                            [36m│[0m
[36m│[0m [39m        [0m[1;39m)[0m[39m,[0m                                                                                                           [36m│[0m
[36m│[0m [39m        [0m[1;35mTaskConfig[0m[1;39m([0m                                                                                                  [36m│[0m
[36m│[0m [39m            [0m[33mname[0m[39m=[0m[32m'arc_easy'[0m[39m,[0m                                                                                         [36m│[0m
[36m│[0m [39m            [0m[33mdata_source[0m[39m=[0m[1;35mDataSource[0m[1;39m([0m                                                                                  [36m│[0m
[36m│[0m [39m                [0m[33mpath[0m[39m=[0m[32m'allenai/ai2_arc'[0m[39m,[0m                                                                              [36m│[0m
[36m│[0m [39m                [0m[33msubset[0m[39m=[0m[32m'ARC-Easy'[0m[39m,[0m                                                                                   [36m│[0m
[36m│[0m [39m                [0m[33msplit[0m[39m=[0m[32m'test'[0m[39m,[0m                                                                                        [36m│[0m
[36m│[0m [39m                [0m[33msource_type[0m[39m=<SourceType.HF: [0m[32m'hf'[0m[39m>[0m                                                                    [36m│[0m
[36m│[0m [39m            [0m[1;39m)[0m[39m,[0m                                                                                                       [36m│[0m
[36m│[0m [39m            [0m[33mfewshot_source[0m[39m=[0m[32m'olmes_arc_easy_fixed'[0m[39m,[0m                                                                   [36m│[0m
[36m│[0m [39m            [0m[33mmetrics[0m[39m=[0m[1;39m([0m                                                                                                [36m│[0m
[36m│[0m [39m                [0m[1;35mLogprobPerCharMCAccuracyMetric[0m[1;39m([0m                                                                      [36m│[0m
[36m│[0m [39m                    [0m[33mname[0m[39m=[0m[32m'accuracy'[0m[39m,[0m                                                                                 [36m│[0m
[36m│[0m [39m                    [0m[33mscorer[0m[39m=<class [0m[32m'olmo_eval.common.scorers.base.LogprobScorer'[0m[39m>[0m                                     [36m│[0m
[36m│[0m [39m                [0m[1;39m)[0m[39m,[0m                                                                                                   [36m│[0m
[36m│[0m [39m            [0m[1;39m)[0m[39m,[0m                                                                                                       [36m│[0m
[36m│[0m [39m            [0m[33mnum_fewshot[0m[39m=[0m[1;36m5[0m[39m,[0m                                                                                           [36m│[0m
[36m│[0m [39m            [0m[33mfewshot_seed[0m[39m=[0m[1;36m42[0m[39m,[0m                                                                                         [36m│[0m
[36m│[0m [39m            [0m[33mseed[0m[39m=[0m[1;36m42[0m[39m,[0m                                                                                                 [36m│[0m
[36m│[0m [39m            [0m[33msplit[0m[39m=<Split.TEST: [0m[32m'test'[0m[39m>,[0m                                                                              [36m│[0m
[36m│[0m [39m            [0m[33msampling_params[0m[39m=[0m[1;35mSamplingParams[0m[1;39m([0m                                                                          [36m│[0m
[36m│[0m [39m                [0m[33mmax_tokens[0m[39m=[0m[1;36m512[0m[39m,[0m                                                                                      [36m│[0m
[36m│[0m [39m                [0m[33mtemperature[0m[39m=[0m[1;36m0[0m[1;36m.0[0m[39m,[0m                                                                                     [36m│[0m
[36m│[0m [39m                [0m[33mnum_samples[0m[39m=[0m[1;36m1[0m[39m,[0m                                                                                       [36m│[0m
[36m│[0m [39m                [0m[33mdo_sample[0m[39m=[0m[3;92mTrue[0m                                                                                       [36m│[0m
[36m│[0m [39m            [0m[1;39m)[0m[39m,[0m                                                                                                       [36m│[0m
[36m│[0m [39m            [0m[33moutput_score_aggregation[0m[39m=<OutputScoreAggregation.MAX: [0m[32m'max'[0m[39m>,[0m                                            [36m│[0m
[36m│[0m [39m            [0m[33msandbox_allocation_weight[0m[39m=[0m[1;36m1[0m[1;36m.0[0m                                                                            [36m│[0m
[36m│[0m [39m        [0m[1;39m)[0m[39m,[0m                                                                                                           [36m│[0m
[36m│[0m [39m        [0m[1;35mTaskConfig[0m[1;39m([0m                                                                                                  [36m│[0m
[36m│[0m [39m            [0m[33mname[0m[39m=[0m[32m'mmlu_abstract_algebra:rc'[0m[39m,[0m                                                                         [36m│[0m
[36m│[0m [39m            [0m[33mdata_source[0m[39m=[0m[1;35mDataSource[0m[1;39m([0m                                                                                  [36m│[0m
[36m│[0m [39m                [0m[33mpath[0m[39m=[0m[32m'cais/mmlu'[0m[39m,[0m                                                                                    [36m│[0m
[36m│[0m [39m                [0m[33msubset[0m[39m=[0m[32m'abstract_algebra'[0m[39m,[0m                                                                           [36m│[0m
[36m│[0m [39m                [0m[33msplit[0m[39m=[0m[32m'test'[0m[39m,[0m                                                                                        [36m│[0m
[36m│[0m [39m                [0m[33msource_type[0m[39m=<SourceType.HF: [0m[32m'hf'[0m[39m>[0m                                                                    [36m│[0m
[36m│[0m [39m            [0m[1;39m)[0m[39m,[0m                                                                                                       [36m│[0m
[36m│[0m [39m            [0m[33mmetrics[0m[39m=[0m[1;39m([0m                                                                                                [36m│[0m
[36m│[0m [39m                [0m[1;35mLogprobPerCharMCAccuracyMetric[0m[1;39m([0m                                                                      [36m│[0m
[36m│[0m [39m                    [0m[33mname[0m[39m=[0m[32m'accuracy'[0m[39m,[0m                                                                                 [36m│[0m
[36m│[0m [39m                    [0m[33mscorer[0m[39m=<class [0m[32m'olmo_eval.common.scorers.base.LogprobScorer'[0m[39m>[0m                                     [36m│[0m
[36m│[0m [39m                [0m[1;39m)[0m[39m,[0m                                                                                                   [36m│[0m
[36m│[0m [39m            [0m[1;39m)[0m[39m,[0m                                                                                                       [36m│[0m
[36m│[0m [39m            [0m[33mnum_fewshot[0m[39m=[0m[1;36m5[0m[39m,[0m                                                                                           [36m│[0m
[36m│[0m [39m            [0m[33mfewshot_seed[0m[39m=[0m[1;36m42[0m[39m,[0m                                                                                         [36m│[0m
[36m│[0m [39m            [0m[33mseed[0m[39m=[0m[1;36m42[0m[39m,[0m                                                                                                 [36m│[0m
[36m│[0m [39m            [0m[33msplit[0m[39m=<Split.TEST: [0m[32m'test'[0m[39m>,[0m                                                                              [36m│[0m
[36m│[0m [39m            [0m[33mprimary_metric[0m[39m=[0m[1;35mLogprobPerCharMCAccuracyMetric[0m[1;39m([0m                                                           [36m│[0m
[36m│[0m [39m                [0m[33mname[0m[39m=[0m[32m'accuracy'[0m[39m,[0m                                                                                     [36m│[0m
[36m│[0m [39m                [0m[33mscorer[0m[39m=<class [0m[32m'olmo_eval.common.scorers.base.LogprobScorer'[0m[39m>[0m                                         [36m│[0m
[36m│[0m [39m            [0m[1;39m)[0m[39m,[0m                                                                                                       [36m│[0m
[36m│[0m [39m            [0m[33msampling_params[0m[39m=[0m[1;35mSamplingParams[0m[1;39m([0m                                                                          [36m│[0m
[36m│[0m [39m                [0m[33mmax_tokens[0m[39m=[0m[1;36m1[0m[39m,[0m                                                                                        [36m│[0m
[36m│[0m [39m                [0m[33mtemperature[0m[39m=[0m[1;36m0[0m[1;36m.0[0m[39m,[0m                                                                                     [36m│[0m
[36m│[0m [39m                [0m[33mnum_samples[0m[39m=[0m[1;36m1[0m[39m,[0m                                                                                       [36m│[0m
[36m│[0m [39m                [0m[33mdo_sample[0m[39m=[0m[3;92mTrue[0m                                                                                       [36m│[0m
[36m│[0m [39m            [0m[1;39m)[0m[39m,[0m                                                                                                       [36m│[0m
[36m│[0m [39m            [0m[33moutput_score_aggregation[0m[39m=<OutputScoreAggregation.MAX: [0m[32m'max'[0m[39m>,[0m                                            [36m│[0m
[36m│[0m [39m            [0m[33msandbox_allocation_weight[0m[39m=[0m[1;36m1[0m[1;36m.0[0m                                                                            [36m│[0m
[36m│[0m [39m        [0m[1;39m)[0m[39m,[0m                                                                                                           [36m│[0m
[36m│[0m [39m        [0m[1;35mTaskConfig[0m[1;39m([0m                                                                                                  [36m│[0m
[36m│[0m [39m            [0m[33mname[0m[39m=[0m[32m'mmlu_astronomy:rc'[0m[39m,[0m                                                                                [36m│[0m
[36m│[0m [39m            [0m[33mdata_source[0m[39m=[0m[1;35mDataSource[0m[1;39m([0m                                                                                  [36m│[0m
[36m│[0m [39m                [0m[33mpath[0m[39m=[0m[32m'cais/mmlu'[0m[39m,[0m                                                                                    [36m│[0m
[36m│[0m [39m                [0m[33msubset[0m[39m=[0m[32m'astronomy'[0m[39m,[0m                                                                                  [36m│[0m
[36m│[0m [39m                [0m[33msplit[0m[39m=[0m[32m'test'[0m[39m,[0m                                                                                        [36m│[0m
[36m│[0m [39m                [0m[33msource_type[0m[39m=<SourceType.HF: [0m[32m'hf'[0m[39m>[0m                                                                    [36m│[0m
[36m│[0m [39m            [0m[1;39m)[0m[39m,[0m                                                                                                       [36m│[0m
[36m│[0m [39m            [0m[33mmetrics[0m[39m=[0m[1;39m([0m                                                                                                [36m│[0m
[36m│[0m [39m                [0m[1;35mLogprobPerCharMCAccuracyMetric[0m[1;39m([0m                                                                      [36m│[0m
[36m│[0m [39m                    [0m[33mname[0m[39m=[0m[32m'accuracy'[0m[39m,[0m                                                                                 [36m│[0m
[36m│[0m [39m                    [0m[33mscorer[0m[39m=<class [0m[32m'olmo_eval.common.scorers.base.LogprobScorer'[0m[39m>[0m                                     [36m│[0m
[36m│[0m [39m                [0m[1;39m)[0m[39m,[0m                                                                                                   [36m│[0m
[36m│[0m [39m            [0m[1;39m)[0m[39m,[0m                                                                                                       [36m│[0m
[36m│[0m [39m            [0m[33mnum_fewshot[0m[39m=[0m[1;36m5[0m[39m,[0m                                                                                           [36m│[0m
[36m│[0m [39m            [0m[33mfewshot_seed[0m[39m=[0m[1;36m42[0m[39m,[0m                                                                                         [36m│[0m
[36m│[0m [39m            [0m[33mseed[0m[39m=[0m[1;36m42[0m[39m,[0m                                                                                                 [36m│[0m
[36m│[0m [39m            [0m[33msplit[0m[39m=<Split.TEST: [0m[32m'test'[0m[39m>,[0m                                                                              [36m│[0m
[36m│[0m [39m            [0m[33mprimary_metric[0m[39m=[0m[1;35mLogprobPerCharMCAccuracyMetric[0m[1;39m([0m                                                           [36m│[0m
[36m│[0m [39m                [0m[33mname[0m[39m=[0m[32m'accuracy'[0m[39m,[0m                                                                                     [36m│[0m
[36m│[0m [39m                [0m[33mscorer[0m[39m=<class [0m[32m'olmo_eval.common.scorers.base.LogprobScorer'[0m[39m>[0m                                         [36m│[0m
[36m│[0m [39m            [0m[1;39m)[0m[39m,[0m                                                                                                       [36m│[0m
[36m│[0m [39m            [0m[33msampling_params[0m[39m=[0m[1;35mSamplingParams[0m[1;39m([0m                                                                          [36m│[0m
[36m│[0m [39m                [0m[33mmax_tokens[0m[39m=[0m[1;36m1[0m[39m,[0m                                                                                        [36m│[0m
[36m│[0m [39m                [0m[33mtemperature[0m[39m=[0m[1;36m0[0m[1;36m.0[0m[39m,[0m                                                                                     [36m│[0m
[36m│[0m [39m                [0m[33mnum_samples[0m[39m=[0m[1;36m1[0m[39m,[0m                                                                                       [36m│[0m
[36m│[0m [39m                [0m[33mdo_sample[0m[39m=[0m[3;92mTrue[0m                                                                                       [36m│[0m
[36m│[0m [39m            [0m[1;39m)[0m[39m,[0m                                                                                                       [36m│[0m
[36m│[0m [39m            [0m[33moutput_score_aggregation[0m[39m=<OutputScoreAggregation.MAX: [0m[32m'max'[0m[39m>,[0m                                            [36m│[0m
[36m│[0m [39m            [0m[33msandbox_allocation_weight[0m[39m=[0m[1;36m1[0m[1;36m.0[0m                                                                            [36m│[0m
[36m│[0m [39m        [0m[1;39m)[0m[39m,[0m                                                                                                           [36m│[0m
[36m│[0m [39m        [0m[1;35mTaskConfig[0m[1;39m([0m                                                                                                  [36m│[0m
[36m│[0m [39m            [0m[33mname[0m[39m=[0m[32m'mmlu_college_biology:rc'[0m[39m,[0m                                                                          [36m│[0m
[36m│[0m [39m            [0m[33mdata_source[0m[39m=[0m[1;35mDataSource[0m[1;39m([0m                                                                                  [36m│[0m
[36m│[0m [39m                [0m[33mpath[0m[39m=[0m[32m'cais/mmlu'[0m[39m,[0m                                                                                    [36m│[0m
[36m│[0m [39m                [0m[33msubset[0m[39m=[0m[32m'college_biology'[0m[39m,[0m                                                                            [36m│[0m
[36m│[0m [39m                [0m[33msplit[0m[39m=[0m[32m'test'[0m[39m,[0m                                                                                        [36m│[0m
[36m│[0m [39m                [0m[33msource_type[0m[39m=<SourceType.HF: [0m[32m'hf'[0m[39m>[0m                                                                    [36m│[0m
[36m│[0m [39m            [0m[1;39m)[0m[39m,[0m                                                                                                       [36m│[0m
[36m│[0m [39m            [0m[33mmetrics[0m[39m=[0m[1;39m([0m                                                                                                [36m│[0m
[36m│[0m [39m                [0m[1;35mLogprobPerCharMCAccuracyMetric[0m[1;39m([0m                                                                      [36m│[0m
[36m│[0m [39m                    [0m[33mname[0m[39m=[0m[32m'accuracy'[0m[39m,[0m                                                                                 [36m│[0m
[36m│[0m [39m                    [0m[33mscorer[0m[39m=<class [0m[32m'olmo_eval.common.scorers.base.LogprobScorer'[0m[39m>[0m                                     [36m│[0m
[36m│[0m [39m                [0m[1;39m)[0m[39m,[0m                                                                                                   [36m│[0m
[36m│[0m [39m            [0m[1;39m)[0m[39m,[0m                                                                                                       [36m│[0m
[36m│[0m [39m            [0m[33mnum_fewshot[0m[39m=[0m[1;36m5[0m[39m,[0m                                                                                           [36m│[0m
[36m│[0m [39m            [0m[33mfewshot_seed[0m[39m=[0m[1;36m42[0m[39m,[0m                                                                                         [36m│[0m
[36m│[0m [39m            [0m[33mseed[0m[39m=[0m[1;36m42[0m[39m,[0m                                                                                                 [36m│[0m
[36m│[0m [39m            [0m[33msplit[0m[39m=<Split.TEST: [0m[32m'test'[0m[39m>,[0m                                                                              [36m│[0m
[36m│[0m [39m            [0m[33mprimary_metric[0m[39m=[0m[1;35mLogprobPerCharMCAccuracyMetric[0m[1;39m([0m                                                           [36m│[0m
[36m│[0m [39m                [0m[33mname[0m[39m=[0m[32m'accuracy'[0m[39m,[0m                                                                                     [36m│[0m
[36m│[0m [39m                [0m[33mscorer[0m[39m=<class [0m[32m'olmo_eval.common.scorers.base.LogprobScorer'[0m[39m>[0m                                         [36m│[0m
[36m│[0m [39m            [0m[1;39m)[0m[39m,[0m                                                                                                       [36m│[0m
[36m│[0m [39m            [0m[33msampling_params[0m[39m=[0m[1;35mSamplingParams[0m[1;39m([0m                                                                          [36m│[0m
[36m│[0m [39m                [0m[33mmax_tokens[0m[39m=[0m[1;36m1[0m[39m,[0m                                                                                        [36m│[0m
[36m│[0m [39m                [0m[33mtemperature[0m[39m=[0m[1;36m0[0m[1;36m.0[0m[39m,[0m                                                                                     [36m│[0m
[36m│[0m [39m                [0m[33mnum_samples[0m[39m=[0m[1;36m1[0m[39m,[0m                                                                                       [36m│[0m
[36m│[0m [39m                [0m[33mdo_sample[0m[39m=[0m[3;92mTrue[0m                                                                                       [36m│[0m
[36m│[0m [39m            [0m[1;39m)[0m[39m,[0m                                                                                                       [36m│[0m
[36m│[0m [39m            [0m[33moutput_score_aggregation[0m[39m=<OutputScoreAggregation.MAX: [0m[32m'max'[0m[39m>,[0m                                            [36m│[0m
[36m│[0m [39m            [0m[33msandbox_allocation_weight[0m[39m=[0m[1;36m1[0m[1;36m.0[0m                                                                            [36m│[0m
[36m│[0m [39m        [0m[1;39m)[0m[39m,[0m                                                                                                           [36m│[0m
[36m│[0m [39m        [0m[1;35mTaskConfig[0m[1;39m([0m                                                                                                  [36m│[0m
[36m│[0m [39m            [0m[33mname[0m[39m=[0m[32m'mmlu_college_chemistry:rc'[0m[39m,[0m                                                                        [36m│[0m
[36m│[0m [39m            [0m[33mdata_source[0m[39m=[0m[1;35mDataSource[0m[1;39m([0m                                                                                  [36m│[0m
[36m│[0m [39m                [0m[33mpath[0m[39m=[0m[32m'cais/mmlu'[0m[39m,[0m                                                                                    [36m│[0m
[36m│[0m [39m                [0m[33msubset[0m[39m=[0m[32m'college_chemistry'[0m[39m,[0m                                                                          [36m│[0m
[36m│[0m [39m                [0m[33msplit[0m[39m=[0m[32m'test'[0m[39m,[0m                                                                                        [36m│[0m
[36m│[0m [39m                [0m[33msource_type[0m[39m=<SourceType.HF: [0m[32m'hf'[0m[39m>[0m                                                                    [36m│[0m
[36m│[0m [39m            [0m[1;39m)[0m[39m,[0m                                                                                                       [36m│[0m
[36m│[0m [39m            [0m[33mmetrics[0m[39m=[0m[1;39m([0m                                                                                                [36m│[0m
[36m│[0m [39m                [0m[1;35mLogprobPerCharMCAccuracyMetric[0m[1;39m([0m                                                                      [36m│[0m
[36m│[0m [39m                    [0m[33mname[0m[39m=[0m[32m'accuracy'[0m[39m,[0m                                                                                 [36m│[0m
[36m│[0m [39m                    [0m[33mscorer[0m[39m=<class [0m[32m'olmo_eval.common.scorers.base.LogprobScorer'[0m[39m>[0m                                     [36m│[0m
[36m│[0m [39m                [0m[1;39m)[0m[39m,[0m                                                                                                   [36m│[0m
[36m│[0m [39m            [0m[1;39m)[0m[39m,[0m                                                                                                       [36m│[0m
[36m│[0m [39m            [0m[33mnum_fewshot[0m[39m=[0m[1;36m5[0m[39m,[0m                                                                                           [36m│[0m
[36m│[0m [39m            [0m[33mfewshot_seed[0m[39m=[0m[1;36m42[0m[39m,[0m                                                                                         [36m│[0m
[36m│[0m [39m            [0m[33mseed[0m[39m=[0m[1;36m42[0m[39m,[0m                                                                                                 [36m│[0m
[36m│[0m [39m            [0m[33msplit[0m[39m=<Split.TEST: [0m[32m'test'[0m[39m>,[0m                                                                              [36m│[0m
[36m│[0m [39m            [0m[33mprimary_metric[0m[39m=[0m[1;35mLogprobPerCharMCAccuracyMetric[0m[1;39m([0m                                                           [36m│[0m
[36m│[0m [39m                [0m[33mname[0m[39m=[0m[32m'accuracy'[0m[39m,[0m                                                                                     [36m│[0m
[36m│[0m [39m                [0m[33mscorer[0m[39m=<class [0m[32m'olmo_eval.common.scorers.base.LogprobScorer'[0m[39m>[0m                                         [36m│[0m
[36m│[0m [39m            [0m[1;39m)[0m[39m,[0m                                                                                                       [36m│[0m
[36m│[0m [39m            [0m[33msampling_params[0m[39m=[0m[1;35mSamplingParams[0m[1;39m([0m                                                                          [36m│[0m
[36m│[0m [39m                [0m[33mmax_tokens[0m[39m=[0m[1;36m1[0m[39m,[0m                                                                                        [36m│[0m
[36m│[0m [39m                [0m[33mtemperature[0m[39m=[0m[1;36m0[0m[1;36m.0[0m[39m,[0m                                                                                     [36m│[0m
[36m│[0m [39m                [0m[33mnum_samples[0m[39m=[0m[1;36m1[0m[39m,[0m                                                                                       [36m│[0m
[36m│[0m [39m                [0m[33mdo_sample[0m[39m=[0m[3;92mTrue[0m                                                                                       [36m│[0m
[36m│[0m [39m            [0m[1;39m)[0m[39m,[0m                                                                                                       [36m│[0m
[36m│[0m [39m            [0m[33moutput_score_aggregation[0m[39m=<OutputScoreAggregation.MAX: [0m[32m'max'[0m[39m>,[0m                                            [36m│[0m
[36m│[0m [39m            [0m[33msandbox_allocation_weight[0m[39m=[0m[1;36m1[0m[1;36m.0[0m                                                                            [36m│[0m
[36m│[0m [39m        [0m[1;39m)[0m[39m,[0m                                                                                                           [36m│[0m
[36m│[0m [39m        [0m[1;35mTaskConfig[0m[1;39m([0m                                                                                                  [36m│[0m
[36m│[0m [39m            [0m[33mname[0m[39m=[0m[32m'mmlu_college_computer_science:rc'[0m[39m,[0m                                                                 [36m│[0m
[36m│[0m [39m            [0m[33mdata_source[0m[39m=[0m[1;35mDataSource[0m[1;39m([0m                                                                                  [36m│[0m
[36m│[0m [39m                [0m[33mpath[0m[39m=[0m[32m'cais/mmlu'[0m[39m,[0m                                                                                    [36m│[0m
[36m│[0m [39m                [0m[33msubset[0m[39m=[0m[32m'college_computer_science'[0m[39m,[0m                                                                   [36m│[0m
[36m│[0m [39m                [0m[33msplit[0m[39m=[0m[32m'test'[0m[39m,[0m                                                                                        [36m│[0m
[36m│[0m [39m                [0m[33msource_type[0m[39m=<SourceType.HF: [0m[32m'hf'[0m[39m>[0m                                                                    [36m│[0m
[36m│[0m [39m            [0m[1;39m)[0m[39m,[0m                                                                                                       [36m│[0m
[36m│[0m [39m            [0m[33mmetrics[0m[39m=[0m[1;39m([0m                                                                                                [36m│[0m
[36m│[0m [39m                [0m[1;35mLogprobPerCharMCAccuracyMetric[0m[1;39m([0m                                                                      [36m│[0m
[36m│[0m [39m                    [0m[33mname[0m[39m=[0m[32m'accuracy'[0m[39m,[0m                                                                                 [36m│[0m
[36m│[0m [39m                    [0m[33mscorer[0m[39m=<class [0m[32m'olmo_eval.common.scorers.base.LogprobScorer'[0m[39m>[0m                                     [36m│[0m
[36m│[0m [39m                [0m[1;39m)[0m[39m,[0m                                                                                                   [36m│[0m
[36m│[0m [39m            [0m[1;39m)[0m[39m,[0m                                                                                                       [36m│[0m
[36m│[0m [39m            [0m[33mnum_fewshot[0m[39m=[0m[1;36m5[0m[39m,[0m                                                                                           [36m│[0m
[36m│[0m [39m            [0m[33mfewshot_seed[0m[39m=[0m[1;36m42[0m[39m,[0m                                                                                         [36m│[0m
[36m│[0m [39m            [0m[33mseed[0m[39m=[0m[1;36m42[0m[39m,[0m                                                                                                 [36m│[0m
[36m│[0m [39m            [0m[33msplit[0m[39m=<Split.TEST: [0m[32m'test'[0m[39m>,[0m                                                                              [36m│[0m
[36m│[0m [39m            [0m[33mprimary_metric[0m[39m=[0m[1;35mLogprobPerCharMCAccuracyMetric[0m[1;39m([0m                                                           [36m│[0m
[36m│[0m [39m                [0m[33mname[0m[39m=[0m[32m'accuracy'[0m[39m,[0m                                                                                     [36m│[0m
[36m│[0m [39m                [0m[33mscorer[0m[39m=<class [0m[32m'olmo_eval.common.scorers.base.LogprobScorer'[0m[39m>[0m                                         [36m│[0m
[36m│[0m [39m            [0m[1;39m)[0m[39m,[0m                                                                                                       [36m│[0m
[36m│[0m [39m            [0m[33msampling_params[0m[39m=[0m[1;35mSamplingParams[0m[1;39m([0m                                                                          [36m│[0m
[36m│[0m [39m                [0m[33mmax_tokens[0m[39m=[0m[1;36m1[0m[39m,[0m                                                                                        [36m│[0m
[36m│[0m [39m                [0m[33mtemperature[0m[39m=[0m[1;36m0[0m[1;36m.0[0m[39m,[0m                                                                                     [36m│[0m
[36m│[0m [39m                [0m[33mnum_samples[0m[39m=[0m[1;36m1[0m[39m,[0m                                                                                       [36m│[0m
[36m│[0m [39m                [0m[33mdo_sample[0m[39m=[0m[3;92mTrue[0m                                                                                       [36m│[0m
[36m│[0m [39m            [0m[1;39m)[0m[39m,[0m                                                                                                       [36m│[0m
[36m│[0m [39m            [0m[33moutput_score_aggregation[0m[39m=<OutputScoreAggregation.MAX: [0m[32m'max'[0m[39m>,[0m                                            [36m│[0m
[36m│[0m [39m            [0m[33msandbox_allocation_weight[0m[39m=[0m[1;36m1[0m[1;36m.0[0m                                                                            [36m│[0m
[36m│[0m [39m        [0m[1;39m)[0m[39m,[0m                                                                                                           [36m│[0m
[36m│[0m [39m        [0m[1;35mTaskConfig[0m[1;39m([0m                                                                                                  [36m│[0m
[36m│[0m [39m            [0m[33mname[0m[39m=[0m[32m'mmlu_college_mathematics:rc'[0m[39m,[0m                                                                      [36m│[0m
[36m│[0m [39m            [0m[33mdata_source[0m[39m=[0m[1;35mDataSource[0m[1;39m([0m                                                                                  [36m│[0m
[36m│[0m [39m                [0m[33mpath[0m[39m=[0m[32m'cais/mmlu'[0m[39m,[0m                                                                                    [36m│[0m
[36m│[0m [39m                [0m[33msubset[0m[39m=[0m[32m'college_mathematics'[0m[39m,[0m                                                                        [36m│[0m
[36m│[0m [39m                [0m[33msplit[0m[39m=[0m[32m'test'[0m[39m,[0m                                                                                        [36m│[0m
[36m│[0m [39m                [0m[33msource_type[0m[39m=<SourceType.HF: [0m[32m'hf'[0m[39m>[0m                                                                    [36m│[0m
[36m│[0m [39m            [0m[1;39m)[0m[39m,[0m                                                                                                       [36m│[0m
[36m│[0m [39m            [0m[33mmetrics[0m[39m=[0m[1;39m([0m                                                                                                [36m│[0m
[36m│[0m [39m                [0m[1;35mLogprobPerCharMCAccuracyMetric[0m[1;39m([0m                                                                      [36m│[0m
[36m│[0m [39m                    [0m[33mname[0m[39m=[0m[32m'accuracy'[0m[39m,[0m                                                                                 [36m│[0m
[36m│[0m [39m                    [0m[33mscorer[0m[39m=<class [0m[32m'olmo_eval.common.scorers.base.LogprobScorer'[0m[39m>[0m                                     [36m│[0m
[36m│[0m [39m                [0m[1;39m)[0m[39m,[0m                                                                                                   [36m│[0m
[36m│[0m [39m            [0m[1;39m)[0m[39m,[0m                                                                                                       [36m│[0m
[36m│[0m [39m            [0m[33mnum_fewshot[0m[39m=[0m[1;36m5[0m[39m,[0m                                                                                           [36m│[0m
[36m│[0m [39m            [0m[33mfewshot_seed[0m[39m=[0m[1;36m42[0m[39m,[0m                                                                                         [36m│[0m
[36m│[0m [39m            [0m[33mseed[0m[39m=[0m[1;36m42[0m[39m,[0m                                                                                                 [36m│[0m
[36m│[0m [39m            [0m[33msplit[0m[39m=<Split.TEST: [0m[32m'test'[0m[39m>,[0m                                                                              [36m│[0m
[36m│[0m [39m            [0m[33mprimary_metric[0m[39m=[0m[1;35mLogprobPerCharMCAccuracyMetric[0m[1;39m([0m                                                           [36m│[0m
[36m│[0m [39m                [0m[33mname[0m[39m=[0m[32m'accuracy'[0m[39m,[0m                                                                                     [36m│[0m
[36m│[0m [39m                [0m[33mscorer[0m[39m=<class [0m[32m'olmo_eval.common.scorers.base.LogprobScorer'[0m[39m>[0m                                         [36m│[0m
[36m│[0m [39m            [0m[1;39m)[0m[39m,[0m                                                                                                       [36m│[0m
[36m│[0m [39m            [0m[33msampling_params[0m[39m=[0m[1;35mSamplingParams[0m[1;39m([0m                                                                          [36m│[0m
[36m│[0m [39m                [0m[33mmax_tokens[0m[39m=[0m[1;36m1[0m[39m,[0m                                                                                        [36m│[0m
[36m│[0m [39m                [0m[33mtemperature[0m[39m=[0m[1;36m0[0m[1;36m.0[0m[39m,[0m                                                                                     [36m│[0m
[36m│[0m [39m                [0m[33mnum_samples[0m[39m=[0m[1;36m1[0m[39m,[0m                                                                                       [36m│[0m
[36m│[0m [39m                [0m[33mdo_sample[0m[39m=[0m[3;92mTrue[0m                                                                                       [36m│[0m
[36m│[0m [39m            [0m[1;39m)[0m[39m,[0m                                                                                                       [36m│[0m
[36m│[0m [39m            [0m[33moutput_score_aggregation[0m[39m=<OutputScoreAggregation.MAX: [0m[32m'max'[0m[39m>,[0m                                            [36m│[0m
[36m│[0m [39m            [0m[33msandbox_allocation_weight[0m[39m=[0m[1;36m1[0m[1;36m.0[0m                                                                            [36m│[0m
[36m│[0m [39m        [0m[1;39m)[0m[39m,[0m                                                                                                           [36m│[0m
[36m│[0m [39m        [0m[1;35mTaskConfig[0m[1;39m([0m                                                                                                  [36m│[0m
[36m│[0m [39m            [0m[33mname[0m[39m=[0m[32m'mmlu_college_physics:rc'[0m[39m,[0m                                                                          [36m│[0m
[36m│[0m [39m            [0m[33mdata_source[0m[39m=[0m[1;35mDataSource[0m[1;39m([0m                                                                                  [36m│[0m
[36m│[0m [39m                [0m[33mpath[0m[39m=[0m[32m'cais/mmlu'[0m[39m,[0m                                                                                    [36m│[0m
[36m│[0m [39m                [0m[33msubset[0m[39m=[0m[32m'college_physics'[0m[39m,[0m                                                                            [36m│[0m
[36m│[0m [39m                [0m[33msplit[0m[39m=[0m[32m'test'[0m[39m,[0m                                                                                        [36m│[0m
[36m│[0m [39m                [0m[33msource_type[0m[39m=<SourceType.HF: [0m[32m'hf'[0m[39m>[0m                                                                    [36m│[0m
[36m│[0m [39m            [0m[1;39m)[0m[39m,[0m                                                                                                       [36m│[0m
[36m│[0m [39m            [0m[33mmetrics[0m[39m=[0m[1;39m([0m                                                                                                [36m│[0m
[36m│[0m [39m                [0m[1;35mLogprobPerCharMCAccuracyMetric[0m[1;39m([0m                                                                      [36m│[0m
[36m│[0m [39m                    [0m[33mname[0m[39m=[0m[32m'accuracy'[0m[39m,[0m                                                                                 [36m│[0m
[36m│[0m [39m                    [0m[33mscorer[0m[39m=<class [0m[32m'olmo_eval.common.scorers.base.LogprobScorer'[0m[39m>[0m                                     [36m│[0m
[36m│[0m [39m                [0m[1;39m)[0m[39m,[0m                                                                                                   [36m│[0m
[36m│[0m [39m            [0m[1;39m)[0m[39m,[0m                                                                                                       [36m│[0m
[36m│[0m [39m            [0m[33mnum_fewshot[0m[39m=[0m[1;36m5[0m[39m,[0m                                                                                           [36m│[0m
[36m│[0m [39m            [0m[33mfewshot_seed[0m[39m=[0m[1;36m42[0m[39m,[0m                                                                                         [36m│[0m
[36m│[0m [39m            [0m[33mseed[0m[39m=[0m[1;36m42[0m[39m,[0m                                                                                                 [36m│[0m
[36m│[0m [39m            [0m[33msplit[0m[39m=<Split.TEST: [0m[32m'test'[0m[39m>,[0m                                                                              [36m│[0m
[36m│[0m [39m            [0m[33mprimary_metric[0m[39m=[0m[1;35mLogprobPerCharMCAccuracyMetric[0m[1;39m([0m                                                           [36m│[0m
[36m│[0m [39m                [0m[33mname[0m[39m=[0m[32m'accuracy'[0m[39m,[0m                                                                                     [36m│[0m
[36m│[0m [39m                [0m[33mscorer[0m[39m=<class [0m[32m'olmo_eval.common.scorers.base.LogprobScorer'[0m[39m>[0m                                         [36m│[0m
[36m│[0m [39m            [0m[1;39m)[0m[39m,[0m                                                                                                       [36m│[0m
[36m│[0m [39m            [0m[33msampling_params[0m[39m=[0m[1;35mSamplingParams[0m[1;39m([0m                                                                          [36m│[0m
[36m│[0m [39m                [0m[33mmax_tokens[0m[39m=[0m[1;36m1[0m[39m,[0m                                                                                        [36m│[0m
[36m│[0m [39m                [0m[33mtemperature[0m[39m=[0m[1;36m0[0m[1;36m.0[0m[39m,[0m                                                                                     [36m│[0m
[36m│[0m [39m                [0m[33mnum_samples[0m[39m=[0m[1;36m1[0m[39m,[0m                                                                                       [36m│[0m
[36m│[0m [39m                [0m[33mdo_sample[0m[39m=[0m[3;92mTrue[0m                                                                                       [36m│[0m
[36m│[0m [39m            [0m[1;39m)[0m[39m,[0m                                                                                                       [36m│[0m
[36m│[0m [39m            [0m[33moutput_score_aggregation[0m[39m=<OutputScoreAggregation.MAX: [0m[32m'max'[0m[39m>,[0m                                            [36m│[0m
[36m│[0m [39m            [0m[33msandbox_allocation_weight[0m[39m=[0m[1;36m1[0m[1;36m.0[0m                                                                            [36m│[0m
[36m│[0m [39m        [0m[1;39m)[0m[39m,[0m                                                                                                           [36m│[0m
[36m│[0m [39m        [0m[1;35mTaskConfig[0m[1;39m([0m                                                                                                  [36m│[0m
[36m│[0m [39m            [0m[33mname[0m[39m=[0m[32m'mmlu_computer_security:rc'[0m[39m,[0m                                                                        [36m│[0m
[36m│[0m [39m            [0m[33mdata_source[0m[39m=[0m[1;35mDataSource[0m[1;39m([0m                                                                                  [36m│[0m
[36m│[0m [39m                [0m[33mpath[0m[39m=[0m[32m'cais/mmlu'[0m[39m,[0m                                                                                    [36m│[0m
[36m│[0m [39m                [0m[33msubset[0m[39m=[0m[32m'computer_security'[0m[39m,[0m                                                                          [36m│[0m
[36m│[0m [39m                [0m[33msplit[0m[39m=[0m[32m'test'[0m[39m,[0m                                                                                        [36m│[0m
[36m│[0m [39m                [0m[33msource_type[0m[39m=<SourceType.HF: [0m[32m'hf'[0m[39m>[0m                                                                    [36m│[0m
[36m│[0m [39m            [0m[1;39m)[0m[39m,[0m                                                                                                       [36m│[0m
[36m│[0m [39m            [0m[33mmetrics[0m[39m=[0m[1;39m([0m                                                                                                [36m│[0m
[36m│[0m [39m                [0m[1;35mLogprobPerCharMCAccuracyMetric[0m[1;39m([0m                                                                      [36m│[0m
[36m│[0m [39m                    [0m[33mname[0m[39m=[0m[32m'accuracy'[0m[39m,[0m                                                                                 [36m│[0m
[36m│[0m [39m                    [0m[33mscorer[0m[39m=<class [0m[32m'olmo_eval.common.scorers.base.LogprobScorer'[0m[39m>[0m                                     [36m│[0m
[36m│[0m [39m                [0m[1;39m)[0m[39m,[0m                                                                                                   [36m│[0m
[36m│[0m [39m            [0m[1;39m)[0m[39m,[0m                                                                                                       [36m│[0m
[36m│[0m [39m            [0m[33mnum_fewshot[0m[39m=[0m[1;36m5[0m[39m,[0m                                                                                           [36m│[0m
[36m│[0m [39m            [0m[33mfewshot_seed[0m[39m=[0m[1;36m42[0m[39m,[0m                                                                                         [36m│[0m
[36m│[0m [39m            [0m[33mseed[0m[39m=[0m[1;36m42[0m[39m,[0m                                                                                                 [36m│[0m
[36m│[0m [39m            [0m[33msplit[0m[39m=<Split.TEST: [0m[32m'test'[0m[39m>,[0m                                                                              [36m│[0m
[36m│[0m [39m            [0m[33mprimary_metric[0m[39m=[0m[1;35mLogprobPerCharMCAccuracyMetric[0m[1;39m([0m                                                           [36m│[0m
[36m│[0m [39m                [0m[33mname[0m[39m=[0m[32m'accuracy'[0m[39m,[0m                                                                                     [36m│[0m
[36m│[0m [39m                [0m[33mscorer[0m[39m=<class [0m[32m'olmo_eval.common.scorers.base.LogprobScorer'[0m[39m>[0m                                         [36m│[0m
[36m│[0m [39m            [0m[1;39m)[0m[39m,[0m                                                                                                       [36m│[0m
[36m│[0m [39m            [0m[33msampling_params[0m[39m=[0m[1;35mSamplingParams[0m[1;39m([0m                                                                          [36m│[0m
[36m│[0m [39m                [0m[33mmax_tokens[0m[39m=[0m[1;36m1[0m[39m,[0m                                                                                        [36m│[0m
[36m│[0m [39m                [0m[33mtemperature[0m[39m=[0m[1;36m0[0m[1;36m.0[0m[39m,[0m                                                                                     [36m│[0m
[36m│[0m [39m                [0m[33mnum_samples[0m[39m=[0m[1;36m1[0m[39m,[0m                                                                                       [36m│[0m
[36m│[0m [39m                [0m[33mdo_sample[0m[39m=[0m[3;92mTrue[0m                                                                                       [36m│[0m
[36m│[0m [39m            [0m[1;39m)[0m[39m,[0m                                                                                                       [36m│[0m
[36m│[0m [39m            [0m[33moutput_score_aggregation[0m[39m=<OutputScoreAggregation.MAX: [0m[32m'max'[0m[39m>,[0m                                            [36m│[0m
[36m│[0m [39m            [0m[33msandbox_allocation_weight[0m[39m=[0m[1;36m1[0m[1;36m.0[0m                                                                            [36m│[0m
[36m│[0m [39m        [0m[1;39m)[0m[39m,[0m                                                                                                           [36m│[0m
[36m│[0m [39m        [0m[1;35mTaskConfig[0m[1;39m([0m                                                                                                  [36m│[0m
[36m│[0m [39m            [0m[33mname[0m[39m=[0m[32m'mmlu_conceptual_physics:rc'[0m[39m,[0m                                                                       [36m│[0m
[36m│[0m [39m            [0m[33mdata_source[0m[39m=[0m[1;35mDataSource[0m[1;39m([0m                                                                                  [36m│[0m
[36m│[0m [39m                [0m[33mpath[0m[39m=[0m[32m'cais/mmlu'[0m[39m,[0m                                                                                    [36m│[0m
[36m│[0m [39m                [0m[33msubset[0m[39m=[0m[32m'conceptual_physics'[0m[39m,[0m                                                                         [36m│[0m
[36m│[0m [39m                [0m[33msplit[0m[39m=[0m[32m'test'[0m[39m,[0m                                                                                        [36m│[0m
[36m│[0m [39m                [0m[33msource_type[0m[39m=<SourceType.HF: [0m[32m'hf'[0m[39m>[0m                                                                    [36m│[0m
[36m│[0m [39m            [0m[1;39m)[0m[39m,[0m                                                                                                       [36m│[0m
[36m│[0m [39m            [0m[33mmetrics[0m[39m=[0m[1;39m([0m                                                                                                [36m│[0m
[36m│[0m [39m                [0m[1;35mLogprobPerCharMCAccuracyMetric[0m[1;39m([0m                                                                      [36m│[0m
[36m│[0m [39m                    [0m[33mname[0m[39m=[0m[32m'accuracy'[0m[39m,[0m                                                                                 [36m│[0m
[36m│[0m [39m                    [0m[33mscorer[0m[39m=<class [0m[32m'olmo_eval.common.scorers.base.LogprobScorer'[0m[39m>[0m                                     [36m│[0m
[36m│[0m [39m                [0m[1;39m)[0m[39m,[0m                                                                                                   [36m│[0m
[36m│[0m [39m            [0m[1;39m)[0m[39m,[0m                                                                                                       [36m│[0m
[36m│[0m [39m            [0m[33mnum_fewshot[0m[39m=[0m[1;36m5[0m[39m,[0m                                                                                           [36m│[0m
[36m│[0m [39m            [0m[33mfewshot_seed[0m[39m=[0m[1;36m42[0m[39m,[0m                                                                                         [36m│[0m
[36m│[0m [39m            [0m[33mseed[0m[39m=[0m[1;36m42[0m[39m,[0m                                                                                                 [36m│[0m
[36m│[0m [39m            [0m[33msplit[0m[39m=<Split.TEST: [0m[32m'test'[0m[39m>,[0m                                                                              [36m│[0m
[36m│[0m [39m            [0m[33mprimary_metric[0m[39m=[0m[1;35mLogprobPerCharMCAccuracyMetric[0m[1;39m([0m                                                           [36m│[0m
[36m│[0m [39m                [0m[33mname[0m[39m=[0m[32m'accuracy'[0m[39m,[0m                                                                                     [36m│[0m
[36m│[0m [39m                [0m[33mscorer[0m[39m=<class [0m[32m'olmo_eval.common.scorers.base.LogprobScorer'[0m[39m>[0m                                         [36m│[0m
[36m│[0m [39m            [0m[1;39m)[0m[39m,[0m                                                                                                       [36m│[0m
[36m│[0m [39m            [0m[33msampling_params[0m[39m=[0m[1;35mSamplingParams[0m[1;39m([0m                                                                          [36m│[0m
[36m│[0m [39m                [0m[33mmax_tokens[0m[39m=[0m[1;36m1[0m[39m,[0m                                                                                        [36m│[0m
[36m│[0m [39m                [0m[33mtemperature[0m[39m=[0m[1;36m0[0m[1;36m.0[0m[39m,[0m                                                                                     [36m│[0m
[36m│[0m [39m                [0m[33mnum_samples[0m[39m=[0m[1;36m1[0m[39m,[0m                                                                                       [36m│[0m
[36m│[0m [39m                [0m[33mdo_sample[0m[39m=[0m[3;92mTrue[0m                                                                                       [36m│[0m
[36m│[0m [39m            [0m[1;39m)[0m[39m,[0m                                                                                                       [36m│[0m
[36m│[0m [39m            [0m[33moutput_score_aggregation[0m[39m=<OutputScoreAggregation.MAX: [0m[32m'max'[0m[39m>,[0m                                            [36m│[0m
[36m│[0m [39m            [0m[33msandbox_allocation_weight[0m[39m=[0m[1;36m1[0m[1;36m.0[0m                                                                            [36m│[0m
[36m│[0m [39m        [0m[1;39m)[0m[39m,[0m                                                                                                           [36m│[0m
[36m│[0m [39m        [0m[1;35mTaskConfig[0m[1;39m([0m                                                                                                  [36m│[0m
[36m│[0m [39m            [0m[33mname[0m[39m=[0m[32m'mmlu_electrical_engineering:rc'[0m[39m,[0m                                                                   [36m│[0m
[36m│[0m [39m            [0m[33mdata_source[0m[39m=[0m[1;35mDataSource[0m[1;39m([0m                                                                                  [36m│[0m
[36m│[0m [39m                [0m[33mpath[0m[39m=[0m[32m'cais/mmlu'[0m[39m,[0m                                                                                    [36m│[0m
[36m│[0m [39m                [0m[33msubset[0m[39m=[0m[32m'electrical_engineering'[0m[39m,[0m                                                                     [36m│[0m
[36m│[0m [39m                [0m[33msplit[0m[39m=[0m[32m'test'[0m[39m,[0m                                                                                        [36m│[0m
[36m│[0m [39m                [0m[33msource_type[0m[39m=<SourceType.HF: [0m[32m'hf'[0m[39m>[0m                                                                    [36m│[0m
[36m│[0m [39m            [0m[1;39m)[0m[39m,[0m                                                                                                       [36m│[0m
[36m│[0m [39m            [0m[33mmetrics[0m[39m=[0m[1;39m([0m                                                                                                [36m│[0m
[36m│[0m [39m                [0m[1;35mLogprobPerCharMCAccuracyMetric[0m[1;39m([0m                                                                      [36m│[0m
[36m│[0m [39m                    [0m[33mname[0m[39m=[0m[32m'accuracy'[0m[39m,[0m                                                                                 [36m│[0m
[36m│[0m [39m                    [0m[33mscorer[0m[39m=<class [0m[32m'olmo_eval.common.scorers.base.LogprobScorer'[0m[39m>[0m                                     [36m│[0m
[36m│[0m [39m                [0m[1;39m)[0m[39m,[0m                                                                                                   [36m│[0m
[36m│[0m [39m            [0m[1;39m)[0m[39m,[0m                                                                                                       [36m│[0m
[36m│[0m [39m            [0m[33mnum_fewshot[0m[39m=[0m[1;36m5[0m[39m,[0m                                                                                           [36m│[0m
[36m│[0m [39m            [0m[33mfewshot_seed[0m[39m=[0m[1;36m42[0m[39m,[0m                                                                                         [36m│[0m
[36m│[0m [39m            [0m[33mseed[0m[39m=[0m[1;36m42[0m[39m,[0m                                                                                                 [36m│[0m
[36m│[0m [39m            [0m[33msplit[0m[39m=<Split.TEST: [0m[32m'test'[0m[39m>,[0m                                                                              [36m│[0m
[36m│[0m [39m            [0m[33mprimary_metric[0m[39m=[0m[1;35mLogprobPerCharMCAccuracyMetric[0m[1;39m([0m                                                           [36m│[0m
[36m│[0m [39m                [0m[33mname[0m[39m=[0m[32m'accuracy'[0m[39m,[0m                                                                                     [36m│[0m
[36m│[0m [39m                [0m[33mscorer[0m[39m=<class [0m[32m'olmo_eval.common.scorers.base.LogprobScorer'[0m[39m>[0m                                         [36m│[0m
[36m│[0m [39m            [0m[1;39m)[0m[39m,[0m                                                                                                       [36m│[0m
[36m│[0m [39m            [0m[33msampling_params[0m[39m=[0m[1;35mSamplingParams[0m[1;39m([0m                                                                          [36m│[0m
[36m│[0m [39m                [0m[33mmax_tokens[0m[39m=[0m[1;36m1[0m[39m,[0m                                                                                        [36m│[0m
[36m│[0m [39m                [0m[33mtemperature[0m[39m=[0m[1;36m0[0m[1;36m.0[0m[39m,[0m                                                                                     [36m│[0m
[36m│[0m [39m                [0m[33mnum_samples[0m[39m=[0m[1;36m1[0m[39m,[0m                                                                                       [36m│[0m
[36m│[0m [39m                [0m[33mdo_sample[0m[39m=[0m[3;92mTrue[0m                                                                                       [36m│[0m
[36m│[0m [39m            [0m[1;39m)[0m[39m,[0m                                                                                                       [36m│[0m
[36m│[0m [39m            [0m[33moutput_score_aggregation[0m[39m=<OutputScoreAggregation.MAX: [0m[32m'max'[0m[39m>,[0m                                            [36m│[0m
[36m│[0m [39m            [0m[33msandbox_allocation_weight[0m[39m=[0m[1;36m1[0m[1;36m.0[0m                                                                            [36m│[0m
[36m│[0m [39m        [0m[1;39m)[0m[39m,[0m                                                                                                           [36m│[0m
[36m│[0m [39m        [0m[1;35mTaskConfig[0m[1;39m([0m                                                                                                  [36m│[0m
[36m│[0m [39m            [0m[33mname[0m[39m=[0m[32m'mmlu_elementary_mathematics:rc'[0m[39m,[0m                                                                   [36m│[0m
[36m│[0m [39m            [0m[33mdata_source[0m[39m=[0m[1;35mDataSource[0m[1;39m([0m                                                                                  [36m│[0m
[36m│[0m [39m                [0m[33mpath[0m[39m=[0m[32m'cais/mmlu'[0m[39m,[0m                                                                                    [36m│[0m
[36m│[0m [39m                [0m[33msubset[0m[39m=[0m[32m'elementary_mathematics'[0m[39m,[0m                                                                     [36m│[0m
[36m│[0m [39m                [0m[33msplit[0m[39m=[0m[32m'test'[0m[39m,[0m                                                                                        [36m│[0m
[36m│[0m [39m                [0m[33msource_type[0m[39m=<SourceType.HF: [0m[32m'hf'[0m[39m>[0m                                                                    [36m│[0m
[36m│[0m [39m            [0m[1;39m)[0m[39m,[0m                                                                                                       [36m│[0m
[36m│[0m [39m            [0m[33mmetrics[0m[39m=[0m[1;39m([0m                                                                                                [36m│[0m
[36m│[0m [39m                [0m[1;35mLogprobPerCharMCAccuracyMetric[0m[1;39m([0m                                                                      [36m│[0m
[36m│[0m [39m                    [0m[33mname[0m[39m=[0m[32m'accuracy'[0m[39m,[0m                                                                                 [36m│[0m
[36m│[0m [39m                    [0m[33mscorer[0m[39m=<class [0m[32m'olmo_eval.common.scorers.base.LogprobScorer'[0m[39m>[0m                                     [36m│[0m
[36m│[0m [39m                [0m[1;39m)[0m[39m,[0m                                                                                                   [36m│[0m
[36m│[0m [39m            [0m[1;39m)[0m[39m,[0m                                                                                                       [36m│[0m
[36m│[0m [39m            [0m[33mnum_fewshot[0m[39m=[0m[1;36m5[0m[39m,[0m                                                                                           [36m│[0m
[36m│[0m [39m            [0m[33mfewshot_seed[0m[39m=[0m[1;36m42[0m[39m,[0m                                                                                         [36m│[0m
[36m│[0m [39m            [0m[33mseed[0m[39m=[0m[1;36m42[0m[39m,[0m                                                                                                 [36m│[0m
[36m│[0m [39m            [0m[33msplit[0m[39m=<Split.TEST: [0m[32m'test'[0m[39m>,[0m                                                                              [36m│[0m
[36m│[0m [39m            [0m[33mprimary_metric[0m[39m=[0m[1;35mLogprobPerCharMCAccuracyMetric[0m[1;39m([0m                                                           [36m│[0m
[36m│[0m [39m                [0m[33mname[0m[39m=[0m[32m'accuracy'[0m[39m,[0m                                                                                     [36m│[0m
[36m│[0m [39m                [0m[33mscorer[0m[39m=<class [0m[32m'olmo_eval.common.scorers.base.LogprobScorer'[0m[39m>[0m                                         [36m│[0m
[36m│[0m [39m            [0m[1;39m)[0m[39m,[0m                                                                                                       [36m│[0m
[36m│[0m [39m            [0m[33msampling_params[0m[39m=[0m[1;35mSamplingParams[0m[1;39m([0m                                                                          [36m│[0m
[36m│[0m [39m                [0m[33mmax_tokens[0m[39m=[0m[1;36m1[0m[39m,[0m                                                                                        [36m│[0m
[36m│[0m [39m                [0m[33mtemperature[0m[39m=[0m[1;36m0[0m[1;36m.0[0m[39m,[0m                                                                                     [36m│[0m
[36m│[0m [39m                [0m[33mnum_samples[0m[39m=[0m[1;36m1[0m[39m,[0m                                                                                       [36m│[0m
[36m│[0m [39m                [0m[33mdo_sample[0m[39m=[0m[3;92mTrue[0m                                                                                       [36m│[0m
[36m│[0m [39m            [0m[1;39m)[0m[39m,[0m                                                                                                       [36m│[0m
[36m│[0m [39m            [0m[33moutput_score_aggregation[0m[39m=<OutputScoreAggregation.MAX: [0m[32m'max'[0m[39m>,[0m                                            [36m│[0m
[36m│[0m [39m            [0m[33msandbox_allocation_weight[0m[39m=[0m[1;36m1[0m[1;36m.0[0m                                                                            [36m│[0m
[36m│[0m [39m        [0m[1;39m)[0m[39m,[0m                                                                                                           [36m│[0m
[36m│[0m [39m        [0m[1;35mTaskConfig[0m[1;39m([0m                                                                                                  [36m│[0m
[36m│[0m [39m            [0m[33mname[0m[39m=[0m[32m'mmlu_high_school_biology:rc'[0m[39m,[0m                                                                      [36m│[0m
[36m│[0m [39m            [0m[33mdata_source[0m[39m=[0m[1;35mDataSource[0m[1;39m([0m                                                                                  [36m│[0m
[36m│[0m [39m                [0m[33mpath[0m[39m=[0m[32m'cais/mmlu'[0m[39m,[0m                                                                                    [36m│[0m
[36m│[0m [39m                [0m[33msubset[0m[39m=[0m[32m'high_school_biology'[0m[39m,[0m                                                                        [36m│[0m
[36m│[0m [39m                [0m[33msplit[0m[39m=[0m[32m'test'[0m[39m,[0m                                                                                        [36m│[0m
[36m│[0m [39m                [0m[33msource_type[0m[39m=<SourceType.HF: [0m[32m'hf'[0m[39m>[0m                                                                    [36m│[0m
[36m│[0m [39m            [0m[1;39m)[0m[39m,[0m                                                                                                       [36m│[0m
[36m│[0m [39m            [0m[33mmetrics[0m[39m=[0m[1;39m([0m                                                                                                [36m│[0m
[36m│[0m [39m                [0m[1;35mLogprobPerCharMCAccuracyMetric[0m[1;39m([0m                                                                      [36m│[0m
[36m│[0m [39m                    [0m[33mname[0m[39m=[0m[32m'accuracy'[0m[39m,[0m                                                                                 [36m│[0m
[36m│[0m [39m                    [0m[33mscorer[0m[39m=<class [0m[32m'olmo_eval.common.scorers.base.LogprobScorer'[0m[39m>[0m                                     [36m│[0m
[36m│[0m [39m                [0m[1;39m)[0m[39m,[0m                                                                                                   [36m│[0m
[36m│[0m [39m            [0m[1;39m)[0m[39m,[0m                                                                                                       [36m│[0m
[36m│[0m [39m            [0m[33mnum_fewshot[0m[39m=[0m[1;36m5[0m[39m,[0m                                                                                           [36m│[0m
[36m│[0m [39m            [0m[33mfewshot_seed[0m[39m=[0m[1;36m42[0m[39m,[0m                                                                                         [36m│[0m
[36m│[0m [39m            [0m[33mseed[0m[39m=[0m[1;36m42[0m[39m,[0m                                                                                                 [36m│[0m
[36m│[0m [39m            [0m[33msplit[0m[39m=<Split.TEST: [0m[32m'test'[0m[39m>,[0m                                                                              [36m│[0m
[36m│[0m [39m            [0m[33mprimary_metric[0m[39m=[0m[1;35mLogprobPerCharMCAccuracyMetric[0m[1;39m([0m                                                           [36m│[0m
[36m│[0m [39m                [0m[33mname[0m[39m=[0m[32m'accuracy'[0m[39m,[0m                                                                                     [36m│[0m
[36m│[0m [39m                [0m[33mscorer[0m[39m=<class [0m[32m'olmo_eval.common.scorers.base.LogprobScorer'[0m[39m>[0m                                         [36m│[0m
[36m│[0m [39m            [0m[1;39m)[0m[39m,[0m                                                                                                       [36m│[0m
[36m│[0m [39m            [0m[33msampling_params[0m[39m=[0m[1;35mSamplingParams[0m[1;39m([0m                                                                          [36m│[0m
[36m│[0m [39m                [0m[33mmax_tokens[0m[39m=[0m[1;36m1[0m[39m,[0m                                                                                        [36m│[0m
[36m│[0m [39m                [0m[33mtemperature[0m[39m=[0m[1;36m0[0m[1;36m.0[0m[39m,[0m                                                                                     [36m│[0m
[36m│[0m [39m                [0m[33mnum_samples[0m[39m=[0m[1;36m1[0m[39m,[0m                                                                                       [36m│[0m
[36m│[0m [39m                [0m[33mdo_sample[0m[39m=[0m[3;92mTrue[0m                                                                                       [36m│[0m
[36m│[0m [39m            [0m[1;39m)[0m[39m,[0m                                                                                                       [36m│[0m
[36m│[0m [39m            [0m[33moutput_score_aggregation[0m[39m=<OutputScoreAggregation.MAX: [0m[32m'max'[0m[39m>,[0m                                            [36m│[0m
[36m│[0m [39m            [0m[33msandbox_allocation_weight[0m[39m=[0m[1;36m1[0m[1;36m.0[0m                                                                            [36m│[0m
[36m│[0m [39m        [0m[1;39m)[0m[39m,[0m                                                                                                           [36m│[0m
[36m│[0m [39m        [0m[1;35mTaskConfig[0m[1;39m([0m                                                                                                  [36m│[0m
[36m│[0m [39m            [0m[33mname[0m[39m=[0m[32m'mmlu_high_school_chemistry:rc'[0m[39m,[0m                                                                    [36m│[0m
[36m│[0m [39m            [0m[33mdata_source[0m[39m=[0m[1;35mDataSource[0m[1;39m([0m                                                                                  [36m│[0m
[36m│[0m [39m                [0m[33mpath[0m[39m=[0m[32m'cais/mmlu'[0m[39m,[0m                                                                                    [36m│[0m
[36m│[0m [39m                [0m[33msubset[0m[39m=[0m[32m'high_school_chemistry'[0m[39m,[0m                                                                      [36m│[0m
[36m│[0m [39m                [0m[33msplit[0m[39m=[0m[32m'test'[0m[39m,[0m                                                                                        [36m│[0m
[36m│[0m [39m                [0m[33msource_type[0m[39m=<SourceType.HF: [0m[32m'hf'[0m[39m>[0m                                                                    [36m│[0m
[36m│[0m [39m            [0m[1;39m)[0m[39m,[0m                                                                                                       [36m│[0m
[36m│[0m [39m            [0m[33mmetrics[0m[39m=[0m[1;39m([0m                                                                                                [36m│[0m
[36m│[0m [39m                [0m[1;35mLogprobPerCharMCAccuracyMetric[0m[1;39m([0m                                                                      [36m│[0m
[36m│[0m [39m                    [0m[33mname[0m[39m=[0m[32m'accuracy'[0m[39m,[0m                                                                                 [36m│[0m
[36m│[0m [39m                    [0m[33mscorer[0m[39m=<class [0m[32m'olmo_eval.common.scorers.base.LogprobScorer'[0m[39m>[0m                                     [36m│[0m
[36m│[0m [39m                [0m[1;39m)[0m[39m,[0m                                                                                                   [36m│[0m
[36m│[0m [39m            [0m[1;39m)[0m[39m,[0m                                                                                                       [36m│[0m
[36m│[0m [39m            [0m[33mnum_fewshot[0m[39m=[0m[1;36m5[0m[39m,[0m                                                                                           [36m│[0m
[36m│[0m [39m            [0m[33mfewshot_seed[0m[39m=[0m[1;36m42[0m[39m,[0m                                                                                         [36m│[0m
[36m│[0m [39m            [0m[33mseed[0m[39m=[0m[1;36m42[0m[39m,[0m                                                                                                 [36m│[0m
[36m│[0m [39m            [0m[33msplit[0m[39m=<Split.TEST: [0m[32m'test'[0m[39m>,[0m                                                                              [36m│[0m
[36m│[0m [39m            [0m[33mprimary_metric[0m[39m=[0m[1;35mLogprobPerCharMCAccuracyMetric[0m[1;39m([0m                                                           [36m│[0m
[36m│[0m [39m                [0m[33mname[0m[39m=[0m[32m'accuracy'[0m[39m,[0m                                                                                     [36m│[0m
[36m│[0m [39m                [0m[33mscorer[0m[39m=<class [0m[32m'olmo_eval.common.scorers.base.LogprobScorer'[0m[39m>[0m                                         [36m│[0m
[36m│[0m [39m            [0m[1;39m)[0m[39m,[0m                                                                                                       [36m│[0m
[36m│[0m [39m            [0m[33msampling_params[0m[39m=[0m[1;35mSamplingParams[0m[1;39m([0m                                                                          [36m│[0m
[36m│[0m [39m                [0m[33mmax_tokens[0m[39m=[0m[1;36m1[0m[39m,[0m                                                                                        [36m│[0m
[36m│[0m [39m                [0m[33mtemperature[0m[39m=[0m[1;36m0[0m[1;36m.0[0m[39m,[0m                                                                                     [36m│[0m
[36m│[0m [39m                [0m[33mnum_samples[0m[39m=[0m[1;36m1[0m[39m,[0m                                                                                       [36m│[0m
[36m│[0m [39m                [0m[33mdo_sample[0m[39m=[0m[3;92mTrue[0m                                                                                       [36m│[0m
[36m│[0m [39m            [0m[1;39m)[0m[39m,[0m                                                                                                       [36m│[0m
[36m│[0m [39m            [0m[33moutput_score_aggregation[0m[39m=<OutputScoreAggregation.MAX: [0m[32m'max'[0m[39m>,[0m                                            [36m│[0m
[36m│[0m [39m            [0m[33msandbox_allocation_weight[0m[39m=[0m[1;36m1[0m[1;36m.0[0m                                                                            [36m│[0m
[36m│[0m [39m        [0m[1;39m)[0m[39m,[0m                                                                                                           [36m│[0m
[36m│[0m [39m        [0m[1;35mTaskConfig[0m[1;39m([0m                                                                                                  [36m│[0m
[36m│[0m [39m            [0m[33mname[0m[39m=[0m[32m'mmlu_high_school_computer_science:rc'[0m[39m,[0m                                                             [36m│[0m
[36m│[0m [39m            [0m[33mdata_source[0m[39m=[0m[1;35mDataSource[0m[1;39m([0m                                                                                  [36m│[0m
[36m│[0m [39m                [0m[33mpath[0m[39m=[0m[32m'cais/mmlu'[0m[39m,[0m                                                                                    [36m│[0m
[36m│[0m [39m                [0m[33msubset[0m[39m=[0m[32m'high_school_computer_science'[0m[39m,[0m                                                               [36m│[0m
[36m│[0m [39m                [0m[33msplit[0m[39m=[0m[32m'test'[0m[39m,[0m                                                                                        [36m│[0m
[36m│[0m [39m                [0m[33msource_type[0m[39m=<SourceType.HF: [0m[32m'hf'[0m[39m>[0m                                                                    [36m│[0m
[36m│[0m [39m            [0m[1;39m)[0m[39m,[0m                                                                                                       [36m│[0m
[36m│[0m [39m            [0m[33mmetrics[0m[39m=[0m[1;39m([0m                                                                                                [36m│[0m
[36m│[0m [39m                [0m[1;35mLogprobPerCharMCAccuracyMetric[0m[1;39m([0m                                                                      [36m│[0m
[36m│[0m [39m                    [0m[33mname[0m[39m=[0m[32m'accuracy'[0m[39m,[0m                                                                                 [36m│[0m
[36m│[0m [39m                    [0m[33mscorer[0m[39m=<class [0m[32m'olmo_eval.common.scorers.base.LogprobScorer'[0m[39m>[0m                                     [36m│[0m
[36m│[0m [39m                [0m[1;39m)[0m[39m,[0m                                                                                                   [36m│[0m
[36m│[0m [39m            [0m[1;39m)[0m[39m,[0m                                                                                                       [36m│[0m
[36m│[0m [39m            [0m[33mnum_fewshot[0m[39m=[0m[1;36m5[0m[39m,[0m                                                                                           [36m│[0m
[36m│[0m [39m            [0m[33mfewshot_seed[0m[39m=[0m[1;36m42[0m[39m,[0m                                                                                         [36m│[0m
[36m│[0m [39m            [0m[33mseed[0m[39m=[0m[1;36m42[0m[39m,[0m                                                                                                 [36m│[0m
[36m│[0m [39m            [0m[33msplit[0m[39m=<Split.TEST: [0m[32m'test'[0m[39m>,[0m                                                                              [36m│[0m
[36m│[0m [39m            [0m[33mprimary_metric[0m[39m=[0m[1;35mLogprobPerCharMCAccuracyMetric[0m[1;39m([0m                                                           [36m│[0m
[36m│[0m [39m                [0m[33mname[0m[39m=[0m[32m'accuracy'[0m[39m,[0m                                                                                     [36m│[0m
[36m│[0m [39m                [0m[33mscorer[0m[39m=<class [0m[32m'olmo_eval.common.scorers.base.LogprobScorer'[0m[39m>[0m                                         [36m│[0m
[36m│[0m [39m            [0m[1;39m)[0m[39m,[0m                                                                                                       [36m│[0m
[36m│[0m [39m            [0m[33msampling_params[0m[39m=[0m[1;35mSamplingParams[0m[1;39m([0m                                                                          [36m│[0m
[36m│[0m [39m                [0m[33mmax_tokens[0m[39m=[0m[1;36m1[0m[39m,[0m                                                                                        [36m│[0m
[36m│[0m [39m                [0m[33mtemperature[0m[39m=[0m[1;36m0[0m[1;36m.0[0m[39m,[0m                                                                                     [36m│[0m
[36m│[0m [39m                [0m[33mnum_samples[0m[39m=[0m[1;36m1[0m[39m,[0m                                                                                       [36m│[0m
[36m│[0m [39m                [0m[33mdo_sample[0m[39m=[0m[3;92mTrue[0m                                                                                       [36m│[0m
[36m│[0m [39m            [0m[1;39m)[0m[39m,[0m                                                                                                       [36m│[0m
[36m│[0m [39m            [0m[33moutput_score_aggregation[0m[39m=<OutputScoreAggregation.MAX: [0m[32m'max'[0m[39m>,[0m                                            [36m│[0m
[36m│[0m [39m            [0m[33msandbox_allocation_weight[0m[39m=[0m[1;36m1[0m[1;36m.0[0m                                                                            [36m│[0m
[36m│[0m [39m        [0m[1;39m)[0m[39m,[0m                                                                                                           [36m│[0m
[36m│[0m [39m        [0m[1;35mTaskConfig[0m[1;39m([0m                                                                                                  [36m│[0m
[36m│[0m [39m            [0m[33mname[0m[39m=[0m[32m'mmlu_high_school_mathematics:rc'[0m[39m,[0m                                                                  [36m│[0m
[36m│[0m [39m            [0m[33mdata_source[0m[39m=[0m[1;35mDataSource[0m[1;39m([0m                                                                                  [36m│[0m
[36m│[0m [39m                [0m[33mpath[0m[39m=[0m[32m'cais/mmlu'[0m[39m,[0m                                                                                    [36m│[0m
[36m│[0m [39m                [0m[33msubset[0m[39m=[0m[32m'high_school_mathematics'[0m[39m,[0m                                                                    [36m│[0m
[36m│[0m [39m                [0m[33msplit[0m[39m=[0m[32m'test'[0m[39m,[0m                                                                                        [36m│[0m
[36m│[0m [39m                [0m[33msource_type[0m[39m=<SourceType.HF: [0m[32m'hf'[0m[39m>[0m                                                                    [36m│[0m
[36m│[0m [39m            [0m[1;39m)[0m[39m,[0m                                                                                                       [36m│[0m
[36m│[0m [39m            [0m[33mmetrics[0m[39m=[0m[1;39m([0m                                                                                                [36m│[0m
[36m│[0m [39m                [0m[1;35mLogprobPerCharMCAccuracyMetric[0m[1;39m([0m                                                                      [36m│[0m
[36m│[0m [39m                    [0m[33mname[0m[39m=[0m[32m'accuracy'[0m[39m,[0m                                                                                 [36m│[0m
[36m│[0m [39m                    [0m[33mscorer[0m[39m=<class [0m[32m'olmo_eval.common.scorers.base.LogprobScorer'[0m[39m>[0m                                     [36m│[0m
[36m│[0m [39m                [0m[1;39m)[0m[39m,[0m                                                                                                   [36m│[0m
[36m│[0m [39m            [0m[1;39m)[0m[39m,[0m                                                                                                       [36m│[0m
[36m│[0m [39m            [0m[33mnum_fewshot[0m[39m=[0m[1;36m5[0m[39m,[0m                                                                                           [36m│[0m
[36m│[0m [39m            [0m[33mfewshot_seed[0m[39m=[0m[1;36m42[0m[39m,[0m                                                                                         [36m│[0m
[36m│[0m [39m            [0m[33mseed[0m[39m=[0m[1;36m42[0m[39m,[0m                                                                                                 [36m│[0m
[36m│[0m [39m            [0m[33msplit[0m[39m=<Split.TEST: [0m[32m'test'[0m[39m>,[0m                                                                              [36m│[0m
[36m│[0m [39m            [0m[33mprimary_metric[0m[39m=[0m[1;35mLogprobPerCharMCAccuracyMetric[0m[1;39m([0m                                                           [36m│[0m
[36m│[0m [39m                [0m[33mname[0m[39m=[0m[32m'accuracy'[0m[39m,[0m                                                                                     [36m│[0m
[36m│[0m [39m                [0m[33mscorer[0m[39m=<class [0m[32m'olmo_eval.common.scorers.base.LogprobScorer'[0m[39m>[0m                                         [36m│[0m
[36m│[0m [39m            [0m[1;39m)[0m[39m,[0m                                                                                                       [36m│[0m
[36m│[0m [39m            [0m[33msampling_params[0m[39m=[0m[1;35mSamplingParams[0m[1;39m([0m                                                                          [36m│[0m
[36m│[0m [39m                [0m[33mmax_tokens[0m[39m=[0m[1;36m1[0m[39m,[0m                                                                                        [36m│[0m
[36m│[0m [39m                [0m[33mtemperature[0m[39m=[0m[1;36m0[0m[1;36m.0[0m[39m,[0m                                                                                     [36m│[0m
[36m│[0m [39m                [0m[33mnum_samples[0m[39m=[0m[1;36m1[0m[39m,[0m                                                                                       [36m│[0m
[36m│[0m [39m                [0m[33mdo_sample[0m[39m=[0m[3;92mTrue[0m                                                                                       [36m│[0m
[36m│[0m [39m            [0m[1;39m)[0m[39m,[0m                                                                                                       [36m│[0m
[36m│[0m [39m            [0m[33moutput_score_aggregation[0m[39m=<OutputScoreAggregation.MAX: [0m[32m'max'[0m[39m>,[0m                                            [36m│[0m
[36m│[0m [39m            [0m[33msandbox_allocation_weight[0m[39m=[0m[1;36m1[0m[1;36m.0[0m                                                                            [36m│[0m
[36m│[0m [39m        [0m[1;39m)[0m[39m,[0m                                                                                                           [36m│[0m
[36m│[0m [39m        [0m[1;35mTaskConfig[0m[1;39m([0m                                                                                                  [36m│[0m
[36m│[0m [39m            [0m[33mname[0m[39m=[0m[32m'mmlu_high_school_physics:rc'[0m[39m,[0m                                                                      [36m│[0m
[36m│[0m [39m            [0m[33mdata_source[0m[39m=[0m[1;35mDataSource[0m[1;39m([0m                                                                                  [36m│[0m
[36m│[0m [39m                [0m[33mpath[0m[39m=[0m[32m'cais/mmlu'[0m[39m,[0m                                                                                    [36m│[0m
[36m│[0m [39m                [0m[33msubset[0m[39m=[0m[32m'high_school_physics'[0m[39m,[0m                                                                        [36m│[0m
[36m│[0m [39m                [0m[33msplit[0m[39m=[0m[32m'test'[0m[39m,[0m                                                                                        [36m│[0m
[36m│[0m [39m                [0m[33msource_type[0m[39m=<SourceType.HF: [0m[32m'hf'[0m[39m>[0m                                                                    [36m│[0m
[36m│[0m [39m            [0m[1;39m)[0m[39m,[0m                                                                                                       [36m│[0m
[36m│[0m [39m            [0m[33mmetrics[0m[39m=[0m[1;39m([0m                                                                                                [36m│[0m
[36m│[0m [39m                [0m[1;35mLogprobPerCharMCAccuracyMetric[0m[1;39m([0m                                                                      [36m│[0m
[36m│[0m [39m                    [0m[33mname[0m[39m=[0m[32m'accuracy'[0m[39m,[0m                                                                                 [36m│[0m
[36m│[0m [39m                    [0m[33mscorer[0m[39m=<class [0m[32m'olmo_eval.common.scorers.base.LogprobScorer'[0m[39m>[0m                                     [36m│[0m
[36m│[0m [39m                [0m[1;39m)[0m[39m,[0m                                                                                                   [36m│[0m
[36m│[0m [39m            [0m[1;39m)[0m[39m,[0m                                                                                                       [36m│[0m
[36m│[0m [39m            [0m[33mnum_fewshot[0m[39m=[0m[1;36m5[0m[39m,[0m                                                                                           [36m│[0m
[36m│[0m [39m            [0m[33mfewshot_seed[0m[39m=[0m[1;36m42[0m[39m,[0m                                                                                         [36m│[0m
[36m│[0m [39m            [0m[33mseed[0m[39m=[0m[1;36m42[0m[39m,[0m                                                                                                 [36m│[0m
[36m│[0m [39m            [0m[33msplit[0m[39m=<Split.TEST: [0m[32m'test'[0m[39m>,[0m                                                                              [36m│[0m
[36m│[0m [39m            [0m[33mprimary_metric[0m[39m=[0m[1;35mLogprobPerCharMCAccuracyMetric[0m[1;39m([0m                                                           [36m│[0m
[36m│[0m [39m                [0m[33mname[0m[39m=[0m[32m'accuracy'[0m[39m,[0m                                                                                     [36m│[0m
[36m│[0m [39m                [0m[33mscorer[0m[39m=<class [0m[32m'olmo_eval.common.scorers.base.LogprobScorer'[0m[39m>[0m                                         [36m│[0m
[36m│[0m [39m            [0m[1;39m)[0m[39m,[0m                                                                                                       [36m│[0m
[36m│[0m [39m            [0m[33msampling_params[0m[39m=[0m[1;35mSamplingParams[0m[1;39m([0m                                                                          [36m│[0m
[36m│[0m [39m                [0m[33mmax_tokens[0m[39m=[0m[1;36m1[0m[39m,[0m                                                                                        [36m│[0m
[36m│[0m [39m                [0m[33mtemperature[0m[39m=[0m[1;36m0[0m[1;36m.0[0m[39m,[0m                                                                                     [36m│[0m
[36m│[0m [39m                [0m[33mnum_samples[0m[39m=[0m[1;36m1[0m[39m,[0m                                                                                       [36m│[0m
[36m│[0m [39m                [0m[33mdo_sample[0m[39m=[0m[3;92mTrue[0m                                                                                       [36m│[0m
[36m│[0m [39m            [0m[1;39m)[0m[39m,[0m                                                                                                       [36m│[0m
[36m│[0m [39m            [0m[33moutput_score_aggregation[0m[39m=<OutputScoreAggregation.MAX: [0m[32m'max'[0m[39m>,[0m                                            [36m│[0m
[36m│[0m [39m            [0m[33msandbox_allocation_weight[0m[39m=[0m[1;36m1[0m[1;36m.0[0m                                                                            [36m│[0m
[36m│[0m [39m        [0m[1;39m)[0m[39m,[0m                                                                                                           [36m│[0m
[36m│[0m [39m        [0m[1;35mTaskConfig[0m[1;39m([0m                                                                                                  [36m│[0m
[36m│[0m [39m            [0m[33mname[0m[39m=[0m[32m'mmlu_high_school_statistics:rc'[0m[39m,[0m                                                                   [36m│[0m
[36m│[0m [39m            [0m[33mdata_source[0m[39m=[0m[1;35mDataSource[0m[1;39m([0m                                                                                  [36m│[0m
[36m│[0m [39m                [0m[33mpath[0m[39m=[0m[32m'cais/mmlu'[0m[39m,[0m                                                                                    [36m│[0m
[36m│[0m [39m                [0m[33msubset[0m[39m=[0m[32m'high_school_statistics'[0m[39m,[0m                                                                     [36m│[0m
[36m│[0m [39m                [0m[33msplit[0m[39m=[0m[32m'test'[0m[39m,[0m                                                                                        [36m│[0m
[36m│[0m [39m                [0m[33msource_type[0m[39m=<SourceType.HF: [0m[32m'hf'[0m[39m>[0m                                                                    [36m│[0m
[36m│[0m [39m            [0m[1;39m)[0m[39m,[0m                                                                                                       [36m│[0m
[36m│[0m [39m            [0m[33mmetrics[0m[39m=[0m[1;39m([0m                                                                                                [36m│[0m
[36m│[0m [39m                [0m[1;35mLogprobPerCharMCAccuracyMetric[0m[1;39m([0m                                                                      [36m│[0m
[36m│[0m [39m                    [0m[33mname[0m[39m=[0m[32m'accuracy'[0m[39m,[0m                                                                                 [36m│[0m
[36m│[0m [39m                    [0m[33mscorer[0m[39m=<class [0m[32m'olmo_eval.common.scorers.base.LogprobScorer'[0m[39m>[0m                                     [36m│[0m
[36m│[0m [39m                [0m[1;39m)[0m[39m,[0m                                                                                                   [36m│[0m
[36m│[0m [39m            [0m[1;39m)[0m[39m,[0m                                                                                                       [36m│[0m
[36m│[0m [39m            [0m[33mnum_fewshot[0m[39m=[0m[1;36m5[0m[39m,[0m                                                                                           [36m│[0m
[36m│[0m [39m            [0m[33mfewshot_seed[0m[39m=[0m[1;36m42[0m[39m,[0m                                                                                         [36m│[0m
[36m│[0m [39m            [0m[33mseed[0m[39m=[0m[1;36m42[0m[39m,[0m                                                                                                 [36m│[0m
[36m│[0m [39m            [0m[33msplit[0m[39m=<Split.TEST: [0m[32m'test'[0m[39m>,[0m                                                                              [36m│[0m
[36m│[0m [39m            [0m[33mprimary_metric[0m[39m=[0m[1;35mLogprobPerCharMCAccuracyMetric[0m[1;39m([0m                                                           [36m│[0m
[36m│[0m [39m                [0m[33mname[0m[39m=[0m[32m'accuracy'[0m[39m,[0m                                                                                     [36m│[0m
[36m│[0m [39m                [0m[33mscorer[0m[39m=<class [0m[32m'olmo_eval.common.scorers.base.LogprobScorer'[0m[39m>[0m                                         [36m│[0m
[36m│[0m [39m            [0m[1;39m)[0m[39m,[0m                                                                                                       [36m│[0m
[36m│[0m [39m            [0m[33msampling_params[0m[39m=[0m[1;35mSamplingParams[0m[1;39m([0m                                                                          [36m│[0m
[36m│[0m [39m                [0m[33mmax_tokens[0m[39m=[0m[1;36m1[0m[39m,[0m                                                                                        [36m│[0m
[36m│[0m [39m                [0m[33mtemperature[0m[39m=[0m[1;36m0[0m[1;36m.0[0m[39m,[0m                                                                                     [36m│[0m
[36m│[0m [39m                [0m[33mnum_samples[0m[39m=[0m[1;36m1[0m[39m,[0m                                                                                       [36m│[0m
[36m│[0m [39m                [0m[33mdo_sample[0m[39m=[0m[3;92mTrue[0m                                                                                       [36m│[0m
[36m│[0m [39m            [0m[1;39m)[0m[39m,[0m                                                                                                       [36m│[0m
[36m│[0m [39m            [0m[33moutput_score_aggregation[0m[39m=<OutputScoreAggregation.MAX: [0m[32m'max'[0m[39m>,[0m                                            [36m│[0m
[36m│[0m [39m            [0m[33msandbox_allocation_weight[0m[39m=[0m[1;36m1[0m[1;36m.0[0m                                                                            [36m│[0m
[36m│[0m [39m        [0m[1;39m)[0m[39m,[0m                                                                                                           [36m│[0m
[36m│[0m [39m        [0m[1;35mTaskConfig[0m[1;39m([0m                                                                                                  [36m│[0m
[36m│[0m [39m            [0m[33mname[0m[39m=[0m[32m'mmlu_machine_learning:rc'[0m[39m,[0m                                                                         [36m│[0m
[36m│[0m [39m            [0m[33mdata_source[0m[39m=[0m[1;35mDataSource[0m[1;39m([0m                                                                                  [36m│[0m
[36m│[0m [39m                [0m[33mpath[0m[39m=[0m[32m'cais/mmlu'[0m[39m,[0m                                                                                    [36m│[0m
[36m│[0m [39m                [0m[33msubset[0m[39m=[0m[32m'machine_learning'[0m[39m,[0m                                                                           [36m│[0m
[36m│[0m [39m                [0m[33msplit[0m[39m=[0m[32m'test'[0m[39m,[0m                                                                                        [36m│[0m
[36m│[0m [39m                [0m[33msource_type[0m[39m=<SourceType.HF: [0m[32m'hf'[0m[39m>[0m                                                                    [36m│[0m
[36m│[0m [39m            [0m[1;39m)[0m[39m,[0m                                                                                                       [36m│[0m
[36m│[0m [39m            [0m[33mmetrics[0m[39m=[0m[1;39m([0m                                                                                                [36m│[0m
[36m│[0m [39m                [0m[1;35mLogprobPerCharMCAccuracyMetric[0m[1;39m([0m                                                                      [36m│[0m
[36m│[0m [39m                    [0m[33mname[0m[39m=[0m[32m'accuracy'[0m[39m,[0m                                                                                 [36m│[0m
[36m│[0m [39m                    [0m[33mscorer[0m[39m=<class [0m[32m'olmo_eval.common.scorers.base.LogprobScorer'[0m[39m>[0m                                     [36m│[0m
[36m│[0m [39m                [0m[1;39m)[0m[39m,[0m                                                                                                   [36m│[0m
[36m│[0m [39m            [0m[1;39m)[0m[39m,[0m                                                                                                       [36m│[0m
[36m│[0m [39m            [0m[33mnum_fewshot[0m[39m=[0m[1;36m5[0m[39m,[0m                                                                                           [36m│[0m
[36m│[0m [39m            [0m[33mfewshot_seed[0m[39m=[0m[1;36m42[0m[39m,[0m                                                                                         [36m│[0m
[36m│[0m [39m            [0m[33mseed[0m[39m=[0m[1;36m42[0m[39m,[0m                                                                                                 [36m│[0m
[36m│[0m [39m            [0m[33msplit[0m[39m=<Split.TEST: [0m[32m'test'[0m[39m>,[0m                                                                              [36m│[0m
[36m│[0m [39m            [0m[33mprimary_metric[0m[39m=[0m[1;35mLogprobPerCharMCAccuracyMetric[0m[1;39m([0m                                                           [36m│[0m
[36m│[0m [39m                [0m[33mname[0m[39m=[0m[32m'accuracy'[0m[39m,[0m                                                                                     [36m│[0m
[36m│[0m [39m                [0m[33mscorer[0m[39m=<class [0m[32m'olmo_eval.common.scorers.base.LogprobScorer'[0m[39m>[0m                                         [36m│[0m
[36m│[0m [39m            [0m[1;39m)[0m[39m,[0m                                                                                                       [36m│[0m
[36m│[0m [39m            [0m[33msampling_params[0m[39m=[0m[1;35mSamplingParams[0m[1;39m([0m                                                                          [36m│[0m
[36m│[0m [39m                [0m[33mmax_tokens[0m[39m=[0m[1;36m1[0m[39m,[0m                                                                                        [36m│[0m
[36m│[0m [39m                [0m[33mtemperature[0m[39m=[0m[1;36m0[0m[1;36m.0[0m[39m,[0m                                                                                     [36m│[0m
[36m│[0m [39m                [0m[33mnum_samples[0m[39m=[0m[1;36m1[0m[39m,[0m                                                                                       [36m│[0m
[36m│[0m [39m                [0m[33mdo_sample[0m[39m=[0m[3;92mTrue[0m                                                                                       [36m│[0m
[36m│[0m [39m            [0m[1;39m)[0m[39m,[0m                                                                                                       [36m│[0m
[36m│[0m [39m            [0m[33moutput_score_aggregation[0m[39m=<OutputScoreAggregation.MAX: [0m[32m'max'[0m[39m>,[0m                                            [36m│[0m
[36m│[0m [39m            [0m[33msandbox_allocation_weight[0m[39m=[0m[1;36m1[0m[1;36m.0[0m                                                                            [36m│[0m
[36m│[0m [39m        [0m[1;39m)[0m[39m,[0m                                                                                                           [36m│[0m
[36m│[0m [39m        [0m[1;35mTaskConfig[0m[1;39m([0m                                                                                                  [36m│[0m
[36m│[0m [39m            [0m[33mname[0m[39m=[0m[32m'mmlu_formal_logic:rc'[0m[39m,[0m                                                                             [36m│[0m
[36m│[0m [39m            [0m[33mdata_source[0m[39m=[0m[1;35mDataSource[0m[1;39m([0m                                                                                  [36m│[0m
[36m│[0m [39m                [0m[33mpath[0m[39m=[0m[32m'cais/mmlu'[0m[39m,[0m                                                                                    [36m│[0m
[36m│[0m [39m                [0m[33msubset[0m[39m=[0m[32m'formal_logic'[0m[39m,[0m                                                                               [36m│[0m
[36m│[0m [39m                [0m[33msplit[0m[39m=[0m[32m'test'[0m[39m,[0m                                                                                        [36m│[0m
[36m│[0m [39m                [0m[33msource_type[0m[39m=<SourceType.HF: [0m[32m'hf'[0m[39m>[0m                                                                    [36m│[0m
[36m│[0m [39m            [0m[1;39m)[0m[39m,[0m                                                                                                       [36m│[0m
[36m│[0m [39m            [0m[33mmetrics[0m[39m=[0m[1;39m([0m                                                                                                [36m│[0m
[36m│[0m [39m                [0m[1;35mLogprobPerCharMCAccuracyMetric[0m[1;39m([0m                                                                      [36m│[0m
[36m│[0m [39m                    [0m[33mname[0m[39m=[0m[32m'accuracy'[0m[39m,[0m                                                                                 [36m│[0m
[36m│[0m [39m                    [0m[33mscorer[0m[39m=<class [0m[32m'olmo_eval.common.scorers.base.LogprobScorer'[0m[39m>[0m                                     [36m│[0m
[36m│[0m [39m                [0m[1;39m)[0m[39m,[0m                                                                                                   [36m│[0m
[36m│[0m [39m            [0m[1;39m)[0m[39m,[0m                                                                                                       [36m│[0m
[36m│[0m [39m            [0m[33mnum_fewshot[0m[39m=[0m[1;36m5[0m[39m,[0m                                                                                           [36m│[0m
[36m│[0m [39m            [0m[33mfewshot_seed[0m[39m=[0m[1;36m42[0m[39m,[0m                                                                                         [36m│[0m
[36m│[0m [39m            [0m[33mseed[0m[39m=[0m[1;36m42[0m[39m,[0m                                                                                                 [36m│[0m
[36m│[0m [39m            [0m[33msplit[0m[39m=<Split.TEST: [0m[32m'test'[0m[39m>,[0m                                                                              [36m│[0m
[36m│[0m [39m            [0m[33mprimary_metric[0m[39m=[0m[1;35mLogprobPerCharMCAccuracyMetric[0m[1;39m([0m                                                           [36m│[0m
[36m│[0m [39m                [0m[33mname[0m[39m=[0m[32m'accuracy'[0m[39m,[0m                                                                                     [36m│[0m
[36m│[0m [39m                [0m[33mscorer[0m[39m=<class [0m[32m'olmo_eval.common.scorers.base.LogprobScorer'[0m[39m>[0m                                         [36m│[0m
[36m│[0m [39m            [0m[1;39m)[0m[39m,[0m                                                                                                       [36m│[0m
[36m│[0m [39m            [0m[33msampling_params[0m[39m=[0m[1;35mSamplingParams[0m[1;39m([0m                                                                          [36m│[0m
[36m│[0m [39m                [0m[33mmax_tokens[0m[39m=[0m[1;36m1[0m[39m,[0m                                                                                        [36m│[0m
[36m│[0m [39m                [0m[33mtemperature[0m[39m=[0m[1;36m0[0m[1;36m.0[0m[39m,[0m                                                                                     [36m│[0m
[36m│[0m [39m                [0m[33mnum_samples[0m[39m=[0m[1;36m1[0m[39m,[0m                                                                                       [36m│[0m
[36m│[0m [39m                [0m[33mdo_sample[0m[39m=[0m[3;92mTrue[0m                                                                                       [36m│[0m
[36m│[0m [39m            [0m[1;39m)[0m[39m,[0m                                                                                                       [36m│[0m
[36m│[0m [39m            [0m[33moutput_score_aggregation[0m[39m=<OutputScoreAggregation.MAX: [0m[32m'max'[0m[39m>,[0m                                            [36m│[0m
[36m│[0m [39m            [0m[33msandbox_allocation_weight[0m[39m=[0m[1;36m1[0m[1;36m.0[0m                                                                            [36m│[0m
[36m│[0m [39m        [0m[1;39m)[0m[39m,[0m                                                                                                           [36m│[0m
[36m│[0m [39m        [0m[1;35mTaskConfig[0m[1;39m([0m                                                                                                  [36m│[0m
[36m│[0m [39m            [0m[33mname[0m[39m=[0m[32m'mmlu_high_school_european_history:rc'[0m[39m,[0m                                                             [36m│[0m
[36m│[0m [39m            [0m[33mdata_source[0m[39m=[0m[1;35mDataSource[0m[1;39m([0m                                                                                  [36m│[0m
[36m│[0m [39m                [0m[33mpath[0m[39m=[0m[32m'cais/mmlu'[0m[39m,[0m                                                                                    [36m│[0m
[36m│[0m [39m                [0m[33msubset[0m[39m=[0m[32m'high_school_european_history'[0m[39m,[0m                                                               [36m│[0m
[36m│[0m [39m                [0m[33msplit[0m[39m=[0m[32m'test'[0m[39m,[0m                                                                                        [36m│[0m
[36m│[0m [39m                [0m[33msource_type[0m[39m=<SourceType.HF: [0m[32m'hf'[0m[39m>[0m                                                                    [36m│[0m
[36m│[0m [39m            [0m[1;39m)[0m[39m,[0m                                                                                                       [36m│[0m
[36m│[0m [39m            [0m[33mmetrics[0m[39m=[0m[1;39m([0m                                                                                                [36m│[0m
[36m│[0m [39m                [0m[1;35mLogprobPerCharMCAccuracyMetric[0m[1;39m([0m                                                                      [36m│[0m
[36m│[0m [39m                    [0m[33mname[0m[39m=[0m[32m'accuracy'[0m[39m,[0m                                                                                 [36m│[0m
[36m│[0m [39m                    [0m[33mscorer[0m[39m=<class [0m[32m'olmo_eval.common.scorers.base.LogprobScorer'[0m[39m>[0m                                     [36m│[0m
[36m│[0m [39m                [0m[1;39m)[0m[39m,[0m                                                                                                   [36m│[0m
[36m│[0m [39m            [0m[1;39m)[0m[39m,[0m                                                                                                       [36m│[0m
[36m│[0m [39m            [0m[33mnum_fewshot[0m[39m=[0m[1;36m5[0m[39m,[0m                                                                                           [36m│[0m
[36m│[0m [39m            [0m[33mfewshot_seed[0m[39m=[0m[1;36m42[0m[39m,[0m                                                                                         [36m│[0m
[36m│[0m [39m            [0m[33mseed[0m[39m=[0m[1;36m42[0m[39m,[0m                                                                                                 [36m│[0m
[36m│[0m [39m            [0m[33msplit[0m[39m=<Split.TEST: [0m[32m'test'[0m[39m>,[0m                                                                              [36m│[0m
[36m│[0m [39m            [0m[33mprimary_metric[0m[39m=[0m[1;35mLogprobPerCharMCAccuracyMetric[0m[1;39m([0m                                                           [36m│[0m
[36m│[0m [39m                [0m[33mname[0m[39m=[0m[32m'accuracy'[0m[39m,[0m                                                                                     [36m│[0m
[36m│[0m [39m                [0m[33mscorer[0m[39m=<class [0m[32m'olmo_eval.common.scorers.base.LogprobScorer'[0m[39m>[0m                                         [36m│[0m
[36m│[0m [39m            [0m[1;39m)[0m[39m,[0m                                                                                                       [36m│[0m
[36m│[0m [39m            [0m[33msampling_params[0m[39m=[0m[1;35mSamplingParams[0m[1;39m([0m                                                                          [36m│[0m
[36m│[0m [39m                [0m[33mmax_tokens[0m[39m=[0m[1;36m1[0m[39m,[0m                                                                                        [36m│[0m
[36m│[0m [39m                [0m[33mtemperature[0m[39m=[0m[1;36m0[0m[1;36m.0[0m[39m,[0m                                                                                     [36m│[0m
[36m│[0m [39m                [0m[33mnum_samples[0m[39m=[0m[1;36m1[0m[39m,[0m                                                                                       [36m│[0m
[36m│[0m [39m                [0m[33mdo_sample[0m[39m=[0m[3;92mTrue[0m                                                                                       [36m│[0m
[36m│[0m [39m            [0m[1;39m)[0m[39m,[0m                                                                                                       [36m│[0m
[36m│[0m [39m            [0m[33moutput_score_aggregation[0m[39m=<OutputScoreAggregation.MAX: [0m[32m'max'[0m[39m>,[0m                                            [36m│[0m
[36m│[0m [39m            [0m[33msandbox_allocation_weight[0m[39m=[0m[1;36m1[0m[1;36m.0[0m                                                                            [36m│[0m
[36m│[0m [39m        [0m[1;39m)[0m[39m,[0m                                                                                                           [36m│[0m
[36m│[0m [39m        [0m[1;35mTaskConfig[0m[1;39m([0m                                                                                                  [36m│[0m
[36m│[0m [39m            [0m[33mname[0m[39m=[0m[32m'mmlu_high_school_us_history:rc'[0m[39m,[0m                                                                   [36m│[0m
[36m│[0m [39m            [0m[33mdata_source[0m[39m=[0m[1;35mDataSource[0m[1;39m([0m                                                                                  [36m│[0m
[36m│[0m [39m                [0m[33mpath[0m[39m=[0m[32m'cais/mmlu'[0m[39m,[0m                                                                                    [36m│[0m
[36m│[0m [39m                [0m[33msubset[0m[39m=[0m[32m'high_school_us_history'[0m[39m,[0m                                                                     [36m│[0m
[36m│[0m [39m                [0m[33msplit[0m[39m=[0m[32m'test'[0m[39m,[0m                                                                                        [36m│[0m
[36m│[0m [39m                [0m[33msource_type[0m[39m=<SourceType.HF: [0m[32m'hf'[0m[39m>[0m                                                                    [36m│[0m
[36m│[0m [39m            [0m[1;39m)[0m[39m,[0m                                                                                                       [36m│[0m
[36m│[0m [39m            [0m[33mmetrics[0m[39m=[0m[1;39m([0m                                                                                                [36m│[0m
[36m│[0m [39m                [0m[1;35mLogprobPerCharMCAccuracyMetric[0m[1;39m([0m                                                                      [36m│[0m
[36m│[0m [39m                    [0m[33mname[0m[39m=[0m[32m'accuracy'[0m[39m,[0m                                                                                 [36m│[0m
[36m│[0m [39m                    [0m[33mscorer[0m[39m=<class [0m[32m'olmo_eval.common.scorers.base.LogprobScorer'[0m[39m>[0m                                     [36m│[0m
[36m│[0m [39m                [0m[1;39m)[0m[39m,[0m                                                                                                   [36m│[0m
[36m│[0m [39m            [0m[1;39m)[0m[39m,[0m                                                                                                       [36m│[0m
[36m│[0m [39m            [0m[33mnum_fewshot[0m[39m=[0m[1;36m5[0m[39m,[0m                                                                                           [36m│[0m
[36m│[0m [39m            [0m[33mfewshot_seed[0m[39m=[0m[1;36m42[0m[39m,[0m                                                                                         [36m│[0m
[36m│[0m [39m            [0m[33mseed[0m[39m=[0m[1;36m42[0m[39m,[0m                                                                                                 [36m│[0m
[36m│[0m [39m            [0m[33msplit[0m[39m=<Split.TEST: [0m[32m'test'[0m[39m>,[0m                                                                              [36m│[0m
[36m│[0m [39m            [0m[33mprimary_metric[0m[39m=[0m[1;35mLogprobPerCharMCAccuracyMetric[0m[1;39m([0m                                                           [36m│[0m
[36m│[0m [39m                [0m[33mname[0m[39m=[0m[32m'accuracy'[0m[39m,[0m                                                                                     [36m│[0m
[36m│[0m [39m                [0m[33mscorer[0m[39m=<class [0m[32m'olmo_eval.common.scorers.base.LogprobScorer'[0m[39m>[0m                                         [36m│[0m
[36m│[0m [39m            [0m[1;39m)[0m[39m,[0m                                                                                                       [36m│[0m
[36m│[0m [39m            [0m[33msampling_params[0m[39m=[0m[1;35mSamplingParams[0m[1;39m([0m                                                                          [36m│[0m
[36m│[0m [39m                [0m[33mmax_tokens[0m[39m=[0m[1;36m1[0m[39m,[0m                                                                                        [36m│[0m
[36m│[0m [39m                [0m[33mtemperature[0m[39m=[0m[1;36m0[0m[1;36m.0[0m[39m,[0m                                                                                     [36m│[0m
[36m│[0m [39m                [0m[33mnum_samples[0m[39m=[0m[1;36m1[0m[39m,[0m                                                                                       [36m│[0m
[36m│[0m [39m                [0m[33mdo_sample[0m[39m=[0m[3;92mTrue[0m                                                                                       [36m│[0m
[36m│[0m [39m            [0m[1;39m)[0m[39m,[0m                                                                                                       [36m│[0m
[36m│[0m [39m            [0m[33moutput_score_aggregation[0m[39m=<OutputScoreAggregation.MAX: [0m[32m'max'[0m[39m>,[0m                                            [36m│[0m
[36m│[0m [39m            [0m[33msandbox_allocation_weight[0m[39m=[0m[1;36m1[0m[1;36m.0[0m                                                                            [36m│[0m
[36m│[0m [39m        [0m[1;39m)[0m[39m,[0m                                                                                                           [36m│[0m
[36m│[0m [39m        [0m[1;35mTaskConfig[0m[1;39m([0m                                                                                                  [36m│[0m
[36m│[0m [39m            [0m[33mname[0m[39m=[0m[32m'mmlu_high_school_world_history:rc'[0m[39m,[0m                                                                [36m│[0m
[36m│[0m [39m            [0m[33mdata_source[0m[39m=[0m[1;35mDataSource[0m[1;39m([0m                                                                                  [36m│[0m
[36m│[0m [39m                [0m[33mpath[0m[39m=[0m[32m'cais/mmlu'[0m[39m,[0m                                                                                    [36m│[0m
[36m│[0m [39m                [0m[33msubset[0m[39m=[0m[32m'high_school_world_history'[0m[39m,[0m                                                                  [36m│[0m
[36m│[0m [39m                [0m[33msplit[0m[39m=[0m[32m'test'[0m[39m,[0m                                                                                        [36m│[0m
[36m│[0m [39m                [0m[33msource_type[0m[39m=<SourceType.HF: [0m[32m'hf'[0m[39m>[0m                                                                    [36m│[0m
[36m│[0m [39m            [0m[1;39m)[0m[39m,[0m                                                                                                       [36m│[0m
[36m│[0m [39m            [0m[33mmetrics[0m[39m=[0m[1;39m([0m                                                                                                [36m│[0m
[36m│[0m [39m                [0m[1;35mLogprobPerCharMCAccuracyMetric[0m[1;39m([0m                                                                      [36m│[0m
[36m│[0m [39m                    [0m[33mname[0m[39m=[0m[32m'accuracy'[0m[39m,[0m                                                                                 [36m│[0m
[36m│[0m [39m                    [0m[33mscorer[0m[39m=<class [0m[32m'olmo_eval.common.scorers.base.LogprobScorer'[0m[39m>[0m                                     [36m│[0m
[36m│[0m [39m                [0m[1;39m)[0m[39m,[0m                                                                                                   [36m│[0m
[36m│[0m [39m            [0m[1;39m)[0m[39m,[0m                                                                                                       [36m│[0m
[36m│[0m [39m            [0m[33mnum_fewshot[0m[39m=[0m[1;36m5[0m[39m,[0m                                                                                           [36m│[0m
[36m│[0m [39m            [0m[33mfewshot_seed[0m[39m=[0m[1;36m42[0m[39m,[0m                                                                                         [36m│[0m
[36m│[0m [39m            [0m[33mseed[0m[39m=[0m[1;36m42[0m[39m,[0m                                                                                                 [36m│[0m
[36m│[0m [39m            [0m[33msplit[0m[39m=<Split.TEST: [0m[32m'test'[0m[39m>,[0m                                                                              [36m│[0m
[36m│[0m [39m            [0m[33mprimary_metric[0m[39m=[0m[1;35mLogprobPerCharMCAccuracyMetric[0m[1;39m([0m                                                           [36m│[0m
[36m│[0m [39m                [0m[33mname[0m[39m=[0m[32m'accuracy'[0m[39m,[0m                                                                                     [36m│[0m
[36m│[0m [39m                [0m[33mscorer[0m[39m=<class [0m[32m'olmo_eval.common.scorers.base.LogprobScorer'[0m[39m>[0m                                         [36m│[0m
[36m│[0m [39m            [0m[1;39m)[0m[39m,[0m                                                                                                       [36m│[0m
[36m│[0m [39m            [0m[33msampling_params[0m[39m=[0m[1;35mSamplingParams[0m[1;39m([0m                                                                          [36m│[0m
[36m│[0m [39m                [0m[33mmax_tokens[0m[39m=[0m[1;36m1[0m[39m,[0m                                                                                        [36m│[0m
[36m│[0m [39m                [0m[33mtemperature[0m[39m=[0m[1;36m0[0m[1;36m.0[0m[39m,[0m                                                                                     [36m│[0m
[36m│[0m [39m                [0m[33mnum_samples[0m[39m=[0m[1;36m1[0m[39m,[0m                                                                                       [36m│[0m
[36m│[0m [39m                [0m[33mdo_sample[0m[39m=[0m[3;92mTrue[0m                                                                                       [36m│[0m
[36m│[0m [39m            [0m[1;39m)[0m[39m,[0m                                                                                                       [36m│[0m
[36m│[0m [39m            [0m[33moutput_score_aggregation[0m[39m=<OutputScoreAggregation.MAX: [0m[32m'max'[0m[39m>,[0m                                            [36m│[0m
[36m│[0m [39m            [0m[33msandbox_allocation_weight[0m[39m=[0m[1;36m1[0m[1;36m.0[0m                                                                            [36m│[0m
[36m│[0m [39m        [0m[1;39m)[0m[39m,[0m                                                                                                           [36m│[0m
[36m│[0m [39m        [0m[1;35mTaskConfig[0m[1;39m([0m                                                                                                  [36m│[0m
[36m│[0m [39m            [0m[33mname[0m[39m=[0m[32m'mmlu_international_law:rc'[0m[39m,[0m                                                                        [36m│[0m
[36m│[0m [39m            [0m[33mdata_source[0m[39m=[0m[1;35mDataSource[0m[1;39m([0m                                                                                  [36m│[0m
[36m│[0m [39m                [0m[33mpath[0m[39m=[0m[32m'cais/mmlu'[0m[39m,[0m                                                                                    [36m│[0m
[36m│[0m [39m                [0m[33msubset[0m[39m=[0m[32m'international_law'[0m[39m,[0m                                                                          [36m│[0m
[36m│[0m [39m                [0m[33msplit[0m[39m=[0m[32m'test'[0m[39m,[0m                                                                                        [36m│[0m
[36m│[0m [39m                [0m[33msource_type[0m[39m=<SourceType.HF: [0m[32m'hf'[0m[39m>[0m                                                                    [36m│[0m
[36m│[0m [39m            [0m[1;39m)[0m[39m,[0m                                                                                                       [36m│[0m
[36m│[0m [39m            [0m[33mmetrics[0m[39m=[0m[1;39m([0m                                                                                                [36m│[0m
[36m│[0m [39m                [0m[1;35mLogprobPerCharMCAccuracyMetric[0m[1;39m([0m                                                                      [36m│[0m
[36m│[0m [39m                    [0m[33mname[0m[39m=[0m[32m'accuracy'[0m[39m,[0m                                                                                 [36m│[0m
[36m│[0m [39m                    [0m[33mscorer[0m[39m=<class [0m[32m'olmo_eval.common.scorers.base.LogprobScorer'[0m[39m>[0m                                     [36m│[0m
[36m│[0m [39m                [0m[1;39m)[0m[39m,[0m                                                                                                   [36m│[0m
[36m│[0m [39m            [0m[1;39m)[0m[39m,[0m                                                                                                       [36m│[0m
[36m│[0m [39m            [0m[33mnum_fewshot[0m[39m=[0m[1;36m5[0m[39m,[0m                                                                                           [36m│[0m
[36m│[0m [39m            [0m[33mfewshot_seed[0m[39m=[0m[1;36m42[0m[39m,[0m                                                                                         [36m│[0m
[36m│[0m [39m            [0m[33mseed[0m[39m=[0m[1;36m42[0m[39m,[0m                                                                                                 [36m│[0m
[36m│[0m [39m            [0m[33msplit[0m[39m=<Split.TEST: [0m[32m'test'[0m[39m>,[0m                                                                              [36m│[0m
[36m│[0m [39m            [0m[33mprimary_metric[0m[39m=[0m[1;35mLogprobPerCharMCAccuracyMetric[0m[1;39m([0m                                                           [36m│[0m
[36m│[0m [39m                [0m[33mname[0m[39m=[0m[32m'accuracy'[0m[39m,[0m                                                                                     [36m│[0m
[36m│[0m [39m                [0m[33mscorer[0m[39m=<class [0m[32m'olmo_eval.common.scorers.base.LogprobScorer'[0m[39m>[0m                                         [36m│[0m
[36m│[0m [39m            [0m[1;39m)[0m[39m,[0m                                                                                                       [36m│[0m
[36m│[0m [39m            [0m[33msampling_params[0m[39m=[0m[1;35mSamplingParams[0m[1;39m([0m                                                                          [36m│[0m
[36m│[0m [39m                [0m[33mmax_tokens[0m[39m=[0m[1;36m1[0m[39m,[0m                                                                                        [36m│[0m
[36m│[0m [39m                [0m[33mtemperature[0m[39m=[0m[1;36m0[0m[1;36m.0[0m[39m,[0m                                                                                     [36m│[0m
[36m│[0m [39m                [0m[33mnum_samples[0m[39m=[0m[1;36m1[0m[39m,[0m                                                                                       [36m│[0m
[36m│[0m [39m                [0m[33mdo_sample[0m[39m=[0m[3;92mTrue[0m                                                                                       [36m│[0m
[36m│[0m [39m            [0m[1;39m)[0m[39m,[0m                                                                                                       [36m│[0m
[36m│[0m [39m            [0m[33moutput_score_aggregation[0m[39m=<OutputScoreAggregation.MAX: [0m[32m'max'[0m[39m>,[0m                                            [36m│[0m
[36m│[0m [39m            [0m[33msandbox_allocation_weight[0m[39m=[0m[1;36m1[0m[1;36m.0[0m                                                                            [36m│[0m
[36m│[0m [39m        [0m[1;39m)[0m[39m,[0m                                                                                                           [36m│[0m
[36m│[0m [39m        [0m[1;35mTaskConfig[0m[1;39m([0m                                                                                                  [36m│[0m
[36m│[0m [39m            [0m[33mname[0m[39m=[0m[32m'mmlu_jurisprudence:rc'[0m[39m,[0m                                                                            [36m│[0m
[36m│[0m [39m            [0m[33mdata_source[0m[39m=[0m[1;35mDataSource[0m[1;39m([0m                                                                                  [36m│[0m
[36m│[0m [39m                [0m[33mpath[0m[39m=[0m[32m'cais/mmlu'[0m[39m,[0m                                                                                    [36m│[0m
[36m│[0m [39m                [0m[33msubset[0m[39m=[0m[32m'jurisprudence'[0m[39m,[0m                                                                              [36m│[0m
[36m│[0m [39m                [0m[33msplit[0m[39m=[0m[32m'test'[0m[39m,[0m                                                                                        [36m│[0m
[36m│[0m [39m                [0m[33msource_type[0m[39m=<SourceType.HF: [0m[32m'hf'[0m[39m>[0m                                                                    [36m│[0m
[36m│[0m [39m            [0m[1;39m)[0m[39m,[0m                                                                                                       [36m│[0m
[36m│[0m [39m            [0m[33mmetrics[0m[39m=[0m[1;39m([0m                                                                                                [36m│[0m
[36m│[0m [39m                [0m[1;35mLogprobPerCharMCAccuracyMetric[0m[1;39m([0m                                                                      [36m│[0m
[36m│[0m [39m                    [0m[33mname[0m[39m=[0m[32m'accuracy'[0m[39m,[0m                                                                                 [36m│[0m
[36m│[0m [39m                    [0m[33mscorer[0m[39m=<class [0m[32m'olmo_eval.common.scorers.base.LogprobScorer'[0m[39m>[0m                                     [36m│[0m
[36m│[0m [39m                [0m[1;39m)[0m[39m,[0m                                                                                                   [36m│[0m
[36m│[0m [39m            [0m[1;39m)[0m[39m,[0m                                                                                                       [36m│[0m
[36m│[0m [39m            [0m[33mnum_fewshot[0m[39m=[0m[1;36m5[0m[39m,[0m                                                                                           [36m│[0m
[36m│[0m [39m            [0m[33mfewshot_seed[0m[39m=[0m[1;36m42[0m[39m,[0m                                                                                         [36m│[0m
[36m│[0m [39m            [0m[33mseed[0m[39m=[0m[1;36m42[0m[39m,[0m                                                                                                 [36m│[0m
[36m│[0m [39m            [0m[33msplit[0m[39m=<Split.TEST: [0m[32m'test'[0m[39m>,[0m                                                                              [36m│[0m
[36m│[0m [39m            [0m[33mprimary_metric[0m[39m=[0m[1;35mLogprobPerCharMCAccuracyMetric[0m[1;39m([0m                                                           [36m│[0m
[36m│[0m [39m                [0m[33mname[0m[39m=[0m[32m'accuracy'[0m[39m,[0m                                                                                     [36m│[0m
[36m│[0m [39m                [0m[33mscorer[0m[39m=<class [0m[32m'olmo_eval.common.scorers.base.LogprobScorer'[0m[39m>[0m                                         [36m│[0m
[36m│[0m [39m            [0m[1;39m)[0m[39m,[0m                                                                                                       [36m│[0m
[36m│[0m [39m            [0m[33msampling_params[0m[39m=[0m[1;35mSamplingParams[0m[1;39m([0m                                                                          [36m│[0m
[36m│[0m [39m                [0m[33mmax_tokens[0m[39m=[0m[1;36m1[0m[39m,[0m                                                                                        [36m│[0m
[36m│[0m [39m                [0m[33mtemperature[0m[39m=[0m[1;36m0[0m[1;36m.0[0m[39m,[0m                                                                                     [36m│[0m
[36m│[0m [39m                [0m[33mnum_samples[0m[39m=[0m[1;36m1[0m[39m,[0m                                                                                       [36m│[0m
[36m│[0m [39m                [0m[33mdo_sample[0m[39m=[0m[3;92mTrue[0m                                                                                       [36m│[0m
[36m│[0m [39m            [0m[1;39m)[0m[39m,[0m                                                                                                       [36m│[0m
[36m│[0m [39m            [0m[33moutput_score_aggregation[0m[39m=<OutputScoreAggregation.MAX: [0m[32m'max'[0m[39m>,[0m                                            [36m│[0m
[36m│[0m [39m            [0m[33msandbox_allocation_weight[0m[39m=[0m[1;36m1[0m[1;36m.0[0m                                                                            [36m│[0m
[36m│[0m [39m        [0m[1;39m)[0m[39m,[0m                                                                                                           [36m│[0m
[36m│[0m [39m        [0m[1;35mTaskConfig[0m[1;39m([0m                                                                                                  [36m│[0m
[36m│[0m [39m            [0m[33mname[0m[39m=[0m[32m'mmlu_logical_fallacies:rc'[0m[39m,[0m                                                                        [36m│[0m
[36m│[0m [39m            [0m[33mdata_source[0m[39m=[0m[1;35mDataSource[0m[1;39m([0m                                                                                  [36m│[0m
[36m│[0m [39m                [0m[33mpath[0m[39m=[0m[32m'cais/mmlu'[0m[39m,[0m                                                                                    [36m│[0m
[36m│[0m [39m                [0m[33msubset[0m[39m=[0m[32m'logical_fallacies'[0m[39m,[0m                                                                          [36m│[0m
[36m│[0m [39m                [0m[33msplit[0m[39m=[0m[32m'test'[0m[39m,[0m                                                                                        [36m│[0m
[36m│[0m [39m                [0m[33msource_type[0m[39m=<SourceType.HF: [0m[32m'hf'[0m[39m>[0m                                                                    [36m│[0m
[36m│[0m [39m            [0m[1;39m)[0m[39m,[0m                                                                                                       [36m│[0m
[36m│[0m [39m            [0m[33mmetrics[0m[39m=[0m[1;39m([0m                                                                                                [36m│[0m
[36m│[0m [39m                [0m[1;35mLogprobPerCharMCAccuracyMetric[0m[1;39m([0m                                                                      [36m│[0m
[36m│[0m [39m                    [0m[33mname[0m[39m=[0m[32m'accuracy'[0m[39m,[0m                                                                                 [36m│[0m
[36m│[0m [39m                    [0m[33mscorer[0m[39m=<class [0m[32m'olmo_eval.common.scorers.base.LogprobScorer'[0m[39m>[0m                                     [36m│[0m
[36m│[0m [39m                [0m[1;39m)[0m[39m,[0m                                                                                                   [36m│[0m
[36m│[0m [39m            [0m[1;39m)[0m[39m,[0m                                                                                                       [36m│[0m
[36m│[0m [39m            [0m[33mnum_fewshot[0m[39m=[0m[1;36m5[0m[39m,[0m                                                                                           [36m│[0m
[36m│[0m [39m            [0m[33mfewshot_seed[0m[39m=[0m[1;36m42[0m[39m,[0m                                                                                         [36m│[0m
[36m│[0m [39m            [0m[33mseed[0m[39m=[0m[1;36m42[0m[39m,[0m                                                                                                 [36m│[0m
[36m│[0m [39m            [0m[33msplit[0m[39m=<Split.TEST: [0m[32m'test'[0m[39m>,[0m                                                                              [36m│[0m
[36m│[0m [39m            [0m[33mprimary_metric[0m[39m=[0m[1;35mLogprobPerCharMCAccuracyMetric[0m[1;39m([0m                                                           [36m│[0m
[36m│[0m [39m                [0m[33mname[0m[39m=[0m[32m'accuracy'[0m[39m,[0m                                                                                     [36m│[0m
[36m│[0m [39m                [0m[33mscorer[0m[39m=<class [0m[32m'olmo_eval.common.scorers.base.LogprobScorer'[0m[39m>[0m                                         [36m│[0m
[36m│[0m [39m            [0m[1;39m)[0m[39m,[0m                                                                                                       [36m│[0m
[36m│[0m [39m            [0m[33msampling_params[0m[39m=[0m[1;35mSamplingParams[0m[1;39m([0m                                                                          [36m│[0m
[36m│[0m [39m                [0m[33mmax_tokens[0m[39m=[0m[1;36m1[0m[39m,[0m                                                                                        [36m│[0m
[36m│[0m [39m                [0m[33mtemperature[0m[39m=[0m[1;36m0[0m[1;36m.0[0m[39m,[0m                                                                                     [36m│[0m
[36m│[0m [39m                [0m[33mnum_samples[0m[39m=[0m[1;36m1[0m[39m,[0m                                                                                       [36m│[0m
[36m│[0m [39m                [0m[33mdo_sample[0m[39m=[0m[3;92mTrue[0m                                                                                       [36m│[0m
[36m│[0m [39m            [0m[1;39m)[0m[39m,[0m                                                                                                       [36m│[0m
[36m│[0m [39m            [0m[33moutput_score_aggregation[0m[39m=<OutputScoreAggregation.MAX: [0m[32m'max'[0m[39m>,[0m                                            [36m│[0m
[36m│[0m [39m            [0m[33msandbox_allocation_weight[0m[39m=[0m[1;36m1[0m[1;36m.0[0m                                                                            [36m│[0m
[36m│[0m [39m        [0m[1;39m)[0m[39m,[0m                                                                                                           [36m│[0m
[36m│[0m [39m        [0m[1;35mTaskConfig[0m[1;39m([0m                                                                                                  [36m│[0m
[36m│[0m [39m            [0m[33mname[0m[39m=[0m[32m'mmlu_moral_disputes:rc'[0m[39m,[0m                                                                           [36m│[0m
[36m│[0m [39m            [0m[33mdata_source[0m[39m=[0m[1;35mDataSource[0m[1;39m([0m                                                                                  [36m│[0m
[36m│[0m [39m                [0m[33mpath[0m[39m=[0m[32m'cais/mmlu'[0m[39m,[0m                                                                                    [36m│[0m
[36m│[0m [39m                [0m[33msubset[0m[39m=[0m[32m'moral_disputes'[0m[39m,[0m                                                                             [36m│[0m
[36m│[0m [39m                [0m[33msplit[0m[39m=[0m[32m'test'[0m[39m,[0m                                                                                        [36m│[0m
[36m│[0m [39m                [0m[33msource_type[0m[39m=<SourceType.HF: [0m[32m'hf'[0m[39m>[0m                                                                    [36m│[0m
[36m│[0m [39m            [0m[1;39m)[0m[39m,[0m                                                                                                       [36m│[0m
[36m│[0m [39m            [0m[33mmetrics[0m[39m=[0m[1;39m([0m                                                                                                [36m│[0m
[36m│[0m [39m                [0m[1;35mLogprobPerCharMCAccuracyMetric[0m[1;39m([0m                                                                      [36m│[0m
[36m│[0m [39m                    [0m[33mname[0m[39m=[0m[32m'accuracy'[0m[39m,[0m                                                                                 [36m│[0m
[36m│[0m [39m                    [0m[33mscorer[0m[39m=<class [0m[32m'olmo_eval.common.scorers.base.LogprobScorer'[0m[39m>[0m                                     [36m│[0m
[36m│[0m [39m                [0m[1;39m)[0m[39m,[0m                                                                                                   [36m│[0m
[36m│[0m [39m            [0m[1;39m)[0m[39m,[0m                                                                                                       [36m│[0m
[36m│[0m [39m            [0m[33mnum_fewshot[0m[39m=[0m[1;36m5[0m[39m,[0m                                                                                           [36m│[0m
[36m│[0m [39m            [0m[33mfewshot_seed[0m[39m=[0m[1;36m42[0m[39m,[0m                                                                                         [36m│[0m
[36m│[0m [39m            [0m[33mseed[0m[39m=[0m[1;36m42[0m[39m,[0m                                                                                                 [36m│[0m
[36m│[0m [39m            [0m[33msplit[0m[39m=<Split.TEST: [0m[32m'test'[0m[39m>,[0m                                                                              [36m│[0m
[36m│[0m [39m            [0m[33mprimary_metric[0m[39m=[0m[1;35mLogprobPerCharMCAccuracyMetric[0m[1;39m([0m                                                           [36m│[0m
[36m│[0m [39m                [0m[33mname[0m[39m=[0m[32m'accuracy'[0m[39m,[0m                                                                                     [36m│[0m
[36m│[0m [39m                [0m[33mscorer[0m[39m=<class [0m[32m'olmo_eval.common.scorers.base.LogprobScorer'[0m[39m>[0m                                         [36m│[0m
[36m│[0m [39m            [0m[1;39m)[0m[39m,[0m                                                                                                       [36m│[0m
[36m│[0m [39m            [0m[33msampling_params[0m[39m=[0m[1;35mSamplingParams[0m[1;39m([0m                                                                          [36m│[0m
[36m│[0m [39m                [0m[33mmax_tokens[0m[39m=[0m[1;36m1[0m[39m,[0m                                                                                        [36m│[0m
[36m│[0m [39m                [0m[33mtemperature[0m[39m=[0m[1;36m0[0m[1;36m.0[0m[39m,[0m                                                                                     [36m│[0m
[36m│[0m [39m                [0m[33mnum_samples[0m[39m=[0m[1;36m1[0m[39m,[0m                                                                                       [36m│[0m
[36m│[0m [39m                [0m[33mdo_sample[0m[39m=[0m[3;92mTrue[0m                                                                                       [36m│[0m
[36m│[0m [39m            [0m[1;39m)[0m[39m,[0m                                                                                                       [36m│[0m
[36m│[0m [39m            [0m[33moutput_score_aggregation[0m[39m=<OutputScoreAggregation.MAX: [0m[32m'max'[0m[39m>,[0m                                            [36m│[0m
[36m│[0m [39m            [0m[33msandbox_allocation_weight[0m[39m=[0m[1;36m1[0m[1;36m.0[0m                                                                            [36m│[0m
[36m│[0m [39m        [0m[1;39m)[0m[39m,[0m                                                                                                           [36m│[0m
[36m│[0m [39m        [0m[1;35mTaskConfig[0m[1;39m([0m                                                                                                  [36m│[0m
[36m│[0m [39m            [0m[33mname[0m[39m=[0m[32m'mmlu_moral_scenarios:rc'[0m[39m,[0m                                                                          [36m│[0m
[36m│[0m [39m            [0m[33mdata_source[0m[39m=[0m[1;35mDataSource[0m[1;39m([0m                                                                                  [36m│[0m
[36m│[0m [39m                [0m[33mpath[0m[39m=[0m[32m'cais/mmlu'[0m[39m,[0m                                                                                    [36m│[0m
[36m│[0m [39m                [0m[33msubset[0m[39m=[0m[32m'moral_scenarios'[0m[39m,[0m                                                                            [36m│[0m
[36m│[0m [39m                [0m[33msplit[0m[39m=[0m[32m'test'[0m[39m,[0m                                                                                        [36m│[0m
[36m│[0m [39m                [0m[33msource_type[0m[39m=<SourceType.HF: [0m[32m'hf'[0m[39m>[0m                                                                    [36m│[0m
[36m│[0m [39m            [0m[1;39m)[0m[39m,[0m                                                                                                       [36m│[0m
[36m│[0m [39m            [0m[33mmetrics[0m[39m=[0m[1;39m([0m                                                                                                [36m│[0m
[36m│[0m [39m                [0m[1;35mLogprobPerCharMCAccuracyMetric[0m[1;39m([0m                                                                      [36m│[0m
[36m│[0m [39m                    [0m[33mname[0m[39m=[0m[32m'accuracy'[0m[39m,[0m                                                                                 [36m│[0m
[36m│[0m [39m                    [0m[33mscorer[0m[39m=<class [0m[32m'olmo_eval.common.scorers.base.LogprobScorer'[0m[39m>[0m                                     [36m│[0m
[36m│[0m [39m                [0m[1;39m)[0m[39m,[0m                                                                                                   [36m│[0m
[36m│[0m [39m            [0m[1;39m)[0m[39m,[0m                                                                                                       [36m│[0m
[36m│[0m [39m            [0m[33mnum_fewshot[0m[39m=[0m[1;36m5[0m[39m,[0m                                                                                           [36m│[0m
[36m│[0m [39m            [0m[33mfewshot_seed[0m[39m=[0m[1;36m42[0m[39m,[0m                                                                                         [36m│[0m
[36m│[0m [39m            [0m[33mseed[0m[39m=[0m[1;36m42[0m[39m,[0m                                                                                                 [36m│[0m
[36m│[0m [39m            [0m[33msplit[0m[39m=<Split.TEST: [0m[32m'test'[0m[39m>,[0m                                                                              [36m│[0m
[36m│[0m [39m            [0m[33mprimary_metric[0m[39m=[0m[1;35mLogprobPerCharMCAccuracyMetric[0m[1;39m([0m                                                           [36m│[0m
[36m│[0m [39m                [0m[33mname[0m[39m=[0m[32m'accuracy'[0m[39m,[0m                                                                                     [36m│[0m
[36m│[0m [39m                [0m[33mscorer[0m[39m=<class [0m[32m'olmo_eval.common.scorers.base.LogprobScorer'[0m[39m>[0m                                         [36m│[0m
[36m│[0m [39m            [0m[1;39m)[0m[39m,[0m                                                                                                       [36m│[0m
[36m│[0m [39m            [0m[33msampling_params[0m[39m=[0m[1;35mSamplingParams[0m[1;39m([0m                                                                          [36m│[0m
[36m│[0m [39m                [0m[33mmax_tokens[0m[39m=[0m[1;36m1[0m[39m,[0m                                                                                        [36m│[0m
[36m│[0m [39m                [0m[33mtemperature[0m[39m=[0m[1;36m0[0m[1;36m.0[0m[39m,[0m                                                                                     [36m│[0m
[36m│[0m [39m                [0m[33mnum_samples[0m[39m=[0m[1;36m1[0m[39m,[0m                                                                                       [36m│[0m
[36m│[0m [39m                [0m[33mdo_sample[0m[39m=[0m[3;92mTrue[0m                                                                                       [36m│[0m
[36m│[0m [39m            [0m[1;39m)[0m[39m,[0m                                                                                                       [36m│[0m
[36m│[0m [39m            [0m[33moutput_score_aggregation[0m[39m=<OutputScoreAggregation.MAX: [0m[32m'max'[0m[39m>,[0m                                            [36m│[0m
[36m│[0m [39m            [0m[33msandbox_allocation_weight[0m[39m=[0m[1;36m1[0m[1;36m.0[0m                                                                            [36m│[0m
[36m│[0m [39m        [0m[1;39m)[0m[39m,[0m                                                                                                           [36m│[0m
[36m│[0m [39m        [0m[1;35mTaskConfig[0m[1;39m([0m                                                                                                  [36m│[0m
[36m│[0m [39m            [0m[33mname[0m[39m=[0m[32m'mmlu_philosophy:rc'[0m[39m,[0m                                                                               [36m│[0m
[36m│[0m [39m            [0m[33mdata_source[0m[39m=[0m[1;35mDataSource[0m[1;39m([0m                                                                                  [36m│[0m
[36m│[0m [39m                [0m[33mpath[0m[39m=[0m[32m'cais/mmlu'[0m[39m,[0m                                                                                    [36m│[0m
[36m│[0m [39m                [0m[33msubset[0m[39m=[0m[32m'philosophy'[0m[39m,[0m                                                                                 [36m│[0m
[36m│[0m [39m                [0m[33msplit[0m[39m=[0m[32m'test'[0m[39m,[0m                                                                                        [36m│[0m
[36m│[0m [39m                [0m[33msource_type[0m[39m=<SourceType.HF: [0m[32m'hf'[0m[39m>[0m                                                                    [36m│[0m
[36m│[0m [39m            [0m[1;39m)[0m[39m,[0m                                                                                                       [36m│[0m
[36m│[0m [39m            [0m[33mmetrics[0m[39m=[0m[1;39m([0m                                                                                                [36m│[0m
[36m│[0m [39m                [0m[1;35mLogprobPerCharMCAccuracyMetric[0m[1;39m([0m                                                                      [36m│[0m
[36m│[0m [39m                    [0m[33mname[0m[39m=[0m[32m'accuracy'[0m[39m,[0m                                                                                 [36m│[0m
[36m│[0m [39m                    [0m[33mscorer[0m[39m=<class [0m[32m'olmo_eval.common.scorers.base.LogprobScorer'[0m[39m>[0m                                     [36m│[0m
[36m│[0m [39m                [0m[1;39m)[0m[39m,[0m                                                                                                   [36m│[0m
[36m│[0m [39m            [0m[1;39m)[0m[39m,[0m                                                                                                       [36m│[0m
[36m│[0m [39m            [0m[33mnum_fewshot[0m[39m=[0m[1;36m5[0m[39m,[0m                                                                                           [36m│[0m
[36m│[0m [39m            [0m[33mfewshot_seed[0m[39m=[0m[1;36m42[0m[39m,[0m                                                                                         [36m│[0m
[36m│[0m [39m            [0m[33mseed[0m[39m=[0m[1;36m42[0m[39m,[0m                                                                                                 [36m│[0m
[36m│[0m [39m            [0m[33msplit[0m[39m=<Split.TEST: [0m[32m'test'[0m[39m>,[0m                                                                              [36m│[0m
[36m│[0m [39m            [0m[33mprimary_metric[0m[39m=[0m[1;35mLogprobPerCharMCAccuracyMetric[0m[1;39m([0m                                                           [36m│[0m
[36m│[0m [39m                [0m[33mname[0m[39m=[0m[32m'accuracy'[0m[39m,[0m                                                                                     [36m│[0m
[36m│[0m [39m                [0m[33mscorer[0m[39m=<class [0m[32m'olmo_eval.common.scorers.base.LogprobScorer'[0m[39m>[0m                                         [36m│[0m
[36m│[0m [39m            [0m[1;39m)[0m[39m,[0m                                                                                                       [36m│[0m
[36m│[0m [39m            [0m[33msampling_params[0m[39m=[0m[1;35mSamplingParams[0m[1;39m([0m                                                                          [36m│[0m
[36m│[0m [39m                [0m[33mmax_tokens[0m[39m=[0m[1;36m1[0m[39m,[0m                                                                                        [36m│[0m
[36m│[0m [39m                [0m[33mtemperature[0m[39m=[0m[1;36m0[0m[1;36m.0[0m[39m,[0m                                                                                     [36m│[0m
[36m│[0m [39m                [0m[33mnum_samples[0m[39m=[0m[1;36m1[0m[39m,[0m                                                                                       [36m│[0m
[36m│[0m [39m                [0m[33mdo_sample[0m[39m=[0m[3;92mTrue[0m                                                                                       [36m│[0m
[36m│[0m [39m            [0m[1;39m)[0m[39m,[0m                                                                                                       [36m│[0m
[36m│[0m [39m            [0m[33moutput_score_aggregation[0m[39m=<OutputScoreAggregation.MAX: [0m[32m'max'[0m[39m>,[0m                                            [36m│[0m
[36m│[0m [39m            [0m[33msandbox_allocation_weight[0m[39m=[0m[1;36m1[0m[1;36m.0[0m                                                                            [36m│[0m
[36m│[0m [39m        [0m[1;39m)[0m[39m,[0m                                                                                                           [36m│[0m
[36m│[0m [39m        [0m[1;35mTaskConfig[0m[1;39m([0m                                                                                                  [36m│[0m
[36m│[0m [39m            [0m[33mname[0m[39m=[0m[32m'mmlu_prehistory:rc'[0m[39m,[0m                                                                               [36m│[0m
[36m│[0m [39m            [0m[33mdata_source[0m[39m=[0m[1;35mDataSource[0m[1;39m([0m                                                                                  [36m│[0m
[36m│[0m [39m                [0m[33mpath[0m[39m=[0m[32m'cais/mmlu'[0m[39m,[0m                                                                                    [36m│[0m
[36m│[0m [39m                [0m[33msubset[0m[39m=[0m[32m'prehistory'[0m[39m,[0m                                                                                 [36m│[0m
[36m│[0m [39m                [0m[33msplit[0m[39m=[0m[32m'test'[0m[39m,[0m                                                                                        [36m│[0m
[36m│[0m [39m                [0m[33msource_type[0m[39m=<SourceType.HF: [0m[32m'hf'[0m[39m>[0m                                                                    [36m│[0m
[36m│[0m [39m            [0m[1;39m)[0m[39m,[0m                                                                                                       [36m│[0m
[36m│[0m [39m            [0m[33mmetrics[0m[39m=[0m[1;39m([0m                                                                                                [36m│[0m
[36m│[0m [39m                [0m[1;35mLogprobPerCharMCAccuracyMetric[0m[1;39m([0m                                                                      [36m│[0m
[36m│[0m [39m                    [0m[33mname[0m[39m=[0m[32m'accuracy'[0m[39m,[0m                                                                                 [36m│[0m
[36m│[0m [39m                    [0m[33mscorer[0m[39m=<class [0m[32m'olmo_eval.common.scorers.base.LogprobScorer'[0m[39m>[0m                                     [36m│[0m
[36m│[0m [39m                [0m[1;39m)[0m[39m,[0m                                                                                                   [36m│[0m
[36m│[0m [39m            [0m[1;39m)[0m[39m,[0m                                                                                                       [36m│[0m
[36m│[0m [39m            [0m[33mnum_fewshot[0m[39m=[0m[1;36m5[0m[39m,[0m                                                                                           [36m│[0m
[36m│[0m [39m            [0m[33mfewshot_seed[0m[39m=[0m[1;36m42[0m[39m,[0m                                                                                         [36m│[0m
[36m│[0m [39m            [0m[33mseed[0m[39m=[0m[1;36m42[0m[39m,[0m                                                                                                 [36m│[0m
[36m│[0m [39m            [0m[33msplit[0m[39m=<Split.TEST: [0m[32m'test'[0m[39m>,[0m                                                                              [36m│[0m
[36m│[0m [39m            [0m[33mprimary_metric[0m[39m=[0m[1;35mLogprobPerCharMCAccuracyMetric[0m[1;39m([0m                                                           [36m│[0m
[36m│[0m [39m                [0m[33mname[0m[39m=[0m[32m'accuracy'[0m[39m,[0m                                                                                     [36m│[0m
[36m│[0m [39m                [0m[33mscorer[0m[39m=<class [0m[32m'olmo_eval.common.scorers.base.LogprobScorer'[0m[39m>[0m                                         [36m│[0m
[36m│[0m [39m            [0m[1;39m)[0m[39m,[0m                                                                                                       [36m│[0m
[36m│[0m [39m            [0m[33msampling_params[0m[39m=[0m[1;35mSamplingParams[0m[1;39m([0m                                                                          [36m│[0m
[36m│[0m [39m                [0m[33mmax_tokens[0m[39m=[0m[1;36m1[0m[39m,[0m                                                                                        [36m│[0m
[36m│[0m [39m                [0m[33mtemperature[0m[39m=[0m[1;36m0[0m[1;36m.0[0m[39m,[0m                                                                                     [36m│[0m
[36m│[0m [39m                [0m[33mnum_samples[0m[39m=[0m[1;36m1[0m[39m,[0m                                                                                       [36m│[0m
[36m│[0m [39m                [0m[33mdo_sample[0m[39m=[0m[3;92mTrue[0m                                                                                       [36m│[0m
[36m│[0m [39m            [0m[1;39m)[0m[39m,[0m                                                                                                       [36m│[0m
[36m│[0m [39m            [0m[33moutput_score_aggregation[0m[39m=<OutputScoreAggregation.MAX: [0m[32m'max'[0m[39m>,[0m                                            [36m│[0m
[36m│[0m [39m            [0m[33msandbox_allocation_weight[0m[39m=[0m[1;36m1[0m[1;36m.0[0m                                                                            [36m│[0m
[36m│[0m [39m        [0m[1;39m)[0m[39m,[0m                                                                                                           [36m│[0m
[36m│[0m [39m        [0m[1;35mTaskConfig[0m[1;39m([0m                                                                                                  [36m│[0m
[36m│[0m [39m            [0m[33mname[0m[39m=[0m[32m'mmlu_professional_law:rc'[0m[39m,[0m                                                                         [36m│[0m
[36m│[0m [39m            [0m[33mdata_source[0m[39m=[0m[1;35mDataSource[0m[1;39m([0m                                                                                  [36m│[0m
[36m│[0m [39m                [0m[33mpath[0m[39m=[0m[32m'cais/mmlu'[0m[39m,[0m                                                                                    [36m│[0m
[36m│[0m [39m                [0m[33msubset[0m[39m=[0m[32m'professional_law'[0m[39m,[0m                                                                           [36m│[0m
[36m│[0m [39m                [0m[33msplit[0m[39m=[0m[32m'test'[0m[39m,[0m                                                                                        [36m│[0m
[36m│[0m [39m                [0m[33msource_type[0m[39m=<SourceType.HF: [0m[32m'hf'[0m[39m>[0m                                                                    [36m│[0m
[36m│[0m [39m            [0m[1;39m)[0m[39m,[0m                                                                                                       [36m│[0m
[36m│[0m [39m            [0m[33mmetrics[0m[39m=[0m[1;39m([0m                                                                                                [36m│[0m
[36m│[0m [39m                [0m[1;35mLogprobPerCharMCAccuracyMetric[0m[1;39m([0m                                                                      [36m│[0m
[36m│[0m [39m                    [0m[33mname[0m[39m=[0m[32m'accuracy'[0m[39m,[0m                                                                                 [36m│[0m
[36m│[0m [39m                    [0m[33mscorer[0m[39m=<class [0m[32m'olmo_eval.common.scorers.base.LogprobScorer'[0m[39m>[0m                                     [36m│[0m
[36m│[0m [39m                [0m[1;39m)[0m[39m,[0m                                                                                                   [36m│[0m
[36m│[0m [39m            [0m[1;39m)[0m[39m,[0m                                                                                                       [36m│[0m
[36m│[0m [39m            [0m[33mnum_fewshot[0m[39m=[0m[1;36m5[0m[39m,[0m                                                                                           [36m│[0m
[36m│[0m [39m            [0m[33mfewshot_seed[0m[39m=[0m[1;36m42[0m[39m,[0m                                                                                         [36m│[0m
[36m│[0m [39m            [0m[33mseed[0m[39m=[0m[1;36m42[0m[39m,[0m                                                                                                 [36m│[0m
[36m│[0m [39m            [0m[33msplit[0m[39m=<Split.TEST: [0m[32m'test'[0m[39m>,[0m                                                                              [36m│[0m
[36m│[0m [39m            [0m[33mprimary_metric[0m[39m=[0m[1;35mLogprobPerCharMCAccuracyMetric[0m[1;39m([0m                                                           [36m│[0m
[36m│[0m [39m                [0m[33mname[0m[39m=[0m[32m'accuracy'[0m[39m,[0m                                                                                     [36m│[0m
[36m│[0m [39m                [0m[33mscorer[0m[39m=<class [0m[32m'olmo_eval.common.scorers.base.LogprobScorer'[0m[39m>[0m                                         [36m│[0m
[36m│[0m [39m            [0m[1;39m)[0m[39m,[0m                                                                                                       [36m│[0m
[36m│[0m [39m            [0m[33msampling_params[0m[39m=[0m[1;35mSamplingParams[0m[1;39m([0m                                                                          [36m│[0m
[36m│[0m [39m                [0m[33mmax_tokens[0m[39m=[0m[1;36m1[0m[39m,[0m                                                                                        [36m│[0m
[36m│[0m [39m                [0m[33mtemperature[0m[39m=[0m[1;36m0[0m[1;36m.0[0m[39m,[0m                                                                                     [36m│[0m
[36m│[0m [39m                [0m[33mnum_samples[0m[39m=[0m[1;36m1[0m[39m,[0m                                                                                       [36m│[0m
[36m│[0m [39m                [0m[33mdo_sample[0m[39m=[0m[3;92mTrue[0m                                                                                       [36m│[0m
[36m│[0m [39m            [0m[1;39m)[0m[39m,[0m                                                                                                       [36m│[0m
[36m│[0m [39m            [0m[33moutput_score_aggregation[0m[39m=<OutputScoreAggregation.MAX: [0m[32m'max'[0m[39m>,[0m                                            [36m│[0m
[36m│[0m [39m            [0m[33msandbox_allocation_weight[0m[39m=[0m[1;36m1[0m[1;36m.0[0m                                                                            [36m│[0m
[36m│[0m [39m        [0m[1;39m)[0m[39m,[0m                                                                                                           [36m│[0m
[36m│[0m [39m        [0m[1;35mTaskConfig[0m[1;39m([0m                                                                                                  [36m│[0m
[36m│[0m [39m            [0m[33mname[0m[39m=[0m[32m'mmlu_world_religions:rc'[0m[39m,[0m                                                                          [36m│[0m
[36m│[0m [39m            [0m[33mdata_source[0m[39m=[0m[1;35mDataSource[0m[1;39m([0m                                                                                  [36m│[0m
[36m│[0m [39m                [0m[33mpath[0m[39m=[0m[32m'cais/mmlu'[0m[39m,[0m                                                                                    [36m│[0m
[36m│[0m [39m                [0m[33msubset[0m[39m=[0m[32m'world_religions'[0m[39m,[0m                                                                            [36m│[0m
[36m│[0m [39m                [0m[33msplit[0m[39m=[0m[32m'test'[0m[39m,[0m                                                                                        [36m│[0m
[36m│[0m [39m                [0m[33msource_type[0m[39m=<SourceType.HF: [0m[32m'hf'[0m[39m>[0m                                                                    [36m│[0m
[36m│[0m [39m            [0m[1;39m)[0m[39m,[0m                                                                                                       [36m│[0m
[36m│[0m [39m            [0m[33mmetrics[0m[39m=[0m[1;39m([0m                                                                                                [36m│[0m
[36m│[0m [39m                [0m[1;35mLogprobPerCharMCAccuracyMetric[0m[1;39m([0m                                                                      [36m│[0m
[36m│[0m [39m                    [0m[33mname[0m[39m=[0m[32m'accuracy'[0m[39m,[0m                                                                                 [36m│[0m
[36m│[0m [39m                    [0m[33mscorer[0m[39m=<class [0m[32m'olmo_eval.common.scorers.base.LogprobScorer'[0m[39m>[0m                                     [36m│[0m
[36m│[0m [39m                [0m[1;39m)[0m[39m,[0m                                                                                                   [36m│[0m
[36m│[0m [39m            [0m[1;39m)[0m[39m,[0m                                                                                                       [36m│[0m
[36m│[0m [39m            [0m[33mnum_fewshot[0m[39m=[0m[1;36m5[0m[39m,[0m                                                                                           [36m│[0m
[36m│[0m [39m            [0m[33mfewshot_seed[0m[39m=[0m[1;36m42[0m[39m,[0m                                                                                         [36m│[0m
[36m│[0m [39m            [0m[33mseed[0m[39m=[0m[1;36m42[0m[39m,[0m                                                                                                 [36m│[0m
[36m│[0m [39m            [0m[33msplit[0m[39m=<Split.TEST: [0m[32m'test'[0m[39m>,[0m                                                                              [36m│[0m
[36m│[0m [39m            [0m[33mprimary_metric[0m[39m=[0m[1;35mLogprobPerCharMCAccuracyMetric[0m[1;39m([0m                                                           [36m│[0m
[36m│[0m [39m                [0m[33mname[0m[39m=[0m[32m'accuracy'[0m[39m,[0m                                                                                     [36m│[0m
[36m│[0m [39m                [0m[33mscorer[0m[39m=<class [0m[32m'olmo_eval.common.scorers.base.LogprobScorer'[0m[39m>[0m                                         [36m│[0m
[36m│[0m [39m            [0m[1;39m)[0m[39m,[0m                                                                                                       [36m│[0m
[36m│[0m [39m            [0m[33msampling_params[0m[39m=[0m[1;35mSamplingParams[0m[1;39m([0m                                                                          [36m│[0m
[36m│[0m [39m                [0m[33mmax_tokens[0m[39m=[0m[1;36m1[0m[39m,[0m                                                                                        [36m│[0m
[36m│[0m [39m                [0m[33mtemperature[0m[39m=[0m[1;36m0[0m[1;36m.0[0m[39m,[0m                                                                                     [36m│[0m
[36m│[0m [39m                [0m[33mnum_samples[0m[39m=[0m[1;36m1[0m[39m,[0m                                                                                       [36m│[0m
[36m│[0m [39m                [0m[33mdo_sample[0m[39m=[0m[3;92mTrue[0m                                                                                       [36m│[0m
[36m│[0m [39m            [0m[1;39m)[0m[39m,[0m                                                                                                       [36m│[0m
[36m│[0m [39m            [0m[33moutput_score_aggregation[0m[39m=<OutputScoreAggregation.MAX: [0m[32m'max'[0m[39m>,[0m                                            [36m│[0m
[36m│[0m [39m            [0m[33msandbox_allocation_weight[0m[39m=[0m[1;36m1[0m[1;36m.0[0m                                                                            [36m│[0m
[36m│[0m [39m        [0m[1;39m)[0m[39m,[0m                                                                                                           [36m│[0m
[36m│[0m [39m        [0m[1;35mTaskConfig[0m[1;39m([0m                                                                                                  [36m│[0m
[36m│[0m [39m            [0m[33mname[0m[39m=[0m[32m'mmlu_econometrics:rc'[0m[39m,[0m                                                                             [36m│[0m
[36m│[0m [39m            [0m[33mdata_source[0m[39m=[0m[1;35mDataSource[0m[1;39m([0m                                                                                  [36m│[0m
[36m│[0m [39m                [0m[33mpath[0m[39m=[0m[32m'cais/mmlu'[0m[39m,[0m                                                                                    [36m│[0m
[36m│[0m [39m                [0m[33msubset[0m[39m=[0m[32m'econometrics'[0m[39m,[0m                                                                               [36m│[0m
[36m│[0m [39m                [0m[33msplit[0m[39m=[0m[32m'test'[0m[39m,[0m                                                                                        [36m│[0m
[36m│[0m [39m                [0m[33msource_type[0m[39m=<SourceType.HF: [0m[32m'hf'[0m[39m>[0m                                                                    [36m│[0m
[36m│[0m [39m            [0m[1;39m)[0m[39m,[0m                                                                                                       [36m│[0m
[36m│[0m [39m            [0m[33mmetrics[0m[39m=[0m[1;39m([0m                                                                                                [36m│[0m
[36m│[0m [39m                [0m[1;35mLogprobPerCharMCAccuracyMetric[0m[1;39m([0m                                                                      [36m│[0m
[36m│[0m [39m                    [0m[33mname[0m[39m=[0m[32m'accuracy'[0m[39m,[0m                                                                                 [36m│[0m
[36m│[0m [39m                    [0m[33mscorer[0m[39m=<class [0m[32m'olmo_eval.common.scorers.base.LogprobScorer'[0m[39m>[0m                                     [36m│[0m
[36m│[0m [39m                [0m[1;39m)[0m[39m,[0m                                                                                                   [36m│[0m
[36m│[0m [39m            [0m[1;39m)[0m[39m,[0m                                                                                                       [36m│[0m
[36m│[0m [39m            [0m[33mnum_fewshot[0m[39m=[0m[1;36m5[0m[39m,[0m                                                                                           [36m│[0m
[36m│[0m [39m            [0m[33mfewshot_seed[0m[39m=[0m[1;36m42[0m[39m,[0m                                                                                         [36m│[0m
[36m│[0m [39m            [0m[33mseed[0m[39m=[0m[1;36m42[0m[39m,[0m                                                                                                 [36m│[0m
[36m│[0m [39m            [0m[33msplit[0m[39m=<Split.TEST: [0m[32m'test'[0m[39m>,[0m                                                                              [36m│[0m
[36m│[0m [39m            [0m[33mprimary_metric[0m[39m=[0m[1;35mLogprobPerCharMCAccuracyMetric[0m[1;39m([0m                                                           [36m│[0m
[36m│[0m [39m                [0m[33mname[0m[39m=[0m[32m'accuracy'[0m[39m,[0m                                                                                     [36m│[0m
[36m│[0m [39m                [0m[33mscorer[0m[39m=<class [0m[32m'olmo_eval.common.scorers.base.LogprobScorer'[0m[39m>[0m                                         [36m│[0m
[36m│[0m [39m            [0m[1;39m)[0m[39m,[0m                                                                                                       [36m│[0m
[36m│[0m [39m            [0m[33msampling_params[0m[39m=[0m[1;35mSamplingParams[0m[1;39m([0m                                                                          [36m│[0m
[36m│[0m [39m                [0m[33mmax_tokens[0m[39m=[0m[1;36m1[0m[39m,[0m                                                                                        [36m│[0m
[36m│[0m [39m                [0m[33mtemperature[0m[39m=[0m[1;36m0[0m[1;36m.0[0m[39m,[0m                                                                                     [36m│[0m
[36m│[0m [39m                [0m[33mnum_samples[0m[39m=[0m[1;36m1[0m[39m,[0m                                                                                       [36m│[0m
[36m│[0m [39m                [0m[33mdo_sample[0m[39m=[0m[3;92mTrue[0m                                                                                       [36m│[0m
[36m│[0m [39m            [0m[1;39m)[0m[39m,[0m                                                                                                       [36m│[0m
[36m│[0m [39m            [0m[33moutput_score_aggregation[0m[39m=<OutputScoreAggregation.MAX: [0m[32m'max'[0m[39m>,[0m                                            [36m│[0m
[36m│[0m [39m            [0m[33msandbox_allocation_weight[0m[39m=[0m[1;36m1[0m[1;36m.0[0m                                                                            [36m│[0m
[36m│[0m [39m        [0m[1;39m)[0m[39m,[0m                                                                                                           [36m│[0m
[36m│[0m [39m        [0m[1;35mTaskConfig[0m[1;39m([0m                                                                                                  [36m│[0m
[36m│[0m [39m            [0m[33mname[0m[39m=[0m[32m'mmlu_high_school_geography:rc'[0m[39m,[0m                                                                    [36m│[0m
[36m│[0m [39m            [0m[33mdata_source[0m[39m=[0m[1;35mDataSource[0m[1;39m([0m                                                                                  [36m│[0m
[36m│[0m [39m                [0m[33mpath[0m[39m=[0m[32m'cais/mmlu'[0m[39m,[0m                                                                                    [36m│[0m
[36m│[0m [39m                [0m[33msubset[0m[39m=[0m[32m'high_school_geography'[0m[39m,[0m                                                                      [36m│[0m
[36m│[0m [39m                [0m[33msplit[0m[39m=[0m[32m'test'[0m[39m,[0m                                                                                        [36m│[0m
[36m│[0m [39m                [0m[33msource_type[0m[39m=<SourceType.HF: [0m[32m'hf'[0m[39m>[0m                                                                    [36m│[0m
[36m│[0m [39m            [0m[1;39m)[0m[39m,[0m                                                                                                       [36m│[0m
[36m│[0m [39m            [0m[33mmetrics[0m[39m=[0m[1;39m([0m                                                                                                [36m│[0m
[36m│[0m [39m                [0m[1;35mLogprobPerCharMCAccuracyMetric[0m[1;39m([0m                                                                      [36m│[0m
[36m│[0m [39m                    [0m[33mname[0m[39m=[0m[32m'accuracy'[0m[39m,[0m                                                                                 [36m│[0m
[36m│[0m [39m                    [0m[33mscorer[0m[39m=<class [0m[32m'olmo_eval.common.scorers.base.LogprobScorer'[0m[39m>[0m                                     [36m│[0m
[36m│[0m [39m                [0m[1;39m)[0m[39m,[0m                                                                                                   [36m│[0m
[36m│[0m [39m            [0m[1;39m)[0m[39m,[0m                                                                                                       [36m│[0m
[36m│[0m [39m            [0m[33mnum_fewshot[0m[39m=[0m[1;36m5[0m[39m,[0m                                                                                           [36m│[0m
[36m│[0m [39m            [0m[33mfewshot_seed[0m[39m=[0m[1;36m42[0m[39m,[0m                                                                                         [36m│[0m
[36m│[0m [39m            [0m[33mseed[0m[39m=[0m[1;36m42[0m[39m,[0m                                                                                                 [36m│[0m
[36m│[0m [39m            [0m[33msplit[0m[39m=<Split.TEST: [0m[32m'test'[0m[39m>,[0m                                                                              [36m│[0m
[36m│[0m [39m            [0m[33mprimary_metric[0m[39m=[0m[1;35mLogprobPerCharMCAccuracyMetric[0m[1;39m([0m                                                           [36m│[0m
[36m│[0m [39m                [0m[33mname[0m[39m=[0m[32m'accuracy'[0m[39m,[0m                                                                                     [36m│[0m
[36m│[0m [39m                [0m[33mscorer[0m[39m=<class [0m[32m'olmo_eval.common.scorers.base.LogprobScorer'[0m[39m>[0m                                         [36m│[0m
[36m│[0m [39m            [0m[1;39m)[0m[39m,[0m                                                                                                       [36m│[0m
[36m│[0m [39m            [0m[33msampling_params[0m[39m=[0m[1;35mSamplingParams[0m[1;39m([0m                                                                          [36m│[0m
[36m│[0m [39m                [0m[33mmax_tokens[0m[39m=[0m[1;36m1[0m[39m,[0m                                                                                        [36m│[0m
[36m│[0m [39m                [0m[33mtemperature[0m[39m=[0m[1;36m0[0m[1;36m.0[0m[39m,[0m                                                                                     [36m│[0m
[36m│[0m [39m                [0m[33mnum_samples[0m[39m=[0m[1;36m1[0m[39m,[0m                                                                                       [36m│[0m
[36m│[0m [39m                [0m[33mdo_sample[0m[39m=[0m[3;92mTrue[0m                                                                                       [36m│[0m
[36m│[0m [39m            [0m[1;39m)[0m[39m,[0m                                                                                                       [36m│[0m
[36m│[0m [39m            [0m[33moutput_score_aggregation[0m[39m=<OutputScoreAggregation.MAX: [0m[32m'max'[0m[39m>,[0m                                            [36m│[0m
[36m│[0m [39m            [0m[33msandbox_allocation_weight[0m[39m=[0m[1;36m1[0m[1;36m.0[0m                                                                            [36m│[0m
[36m│[0m [39m        [0m[1;39m)[0m[39m,[0m                                                                                                           [36m│[0m
[36m│[0m [39m        [0m[1;35mTaskConfig[0m[1;39m([0m                                                                                                  [36m│[0m
[36m│[0m [39m            [0m[33mname[0m[39m=[0m[32m'mmlu_high_school_government_and_politics:rc'[0m[39m,[0m                                                      [36m│[0m
[36m│[0m [39m            [0m[33mdata_source[0m[39m=[0m[1;35mDataSource[0m[1;39m([0m                                                                                  [36m│[0m
[36m│[0m [39m                [0m[33mpath[0m[39m=[0m[32m'cais/mmlu'[0m[39m,[0m                                                                                    [36m│[0m
[36m│[0m [39m                [0m[33msubset[0m[39m=[0m[32m'high_school_government_and_politics'[0m[39m,[0m                                                        [36m│[0m
[36m│[0m [39m                [0m[33msplit[0m[39m=[0m[32m'test'[0m[39m,[0m                                                                                        [36m│[0m
[36m│[0m [39m                [0m[33msource_type[0m[39m=<SourceType.HF: [0m[32m'hf'[0m[39m>[0m                                                                    [36m│[0m
[36m│[0m [39m            [0m[1;39m)[0m[39m,[0m                                                                                                       [36m│[0m
[36m│[0m [39m            [0m[33mmetrics[0m[39m=[0m[1;39m([0m                                                                                                [36m│[0m
[36m│[0m [39m                [0m[1;35mLogprobPerCharMCAccuracyMetric[0m[1;39m([0m                                                                      [36m│[0m
[36m│[0m [39m                    [0m[33mname[0m[39m=[0m[32m'accuracy'[0m[39m,[0m                                                                                 [36m│[0m
[36m│[0m [39m                    [0m[33mscorer[0m[39m=<class [0m[32m'olmo_eval.common.scorers.base.LogprobScorer'[0m[39m>[0m                                     [36m│[0m
[36m│[0m [39m                [0m[1;39m)[0m[39m,[0m                                                                                                   [36m│[0m
[36m│[0m [39m            [0m[1;39m)[0m[39m,[0m                                                                                                       [36m│[0m
[36m│[0m [39m            [0m[33mnum_fewshot[0m[39m=[0m[1;36m5[0m[39m,[0m                                                                                           [36m│[0m
[36m│[0m [39m            [0m[33mfewshot_seed[0m[39m=[0m[1;36m42[0m[39m,[0m                                                                                         [36m│[0m
[36m│[0m [39m            [0m[33mseed[0m[39m=[0m[1;36m42[0m[39m,[0m                                                                                                 [36m│[0m
[36m│[0m [39m            [0m[33msplit[0m[39m=<Split.TEST: [0m[32m'test'[0m[39m>,[0m                                                                              [36m│[0m
[36m│[0m [39m            [0m[33mprimary_metric[0m[39m=[0m[1;35mLogprobPerCharMCAccuracyMetric[0m[1;39m([0m                                                           [36m│[0m
[36m│[0m [39m                [0m[33mname[0m[39m=[0m[32m'accuracy'[0m[39m,[0m                                                                                     [36m│[0m
[36m│[0m [39m                [0m[33mscorer[0m[39m=<class [0m[32m'olmo_eval.common.scorers.base.LogprobScorer'[0m[39m>[0m                                         [36m│[0m
[36m│[0m [39m            [0m[1;39m)[0m[39m,[0m                                                                                                       [36m│[0m
[36m│[0m [39m            [0m[33msampling_params[0m[39m=[0m[1;35mSamplingParams[0m[1;39m([0m                                                                          [36m│[0m
[36m│[0m [39m                [0m[33mmax_tokens[0m[39m=[0m[1;36m1[0m[39m,[0m                                                                                        [36m│[0m
[36m│[0m [39m                [0m[33mtemperature[0m[39m=[0m[1;36m0[0m[1;36m.0[0m[39m,[0m                                                                                     [36m│[0m
[36m│[0m [39m                [0m[33mnum_samples[0m[39m=[0m[1;36m1[0m[39m,[0m                                                                                       [36m│[0m
[36m│[0m [39m                [0m[33mdo_sample[0m[39m=[0m[3;92mTrue[0m                                                                                       [36m│[0m
[36m│[0m [39m            [0m[1;39m)[0m[39m,[0m                                                                                                       [36m│[0m
[36m│[0m [39m            [0m[33moutput_score_aggregation[0m[39m=<OutputScoreAggregation.MAX: [0m[32m'max'[0m[39m>,[0m                                            [36m│[0m
[36m│[0m [39m            [0m[33msandbox_allocation_weight[0m[39m=[0m[1;36m1[0m[1;36m.0[0m                                                                            [36m│[0m
[36m│[0m [39m        [0m[1;39m)[0m[39m,[0m                                                                                                           [36m│[0m
[36m│[0m [39m        [0m[1;35mTaskConfig[0m[1;39m([0m                                                                                                  [36m│[0m
[36m│[0m [39m            [0m[33mname[0m[39m=[0m[32m'mmlu_high_school_macroeconomics:rc'[0m[39m,[0m                                                               [36m│[0m
[36m│[0m [39m            [0m[33mdata_source[0m[39m=[0m[1;35mDataSource[0m[1;39m([0m                                                                                  [36m│[0m
[36m│[0m [39m                [0m[33mpath[0m[39m=[0m[32m'cais/mmlu'[0m[39m,[0m                                                                                    [36m│[0m
[36m│[0m [39m                [0m[33msubset[0m[39m=[0m[32m'high_school_macroeconomics'[0m[39m,[0m                                                                 [36m│[0m
[36m│[0m [39m                [0m[33msplit[0m[39m=[0m[32m'test'[0m[39m,[0m                                                                                        [36m│[0m
[36m│[0m [39m                [0m[33msource_type[0m[39m=<SourceType.HF: [0m[32m'hf'[0m[39m>[0m                                                                    [36m│[0m
[36m│[0m [39m            [0m[1;39m)[0m[39m,[0m                                                                                                       [36m│[0m
[36m│[0m [39m            [0m[33mmetrics[0m[39m=[0m[1;39m([0m                                                                                                [36m│[0m
[36m│[0m [39m                [0m[1;35mLogprobPerCharMCAccuracyMetric[0m[1;39m([0m                                                                      [36m│[0m
[36m│[0m [39m                    [0m[33mname[0m[39m=[0m[32m'accuracy'[0m[39m,[0m                                                                                 [36m│[0m
[36m│[0m [39m                    [0m[33mscorer[0m[39m=<class [0m[32m'olmo_eval.common.scorers.base.LogprobScorer'[0m[39m>[0m                                     [36m│[0m
[36m│[0m [39m                [0m[1;39m)[0m[39m,[0m                                                                                                   [36m│[0m
[36m│[0m [39m            [0m[1;39m)[0m[39m,[0m                                                                                                       [36m│[0m
[36m│[0m [39m            [0m[33mnum_fewshot[0m[39m=[0m[1;36m5[0m[39m,[0m                                                                                           [36m│[0m
[36m│[0m [39m            [0m[33mfewshot_seed[0m[39m=[0m[1;36m42[0m[39m,[0m                                                                                         [36m│[0m
[36m│[0m [39m            [0m[33mseed[0m[39m=[0m[1;36m42[0m[39m,[0m                                                                                                 [36m│[0m
[36m│[0m [39m            [0m[33msplit[0m[39m=<Split.TEST: [0m[32m'test'[0m[39m>,[0m                                                                              [36m│[0m
[36m│[0m [39m            [0m[33mprimary_metric[0m[39m=[0m[1;35mLogprobPerCharMCAccuracyMetric[0m[1;39m([0m                                                           [36m│[0m
[36m│[0m [39m                [0m[33mname[0m[39m=[0m[32m'accuracy'[0m[39m,[0m                                                                                     [36m│[0m
[36m│[0m [39m                [0m[33mscorer[0m[39m=<class [0m[32m'olmo_eval.common.scorers.base.LogprobScorer'[0m[39m>[0m                                         [36m│[0m
[36m│[0m [39m            [0m[1;39m)[0m[39m,[0m                                                                                                       [36m│[0m
[36m│[0m [39m            [0m[33msampling_params[0m[39m=[0m[1;35mSamplingParams[0m[1;39m([0m                                                                          [36m│[0m
[36m│[0m [39m                [0m[33mmax_tokens[0m[39m=[0m[1;36m1[0m[39m,[0m                                                                                        [36m│[0m
[36m│[0m [39m                [0m[33mtemperature[0m[39m=[0m[1;36m0[0m[1;36m.0[0m[39m,[0m                                                                                     [36m│[0m
[36m│[0m [39m                [0m[33mnum_samples[0m[39m=[0m[1;36m1[0m[39m,[0m                                                                                       [36m│[0m
[36m│[0m [39m                [0m[33mdo_sample[0m[39m=[0m[3;92mTrue[0m                                                                                       [36m│[0m
[36m│[0m [39m            [0m[1;39m)[0m[39m,[0m                                                                                                       [36m│[0m
[36m│[0m [39m            [0m[33moutput_score_aggregation[0m[39m=<OutputScoreAggregation.MAX: [0m[32m'max'[0m[39m>,[0m                                            [36m│[0m
[36m│[0m [39m            [0m[33msandbox_allocation_weight[0m[39m=[0m[1;36m1[0m[1;36m.0[0m                                                                            [36m│[0m
[36m│[0m [39m        [0m[1;39m)[0m[39m,[0m                                                                                                           [36m│[0m
[36m│[0m [39m        [0m[1;35mTaskConfig[0m[1;39m([0m                                                                                                  [36m│[0m
[36m│[0m [39m            [0m[33mname[0m[39m=[0m[32m'mmlu_high_school_microeconomics:rc'[0m[39m,[0m                                                               [36m│[0m
[36m│[0m [39m            [0m[33mdata_source[0m[39m=[0m[1;35mDataSource[0m[1;39m([0m                                                                                  [36m│[0m
[36m│[0m [39m                [0m[33mpath[0m[39m=[0m[32m'cais/mmlu'[0m[39m,[0m                                                                                    [36m│[0m
[36m│[0m [39m                [0m[33msubset[0m[39m=[0m[32m'high_school_microeconomics'[0m[39m,[0m                                                                 [36m│[0m
[36m│[0m [39m                [0m[33msplit[0m[39m=[0m[32m'test'[0m[39m,[0m                                                                                        [36m│[0m
[36m│[0m [39m                [0m[33msource_type[0m[39m=<SourceType.HF: [0m[32m'hf'[0m[39m>[0m                                                                    [36m│[0m
[36m│[0m [39m            [0m[1;39m)[0m[39m,[0m                                                                                                       [36m│[0m
[36m│[0m [39m            [0m[33mmetrics[0m[39m=[0m[1;39m([0m                                                                                                [36m│[0m
[36m│[0m [39m                [0m[1;35mLogprobPerCharMCAccuracyMetric[0m[1;39m([0m                                                                      [36m│[0m
[36m│[0m [39m                    [0m[33mname[0m[39m=[0m[32m'accuracy'[0m[39m,[0m                                                                                 [36m│[0m
[36m│[0m [39m                    [0m[33mscorer[0m[39m=<class [0m[32m'olmo_eval.common.scorers.base.LogprobScorer'[0m[39m>[0m                                     [36m│[0m
[36m│[0m [39m                [0m[1;39m)[0m[39m,[0m                                                                                                   [36m│[0m
[36m│[0m [39m            [0m[1;39m)[0m[39m,[0m                                                                                                       [36m│[0m
[36m│[0m [39m            [0m[33mnum_fewshot[0m[39m=[0m[1;36m5[0m[39m,[0m                                                                                           [36m│[0m
[36m│[0m [39m            [0m[33mfewshot_seed[0m[39m=[0m[1;36m42[0m[39m,[0m                                                                                         [36m│[0m
[36m│[0m [39m            [0m[33mseed[0m[39m=[0m[1;36m42[0m[39m,[0m                                                                                                 [36m│[0m
[36m│[0m [39m            [0m[33msplit[0m[39m=<Split.TEST: [0m[32m'test'[0m[39m>,[0m                                                                              [36m│[0m
[36m│[0m [39m            [0m[33mprimary_metric[0m[39m=[0m[1;35mLogprobPerCharMCAccuracyMetric[0m[1;39m([0m                                                           [36m│[0m
[36m│[0m [39m                [0m[33mname[0m[39m=[0m[32m'accuracy'[0m[39m,[0m                                                                                     [36m│[0m
[36m│[0m [39m                [0m[33mscorer[0m[39m=<class [0m[32m'olmo_eval.common.scorers.base.LogprobScorer'[0m[39m>[0m                                         [36m│[0m
[36m│[0m [39m            [0m[1;39m)[0m[39m,[0m                                                                                                       [36m│[0m
[36m│[0m [39m            [0m[33msampling_params[0m[39m=[0m[1;35mSamplingParams[0m[1;39m([0m                                                                          [36m│[0m
[36m│[0m [39m                [0m[33mmax_tokens[0m[39m=[0m[1;36m1[0m[39m,[0m                                                                                        [36m│[0m
[36m│[0m [39m                [0m[33mtemperature[0m[39m=[0m[1;36m0[0m[1;36m.0[0m[39m,[0m                                                                                     [36m│[0m
[36m│[0m [39m                [0m[33mnum_samples[0m[39m=[0m[1;36m1[0m[39m,[0m                                                                                       [36m│[0m
[36m│[0m [39m                [0m[33mdo_sample[0m[39m=[0m[3;92mTrue[0m                                                                                       [36m│[0m
[36m│[0m [39m            [0m[1;39m)[0m[39m,[0m                                                                                                       [36m│[0m
[36m│[0m [39m            [0m[33moutput_score_aggregation[0m[39m=<OutputScoreAggregation.MAX: [0m[32m'max'[0m[39m>,[0m                                            [36m│[0m
[36m│[0m [39m            [0m[33msandbox_allocation_weight[0m[39m=[0m[1;36m1[0m[1;36m.0[0m                                                                            [36m│[0m
[36m│[0m [39m        [0m[1;39m)[0m[39m,[0m                                                                                                           [36m│[0m
[36m│[0m [39m        [0m[1;35mTaskConfig[0m[1;39m([0m                                                                                                  [36m│[0m
[36m│[0m [39m            [0m[33mname[0m[39m=[0m[32m'mmlu_high_school_psychology:rc'[0m[39m,[0m                                                                   [36m│[0m
[36m│[0m [39m            [0m[33mdata_source[0m[39m=[0m[1;35mDataSource[0m[1;39m([0m                                                                                  [36m│[0m
[36m│[0m [39m                [0m[33mpath[0m[39m=[0m[32m'cais/mmlu'[0m[39m,[0m                                                                                    [36m│[0m
[36m│[0m [39m                [0m[33msubset[0m[39m=[0m[32m'high_school_psychology'[0m[39m,[0m                                                                     [36m│[0m
[36m│[0m [39m                [0m[33msplit[0m[39m=[0m[32m'test'[0m[39m,[0m                                                                                        [36m│[0m
[36m│[0m [39m                [0m[33msource_type[0m[39m=<SourceType.HF: [0m[32m'hf'[0m[39m>[0m                                                                    [36m│[0m
[36m│[0m [39m            [0m[1;39m)[0m[39m,[0m                                                                                                       [36m│[0m
[36m│[0m [39m            [0m[33mmetrics[0m[39m=[0m[1;39m([0m                                                                                                [36m│[0m
[36m│[0m [39m                [0m[1;35mLogprobPerCharMCAccuracyMetric[0m[1;39m([0m                                                                      [36m│[0m
[36m│[0m [39m                    [0m[33mname[0m[39m=[0m[32m'accuracy'[0m[39m,[0m                                                                                 [36m│[0m
[36m│[0m [39m                    [0m[33mscorer[0m[39m=<class [0m[32m'olmo_eval.common.scorers.base.LogprobScorer'[0m[39m>[0m                                     [36m│[0m
[36m│[0m [39m                [0m[1;39m)[0m[39m,[0m                                                                                                   [36m│[0m
[36m│[0m [39m            [0m[1;39m)[0m[39m,[0m                                                                                                       [36m│[0m
[36m│[0m [39m            [0m[33mnum_fewshot[0m[39m=[0m[1;36m5[0m[39m,[0m                                                                                           [36m│[0m
[36m│[0m [39m            [0m[33mfewshot_seed[0m[39m=[0m[1;36m42[0m[39m,[0m                                                                                         [36m│[0m
[36m│[0m [39m            [0m[33mseed[0m[39m=[0m[1;36m42[0m[39m,[0m                                                                                                 [36m│[0m
[36m│[0m [39m            [0m[33msplit[0m[39m=<Split.TEST: [0m[32m'test'[0m[39m>,[0m                                                                              [36m│[0m
[36m│[0m [39m            [0m[33mprimary_metric[0m[39m=[0m[1;35mLogprobPerCharMCAccuracyMetric[0m[1;39m([0m                                                           [36m│[0m
[36m│[0m [39m                [0m[33mname[0m[39m=[0m[32m'accuracy'[0m[39m,[0m                                                                                     [36m│[0m
[36m│[0m [39m                [0m[33mscorer[0m[39m=<class [0m[32m'olmo_eval.common.scorers.base.LogprobScorer'[0m[39m>[0m                                         [36m│[0m
[36m│[0m [39m            [0m[1;39m)[0m[39m,[0m                                                                                                       [36m│[0m
[36m│[0m [39m            [0m[33msampling_params[0m[39m=[0m[1;35mSamplingParams[0m[1;39m([0m                                                                          [36m│[0m
[36m│[0m [39m                [0m[33mmax_tokens[0m[39m=[0m[1;36m1[0m[39m,[0m                                                                                        [36m│[0m
[36m│[0m [39m                [0m[33mtemperature[0m[39m=[0m[1;36m0[0m[1;36m.0[0m[39m,[0m                                                                                     [36m│[0m
[36m│[0m [39m                [0m[33mnum_samples[0m[39m=[0m[1;36m1[0m[39m,[0m                                                                                       [36m│[0m
[36m│[0m [39m                [0m[33mdo_sample[0m[39m=[0m[3;92mTrue[0m                                                                                       [36m│[0m
[36m│[0m [39m            [0m[1;39m)[0m[39m,[0m                                                                                                       [36m│[0m
[36m│[0m [39m            [0m[33moutput_score_aggregation[0m[39m=<OutputScoreAggregation.MAX: [0m[32m'max'[0m[39m>,[0m                                            [36m│[0m
[36m│[0m [39m            [0m[33msandbox_allocation_weight[0m[39m=[0m[1;36m1[0m[1;36m.0[0m                                                                            [36m│[0m
[36m│[0m [39m        [0m[1;39m)[0m[39m,[0m                                                                                                           [36m│[0m
[36m│[0m [39m        [0m[1;35mTaskConfig[0m[1;39m([0m                                                                                                  [36m│[0m
[36m│[0m [39m            [0m[33mname[0m[39m=[0m[32m'mmlu_human_sexuality:rc'[0m[39m,[0m                                                                          [36m│[0m
[36m│[0m [39m            [0m[33mdata_source[0m[39m=[0m[1;35mDataSource[0m[1;39m([0m                                                                                  [36m│[0m
[36m│[0m [39m                [0m[33mpath[0m[39m=[0m[32m'cais/mmlu'[0m[39m,[0m                                                                                    [36m│[0m
[36m│[0m [39m                [0m[33msubset[0m[39m=[0m[32m'human_sexuality'[0m[39m,[0m                                                                            [36m│[0m
[36m│[0m [39m                [0m[33msplit[0m[39m=[0m[32m'test'[0m[39m,[0m                                                                                        [36m│[0m
[36m│[0m [39m                [0m[33msource_type[0m[39m=<SourceType.HF: [0m[32m'hf'[0m[39m>[0m                                                                    [36m│[0m
[36m│[0m [39m            [0m[1;39m)[0m[39m,[0m                                                                                                       [36m│[0m
[36m│[0m [39m            [0m[33mmetrics[0m[39m=[0m[1;39m([0m                                                                                                [36m│[0m
[36m│[0m [39m                [0m[1;35mLogprobPerCharMCAccuracyMetric[0m[1;39m([0m                                                                      [36m│[0m
[36m│[0m [39m                    [0m[33mname[0m[39m=[0m[32m'accuracy'[0m[39m,[0m                                                                                 [36m│[0m
[36m│[0m [39m                    [0m[33mscorer[0m[39m=<class [0m[32m'olmo_eval.common.scorers.base.LogprobScorer'[0m[39m>[0m                                     [36m│[0m
[36m│[0m [39m                [0m[1;39m)[0m[39m,[0m                                                                                                   [36m│[0m
[36m│[0m [39m            [0m[1;39m)[0m[39m,[0m                                                                                                       [36m│[0m
[36m│[0m [39m            [0m[33mnum_fewshot[0m[39m=[0m[1;36m5[0m[39m,[0m                                                                                           [36m│[0m
[36m│[0m [39m            [0m[33mfewshot_seed[0m[39m=[0m[1;36m42[0m[39m,[0m                                                                                         [36m│[0m
[36m│[0m [39m            [0m[33mseed[0m[39m=[0m[1;36m42[0m[39m,[0m                                                                                                 [36m│[0m
[36m│[0m [39m            [0m[33msplit[0m[39m=<Split.TEST: [0m[32m'test'[0m[39m>,[0m                                                                              [36m│[0m
[36m│[0m [39m            [0m[33mprimary_metric[0m[39m=[0m[1;35mLogprobPerCharMCAccuracyMetric[0m[1;39m([0m                                                           [36m│[0m
[36m│[0m [39m                [0m[33mname[0m[39m=[0m[32m'accuracy'[0m[39m,[0m                                                                                     [36m│[0m
[36m│[0m [39m                [0m[33mscorer[0m[39m=<class [0m[32m'olmo_eval.common.scorers.base.LogprobScorer'[0m[39m>[0m                                         [36m│[0m
[36m│[0m [39m            [0m[1;39m)[0m[39m,[0m                                                                                                       [36m│[0m
[36m│[0m [39m            [0m[33msampling_params[0m[39m=[0m[1;35mSamplingParams[0m[1;39m([0m                                                                          [36m│[0m
[36m│[0m [39m                [0m[33mmax_tokens[0m[39m=[0m[1;36m1[0m[39m,[0m                                                                                        [36m│[0m
[36m│[0m [39m                [0m[33mtemperature[0m[39m=[0m[1;36m0[0m[1;36m.0[0m[39m,[0m                                                                                     [36m│[0m
[36m│[0m [39m                [0m[33mnum_samples[0m[39m=[0m[1;36m1[0m[39m,[0m                                                                                       [36m│[0m
[36m│[0m [39m                [0m[33mdo_sample[0m[39m=[0m[3;92mTrue[0m                                                                                       [36m│[0m
[36m│[0m [39m            [0m[1;39m)[0m[39m,[0m                                                                                                       [36m│[0m
[36m│[0m [39m            [0m[33moutput_score_aggregation[0m[39m=<OutputScoreAggregation.MAX: [0m[32m'max'[0m[39m>,[0m                                            [36m│[0m
[36m│[0m [39m            [0m[33msandbox_allocation_weight[0m[39m=[0m[1;36m1[0m[1;36m.0[0m                                                                            [36m│[0m
[36m│[0m [39m        [0m[1;39m)[0m[39m,[0m                                                                                                           [36m│[0m
[36m│[0m [39m        [0m[1;35mTaskConfig[0m[1;39m([0m                                                                                                  [36m│[0m
[36m│[0m [39m            [0m[33mname[0m[39m=[0m[32m'mmlu_professional_psychology:rc'[0m[39m,[0m                                                                  [36m│[0m
[36m│[0m [39m            [0m[33mdata_source[0m[39m=[0m[1;35mDataSource[0m[1;39m([0m                                                                                  [36m│[0m
[36m│[0m [39m                [0m[33mpath[0m[39m=[0m[32m'cais/mmlu'[0m[39m,[0m                                                                                    [36m│[0m
[36m│[0m [39m                [0m[33msubset[0m[39m=[0m[32m'professional_psychology'[0m[39m,[0m                                                                    [36m│[0m
[36m│[0m [39m                [0m[33msplit[0m[39m=[0m[32m'test'[0m[39m,[0m                                                                                        [36m│[0m
[36m│[0m [39m                [0m[33msource_type[0m[39m=<SourceType.HF: [0m[32m'hf'[0m[39m>[0m                                                                    [36m│[0m
[36m│[0m [39m            [0m[1;39m)[0m[39m,[0m                                                                                                       [36m│[0m
[36m│[0m [39m            [0m[33mmetrics[0m[39m=[0m[1;39m([0m                                                                                                [36m│[0m
[36m│[0m [39m                [0m[1;35mLogprobPerCharMCAccuracyMetric[0m[1;39m([0m                                                                      [36m│[0m
[36m│[0m [39m                    [0m[33mname[0m[39m=[0m[32m'accuracy'[0m[39m,[0m                                                                                 [36m│[0m
[36m│[0m [39m                    [0m[33mscorer[0m[39m=<class [0m[32m'olmo_eval.common.scorers.base.LogprobScorer'[0m[39m>[0m                                     [36m│[0m
[36m│[0m [39m                [0m[1;39m)[0m[39m,[0m                                                                                                   [36m│[0m
[36m│[0m [39m            [0m[1;39m)[0m[39m,[0m                                                                                                       [36m│[0m
[36m│[0m [39m            [0m[33mnum_fewshot[0m[39m=[0m[1;36m5[0m[39m,[0m                                                                                           [36m│[0m
[36m│[0m [39m            [0m[33mfewshot_seed[0m[39m=[0m[1;36m42[0m[39m,[0m                                                                                         [36m│[0m
[36m│[0m [39m            [0m[33mseed[0m[39m=[0m[1;36m42[0m[39m,[0m                                                                                                 [36m│[0m
[36m│[0m [39m            [0m[33msplit[0m[39m=<Split.TEST: [0m[32m'test'[0m[39m>,[0m                                                                              [36m│[0m
[36m│[0m [39m            [0m[33mprimary_metric[0m[39m=[0m[1;35mLogprobPerCharMCAccuracyMetric[0m[1;39m([0m                                                           [36m│[0m
[36m│[0m [39m                [0m[33mname[0m[39m=[0m[32m'accuracy'[0m[39m,[0m                                                                                     [36m│[0m
[36m│[0m [39m                [0m[33mscorer[0m[39m=<class [0m[32m'olmo_eval.common.scorers.base.LogprobScorer'[0m[39m>[0m                                         [36m│[0m
[36m│[0m [39m            [0m[1;39m)[0m[39m,[0m                                                                                                       [36m│[0m
[36m│[0m [39m            [0m[33msampling_params[0m[39m=[0m[1;35mSamplingParams[0m[1;39m([0m                                                                          [36m│[0m
[36m│[0m [39m                [0m[33mmax_tokens[0m[39m=[0m[1;36m1[0m[39m,[0m                                                                                        [36m│[0m
[36m│[0m [39m                [0m[33mtemperature[0m[39m=[0m[1;36m0[0m[1;36m.0[0m[39m,[0m                                                                                     [36m│[0m
[36m│[0m [39m                [0m[33mnum_samples[0m[39m=[0m[1;36m1[0m[39m,[0m                                                                                       [36m│[0m
[36m│[0m [39m                [0m[33mdo_sample[0m[39m=[0m[3;92mTrue[0m                                                                                       [36m│[0m
[36m│[0m [39m            [0m[1;39m)[0m[39m,[0m                                                                                                       [36m│[0m
[36m│[0m [39m            [0m[33moutput_score_aggregation[0m[39m=<OutputScoreAggregation.MAX: [0m[32m'max'[0m[39m>,[0m                                            [36m│[0m
[36m│[0m [39m            [0m[33msandbox_allocation_weight[0m[39m=[0m[1;36m1[0m[1;36m.0[0m                                                                            [36m│[0m
[36m│[0m [39m        [0m[1;39m)[0m[39m,[0m                                                                                                           [36m│[0m
[36m│[0m [39m        [0m[1;35mTaskConfig[0m[1;39m([0m                                                                                                  [36m│[0m
[36m│[0m [39m            [0m[33mname[0m[39m=[0m[32m'mmlu_public_relations:rc'[0m[39m,[0m                                                                         [36m│[0m
[36m│[0m [39m            [0m[33mdata_source[0m[39m=[0m[1;35mDataSource[0m[1;39m([0m                                                                                  [36m│[0m
[36m│[0m [39m                [0m[33mpath[0m[39m=[0m[32m'cais/mmlu'[0m[39m,[0m                                                                                    [36m│[0m
[36m│[0m [39m                [0m[33msubset[0m[39m=[0m[32m'public_relations'[0m[39m,[0m                                                                           [36m│[0m
[36m│[0m [39m                [0m[33msplit[0m[39m=[0m[32m'test'[0m[39m,[0m                                                                                        [36m│[0m
[36m│[0m [39m                [0m[33msource_type[0m[39m=<SourceType.HF: [0m[32m'hf'[0m[39m>[0m                                                                    [36m│[0m
[36m│[0m [39m            [0m[1;39m)[0m[39m,[0m                                                                                                       [36m│[0m
[36m│[0m [39m            [0m[33mmetrics[0m[39m=[0m[1;39m([0m                                                                                                [36m│[0m
[36m│[0m [39m                [0m[1;35mLogprobPerCharMCAccuracyMetric[0m[1;39m([0m                                                                      [36m│[0m
[36m│[0m [39m                    [0m[33mname[0m[39m=[0m[32m'accuracy'[0m[39m,[0m                                                                                 [36m│[0m
[36m│[0m [39m                    [0m[33mscorer[0m[39m=<class [0m[32m'olmo_eval.common.scorers.base.LogprobScorer'[0m[39m>[0m                                     [36m│[0m
[36m│[0m [39m                [0m[1;39m)[0m[39m,[0m                                                                                                   [36m│[0m
[36m│[0m [39m            [0m[1;39m)[0m[39m,[0m                                                                                                       [36m│[0m
[36m│[0m [39m            [0m[33mnum_fewshot[0m[39m=[0m[1;36m5[0m[39m,[0m                                                                                           [36m│[0m
[36m│[0m [39m            [0m[33mfewshot_seed[0m[39m=[0m[1;36m42[0m[39m,[0m                                                                                         [36m│[0m
[36m│[0m [39m            [0m[33mseed[0m[39m=[0m[1;36m42[0m[39m,[0m                                                                                                 [36m│[0m
[36m│[0m [39m            [0m[33msplit[0m[39m=<Split.TEST: [0m[32m'test'[0m[39m>,[0m                                                                              [36m│[0m
[36m│[0m [39m            [0m[33mprimary_metric[0m[39m=[0m[1;35mLogprobPerCharMCAccuracyMetric[0m[1;39m([0m                                                           [36m│[0m
[36m│[0m [39m                [0m[33mname[0m[39m=[0m[32m'accuracy'[0m[39m,[0m                                                                                     [36m│[0m
[36m│[0m [39m                [0m[33mscorer[0m[39m=<class [0m[32m'olmo_eval.common.scorers.base.LogprobScorer'[0m[39m>[0m                                         [36m│[0m
[36m│[0m [39m            [0m[1;39m)[0m[39m,[0m                                                                                                       [36m│[0m
[36m│[0m [39m            [0m[33msampling_params[0m[39m=[0m[1;35mSamplingParams[0m[1;39m([0m                                                                          [36m│[0m
[36m│[0m [39m                [0m[33mmax_tokens[0m[39m=[0m[1;36m1[0m[39m,[0m                                                                                        [36m│[0m
[36m│[0m [39m                [0m[33mtemperature[0m[39m=[0m[1;36m0[0m[1;36m.0[0m[39m,[0m                                                                                     [36m│[0m
[36m│[0m [39m                [0m[33mnum_samples[0m[39m=[0m[1;36m1[0m[39m,[0m                                                                                       [36m│[0m
[36m│[0m [39m                [0m[33mdo_sample[0m[39m=[0m[3;92mTrue[0m                                                                                       [36m│[0m
[36m│[0m [39m            [0m[1;39m)[0m[39m,[0m                                                                                                       [36m│[0m
[36m│[0m [39m            [0m[33moutput_score_aggregation[0m[39m=<OutputScoreAggregation.MAX: [0m[32m'max'[0m[39m>,[0m                                            [36m│[0m
[36m│[0m [39m            [0m[33msandbox_allocation_weight[0m[39m=[0m[1;36m1[0m[1;36m.0[0m                                                                            [36m│[0m
[36m│[0m [39m        [0m[1;39m)[0m[39m,[0m                                                                                                           [36m│[0m
[36m│[0m [39m        [0m[1;35mTaskConfig[0m[1;39m([0m                                                                                                  [36m│[0m
[36m│[0m [39m            [0m[33mname[0m[39m=[0m[32m'mmlu_security_studies:rc'[0m[39m,[0m                                                                         [36m│[0m
[36m│[0m [39m            [0m[33mdata_source[0m[39m=[0m[1;35mDataSource[0m[1;39m([0m                                                                                  [36m│[0m
[36m│[0m [39m                [0m[33mpath[0m[39m=[0m[32m'cais/mmlu'[0m[39m,[0m                                                                                    [36m│[0m
[36m│[0m [39m                [0m[33msubset[0m[39m=[0m[32m'security_studies'[0m[39m,[0m                                                                           [36m│[0m
[36m│[0m [39m                [0m[33msplit[0m[39m=[0m[32m'test'[0m[39m,[0m                                                                                        [36m│[0m
[36m│[0m [39m                [0m[33msource_type[0m[39m=<SourceType.HF: [0m[32m'hf'[0m[39m>[0m                                                                    [36m│[0m
[36m│[0m [39m            [0m[1;39m)[0m[39m,[0m                                                                                                       [36m│[0m
[36m│[0m [39m            [0m[33mmetrics[0m[39m=[0m[1;39m([0m                                                                                                [36m│[0m
[36m│[0m [39m                [0m[1;35mLogprobPerCharMCAccuracyMetric[0m[1;39m([0m                                                                      [36m│[0m
[36m│[0m [39m                    [0m[33mname[0m[39m=[0m[32m'accuracy'[0m[39m,[0m                                                                                 [36m│[0m
[36m│[0m [39m                    [0m[33mscorer[0m[39m=<class [0m[32m'olmo_eval.common.scorers.base.LogprobScorer'[0m[39m>[0m                                     [36m│[0m
[36m│[0m [39m                [0m[1;39m)[0m[39m,[0m                                                                                                   [36m│[0m
[36m│[0m [39m            [0m[1;39m)[0m[39m,[0m                                                                                                       [36m│[0m
[36m│[0m [39m            [0m[33mnum_fewshot[0m[39m=[0m[1;36m5[0m[39m,[0m                                                                                           [36m│[0m
[36m│[0m [39m            [0m[33mfewshot_seed[0m[39m=[0m[1;36m42[0m[39m,[0m                                                                                         [36m│[0m
[36m│[0m [39m            [0m[33mseed[0m[39m=[0m[1;36m42[0m[39m,[0m                                                                                                 [36m│[0m
[36m│[0m [39m            [0m[33msplit[0m[39m=<Split.TEST: [0m[32m'test'[0m[39m>,[0m                                                                              [36m│[0m
[36m│[0m [39m            [0m[33mprimary_metric[0m[39m=[0m[1;35mLogprobPerCharMCAccuracyMetric[0m[1;39m([0m                                                           [36m│[0m
[36m│[0m [39m                [0m[33mname[0m[39m=[0m[32m'accuracy'[0m[39m,[0m                                                                                     [36m│[0m
[36m│[0m [39m                [0m[33mscorer[0m[39m=<class [0m[32m'olmo_eval.common.scorers.base.LogprobScorer'[0m[39m>[0m                                         [36m│[0m
[36m│[0m [39m            [0m[1;39m)[0m[39m,[0m                                                                                                       [36m│[0m
[36m│[0m [39m            [0m[33msampling_params[0m[39m=[0m[1;35mSamplingParams[0m[1;39m([0m                                                                          [36m│[0m
[36m│[0m [39m                [0m[33mmax_tokens[0m[39m=[0m[1;36m1[0m[39m,[0m                                                                                        [36m│[0m
[36m│[0m [39m                [0m[33mtemperature[0m[39m=[0m[1;36m0[0m[1;36m.0[0m[39m,[0m                                                                                     [36m│[0m
[36m│[0m [39m                [0m[33mnum_samples[0m[39m=[0m[1;36m1[0m[39m,[0m                                                                                       [36m│[0m
[36m│[0m [39m                [0m[33mdo_sample[0m[39m=[0m[3;92mTrue[0m                                                                                       [36m│[0m
[36m│[0m [39m            [0m[1;39m)[0m[39m,[0m                                                                                                       [36m│[0m
[36m│[0m [39m            [0m[33moutput_score_aggregation[0m[39m=<OutputScoreAggregation.MAX: [0m[32m'max'[0m[39m>,[0m                                            [36m│[0m
[36m│[0m [39m            [0m[33msandbox_allocation_weight[0m[39m=[0m[1;36m1[0m[1;36m.0[0m                                                                            [36m│[0m
[36m│[0m [39m        [0m[1;39m)[0m[39m,[0m                                                                                                           [36m│[0m
[36m│[0m [39m        [0m[1;35mTaskConfig[0m[1;39m([0m                                                                                                  [36m│[0m
[36m│[0m [39m            [0m[33mname[0m[39m=[0m[32m'mmlu_sociology:rc'[0m[39m,[0m                                                                                [36m│[0m
[36m│[0m [39m            [0m[33mdata_source[0m[39m=[0m[1;35mDataSource[0m[1;39m([0m                                                                                  [36m│[0m
[36m│[0m [39m                [0m[33mpath[0m[39m=[0m[32m'cais/mmlu'[0m[39m,[0m                                                                                    [36m│[0m
[36m│[0m [39m                [0m[33msubset[0m[39m=[0m[32m'sociology'[0m[39m,[0m                                                                                  [36m│[0m
[36m│[0m [39m                [0m[33msplit[0m[39m=[0m[32m'test'[0m[39m,[0m                                                                                        [36m│[0m
[36m│[0m [39m                [0m[33msource_type[0m[39m=<SourceType.HF: [0m[32m'hf'[0m[39m>[0m                                                                    [36m│[0m
[36m│[0m [39m            [0m[1;39m)[0m[39m,[0m                                                                                                       [36m│[0m
[36m│[0m [39m            [0m[33mmetrics[0m[39m=[0m[1;39m([0m                                                                                                [36m│[0m
[36m│[0m [39m                [0m[1;35mLogprobPerCharMCAccuracyMetric[0m[1;39m([0m                                                                      [36m│[0m
[36m│[0m [39m                    [0m[33mname[0m[39m=[0m[32m'accuracy'[0m[39m,[0m                                                                                 [36m│[0m
[36m│[0m [39m                    [0m[33mscorer[0m[39m=<class [0m[32m'olmo_eval.common.scorers.base.LogprobScorer'[0m[39m>[0m                                     [36m│[0m
[36m│[0m [39m                [0m[1;39m)[0m[39m,[0m                                                                                                   [36m│[0m
[36m│[0m [39m            [0m[1;39m)[0m[39m,[0m                                                                                                       [36m│[0m
[36m│[0m [39m            [0m[33mnum_fewshot[0m[39m=[0m[1;36m5[0m[39m,[0m                                                                                           [36m│[0m
[36m│[0m [39m            [0m[33mfewshot_seed[0m[39m=[0m[1;36m42[0m[39m,[0m                                                                                         [36m│[0m
[36m│[0m [39m            [0m[33mseed[0m[39m=[0m[1;36m42[0m[39m,[0m                                                                                                 [36m│[0m
[36m│[0m [39m            [0m[33msplit[0m[39m=<Split.TEST: [0m[32m'test'[0m[39m>,[0m                                                                              [36m│[0m
[36m│[0m [39m            [0m[33mprimary_metric[0m[39m=[0m[1;35mLogprobPerCharMCAccuracyMetric[0m[1;39m([0m                                                           [36m│[0m
[36m│[0m [39m                [0m[33mname[0m[39m=[0m[32m'accuracy'[0m[39m,[0m                                                                                     [36m│[0m
[36m│[0m [39m                [0m[33mscorer[0m[39m=<class [0m[32m'olmo_eval.common.scorers.base.LogprobScorer'[0m[39m>[0m                                         [36m│[0m
[36m│[0m [39m            [0m[1;39m)[0m[39m,[0m                                                                                                       [36m│[0m
[36m│[0m [39m            [0m[33msampling_params[0m[39m=[0m[1;35mSamplingParams[0m[1;39m([0m                                                                          [36m│[0m
[36m│[0m [39m                [0m[33mmax_tokens[0m[39m=[0m[1;36m1[0m[39m,[0m                                                                                        [36m│[0m
[36m│[0m [39m                [0m[33mtemperature[0m[39m=[0m[1;36m0[0m[1;36m.0[0m[39m,[0m                                                                                     [36m│[0m
[36m│[0m [39m                [0m[33mnum_samples[0m[39m=[0m[1;36m1[0m[39m,[0m                                                                                       [36m│[0m
[36m│[0m [39m                [0m[33mdo_sample[0m[39m=[0m[3;92mTrue[0m                                                                                       [36m│[0m
[36m│[0m [39m            [0m[1;39m)[0m[39m,[0m                                                                                                       [36m│[0m
[36m│[0m [39m            [0m[33moutput_score_aggregation[0m[39m=<OutputScoreAggregation.MAX: [0m[32m'max'[0m[39m>,[0m                                            [36m│[0m
[36m│[0m [39m            [0m[33msandbox_allocation_weight[0m[39m=[0m[1;36m1[0m[1;36m.0[0m                                                                            [36m│[0m
[36m│[0m [39m        [0m[1;39m)[0m[39m,[0m                                                                                                           [36m│[0m
[36m│[0m [39m        [0m[1;35mTaskConfig[0m[1;39m([0m                                                                                                  [36m│[0m
[36m│[0m [39m            [0m[33mname[0m[39m=[0m[32m'mmlu_us_foreign_policy:rc'[0m[39m,[0m                                                                        [36m│[0m
[36m│[0m [39m            [0m[33mdata_source[0m[39m=[0m[1;35mDataSource[0m[1;39m([0m                                                                                  [36m│[0m
[36m│[0m [39m                [0m[33mpath[0m[39m=[0m[32m'cais/mmlu'[0m[39m,[0m                                                                                    [36m│[0m
[36m│[0m [39m                [0m[33msubset[0m[39m=[0m[32m'us_foreign_policy'[0m[39m,[0m                                                                          [36m│[0m
[36m│[0m [39m                [0m[33msplit[0m[39m=[0m[32m'test'[0m[39m,[0m                                                                                        [36m│[0m
[36m│[0m [39m                [0m[33msource_type[0m[39m=<SourceType.HF: [0m[32m'hf'[0m[39m>[0m                                                                    [36m│[0m
[36m│[0m [39m            [0m[1;39m)[0m[39m,[0m                                                                                                       [36m│[0m
[36m│[0m [39m            [0m[33mmetrics[0m[39m=[0m[1;39m([0m                                                                                                [36m│[0m
[36m│[0m [39m                [0m[1;35mLogprobPerCharMCAccuracyMetric[0m[1;39m([0m                                                                      [36m│[0m
[36m│[0m [39m                    [0m[33mname[0m[39m=[0m[32m'accuracy'[0m[39m,[0m                                                                                 [36m│[0m
[36m│[0m [39m                    [0m[33mscorer[0m[39m=<class [0m[32m'olmo_eval.common.scorers.base.LogprobScorer'[0m[39m>[0m                                     [36m│[0m
[36m│[0m [39m                [0m[1;39m)[0m[39m,[0m                                                                                                   [36m│[0m
[36m│[0m [39m            [0m[1;39m)[0m[39m,[0m                                                                                                       [36m│[0m
[36m│[0m [39m            [0m[33mnum_fewshot[0m[39m=[0m[1;36m5[0m[39m,[0m                                                                                           [36m│[0m
[36m│[0m [39m            [0m[33mfewshot_seed[0m[39m=[0m[1;36m42[0m[39m,[0m                                                                                         [36m│[0m
[36m│[0m [39m            [0m[33mseed[0m[39m=[0m[1;36m42[0m[39m,[0m                                                                                                 [36m│[0m
[36m│[0m [39m            [0m[33msplit[0m[39m=<Split.TEST: [0m[32m'test'[0m[39m>,[0m                                                                              [36m│[0m
[36m│[0m [39m            [0m[33mprimary_metric[0m[39m=[0m[1;35mLogprobPerCharMCAccuracyMetric[0m[1;39m([0m                                                           [36m│[0m
[36m│[0m [39m                [0m[33mname[0m[39m=[0m[32m'accuracy'[0m[39m,[0m                                                                                     [36m│[0m
[36m│[0m [39m                [0m[33mscorer[0m[39m=<class [0m[32m'olmo_eval.common.scorers.base.LogprobScorer'[0m[39m>[0m                                         [36m│[0m
[36m│[0m [39m            [0m[1;39m)[0m[39m,[0m                                                                                                       [36m│[0m
[36m│[0m [39m            [0m[33msampling_params[0m[39m=[0m[1;35mSamplingParams[0m[1;39m([0m                                                                          [36m│[0m
[36m│[0m [39m                [0m[33mmax_tokens[0m[39m=[0m[1;36m1[0m[39m,[0m                                                                                        [36m│[0m
[36m│[0m [39m                [0m[33mtemperature[0m[39m=[0m[1;36m0[0m[1;36m.0[0m[39m,[0m                                                                                     [36m│[0m
[36m│[0m [39m                [0m[33mnum_samples[0m[39m=[0m[1;36m1[0m[39m,[0m                                                                                       [36m│[0m
[36m│[0m [39m                [0m[33mdo_sample[0m[39m=[0m[3;92mTrue[0m                                                                                       [36m│[0m
[36m│[0m [39m            [0m[1;39m)[0m[39m,[0m                                                                                                       [36m│[0m
[36m│[0m [39m            [0m[33moutput_score_aggregation[0m[39m=<OutputScoreAggregation.MAX: [0m[32m'max'[0m[39m>,[0m                                            [36m│[0m
[36m│[0m [39m            [0m[33msandbox_allocation_weight[0m[39m=[0m[1;36m1[0m[1;36m.0[0m                                                                            [36m│[0m
[36m│[0m [39m        [0m[1;39m)[0m[39m,[0m                                                                                                           [36m│[0m
[36m│[0m [39m        [0m[1;35mTaskConfig[0m[1;39m([0m                                                                                                  [36m│[0m
[36m│[0m [39m            [0m[33mname[0m[39m=[0m[32m'mmlu_anatomy:rc'[0m[39m,[0m                                                                                  [36m│[0m
[36m│[0m [39m            [0m[33mdata_source[0m[39m=[0m[1;35mDataSource[0m[1;39m([0m                                                                                  [36m│[0m
[36m│[0m [39m                [0m[33mpath[0m[39m=[0m[32m'cais/mmlu'[0m[39m,[0m                                                                                    [36m│[0m
[36m│[0m [39m                [0m[33msubset[0m[39m=[0m[32m'anatomy'[0m[39m,[0m                                                                                    [36m│[0m
[36m│[0m [39m                [0m[33msplit[0m[39m=[0m[32m'test'[0m[39m,[0m                                                                                        [36m│[0m
[36m│[0m [39m                [0m[33msource_type[0m[39m=<SourceType.HF: [0m[32m'hf'[0m[39m>[0m                                                                    [36m│[0m
[36m│[0m [39m            [0m[1;39m)[0m[39m,[0m                                                                                                       [36m│[0m
[36m│[0m [39m            [0m[33mmetrics[0m[39m=[0m[1;39m([0m                                                                                                [36m│[0m
[36m│[0m [39m                [0m[1;35mLogprobPerCharMCAccuracyMetric[0m[1;39m([0m                                                                      [36m│[0m
[36m│[0m [39m                    [0m[33mname[0m[39m=[0m[32m'accuracy'[0m[39m,[0m                                                                                 [36m│[0m
[36m│[0m [39m                    [0m[33mscorer[0m[39m=<class [0m[32m'olmo_eval.common.scorers.base.LogprobScorer'[0m[39m>[0m                                     [36m│[0m
[36m│[0m [39m                [0m[1;39m)[0m[39m,[0m                                                                                                   [36m│[0m
[36m│[0m [39m            [0m[1;39m)[0m[39m,[0m                                                                                                       [36m│[0m
[36m│[0m [39m            [0m[33mnum_fewshot[0m[39m=[0m[1;36m5[0m[39m,[0m                                                                                           [36m│[0m
[36m│[0m [39m            [0m[33mfewshot_seed[0m[39m=[0m[1;36m42[0m[39m,[0m                                                                                         [36m│[0m
[36m│[0m [39m            [0m[33mseed[0m[39m=[0m[1;36m42[0m[39m,[0m                                                                                                 [36m│[0m
[36m│[0m [39m            [0m[33msplit[0m[39m=<Split.TEST: [0m[32m'test'[0m[39m>,[0m                                                                              [36m│[0m
[36m│[0m [39m            [0m[33mprimary_metric[0m[39m=[0m[1;35mLogprobPerCharMCAccuracyMetric[0m[1;39m([0m                                                           [36m│[0m
[36m│[0m [39m                [0m[33mname[0m[39m=[0m[32m'accuracy'[0m[39m,[0m                                                                                     [36m│[0m
[36m│[0m [39m                [0m[33mscorer[0m[39m=<class [0m[32m'olmo_eval.common.scorers.base.LogprobScorer'[0m[39m>[0m                                         [36m│[0m
[36m│[0m [39m            [0m[1;39m)[0m[39m,[0m                                                                                                       [36m│[0m
[36m│[0m [39m            [0m[33msampling_params[0m[39m=[0m[1;35mSamplingParams[0m[1;39m([0m                                                                          [36m│[0m
[36m│[0m [39m                [0m[33mmax_tokens[0m[39m=[0m[1;36m1[0m[39m,[0m                                                                                        [36m│[0m
[36m│[0m [39m                [0m[33mtemperature[0m[39m=[0m[1;36m0[0m[1;36m.0[0m[39m,[0m                                                                                     [36m│[0m
[36m│[0m [39m                [0m[33mnum_samples[0m[39m=[0m[1;36m1[0m[39m,[0m                                                                                       [36m│[0m
[36m│[0m [39m                [0m[33mdo_sample[0m[39m=[0m[3;92mTrue[0m                                                                                       [36m│[0m
[36m│[0m [39m            [0m[1;39m)[0m[39m,[0m                                                                                                       [36m│[0m
[36m│[0m [39m            [0m[33moutput_score_aggregation[0m[39m=<OutputScoreAggregation.MAX: [0m[32m'max'[0m[39m>,[0m                                            [36m│[0m
[36m│[0m [39m            [0m[33msandbox_allocation_weight[0m[39m=[0m[1;36m1[0m[1;36m.0[0m                                                                            [36m│[0m
[36m│[0m [39m        [0m[1;39m)[0m[39m,[0m                                                                                                           [36m│[0m
[36m│[0m [39m        [0m[1;35mTaskConfig[0m[1;39m([0m                                                                                                  [36m│[0m
[36m│[0m [39m            [0m[33mname[0m[39m=[0m[32m'mmlu_business_ethics:rc'[0m[39m,[0m                                                                          [36m│[0m
[36m│[0m [39m            [0m[33mdata_source[0m[39m=[0m[1;35mDataSource[0m[1;39m([0m                                                                                  [36m│[0m
[36m│[0m [39m                [0m[33mpath[0m[39m=[0m[32m'cais/mmlu'[0m[39m,[0m                                                                                    [36m│[0m
[36m│[0m [39m                [0m[33msubset[0m[39m=[0m[32m'business_ethics'[0m[39m,[0m                                                                            [36m│[0m
[36m│[0m [39m                [0m[33msplit[0m[39m=[0m[32m'test'[0m[39m,[0m                                                                                        [36m│[0m
[36m│[0m [39m                [0m[33msource_type[0m[39m=<SourceType.HF: [0m[32m'hf'[0m[39m>[0m                                                                    [36m│[0m
[36m│[0m [39m            [0m[1;39m)[0m[39m,[0m                                                                                                       [36m│[0m
[36m│[0m [39m            [0m[33mmetrics[0m[39m=[0m[1;39m([0m                                                                                                [36m│[0m
[36m│[0m [39m                [0m[1;35mLogprobPerCharMCAccuracyMetric[0m[1;39m([0m                                                                      [36m│[0m
[36m│[0m [39m                    [0m[33mname[0m[39m=[0m[32m'accuracy'[0m[39m,[0m                                                                                 [36m│[0m
[36m│[0m [39m                    [0m[33mscorer[0m[39m=<class [0m[32m'olmo_eval.common.scorers.base.LogprobScorer'[0m[39m>[0m                                     [36m│[0m
[36m│[0m [39m                [0m[1;39m)[0m[39m,[0m                                                                                                   [36m│[0m
[36m│[0m [39m            [0m[1;39m)[0m[39m,[0m                                                                                                       [36m│[0m
[36m│[0m [39m            [0m[33mnum_fewshot[0m[39m=[0m[1;36m5[0m[39m,[0m                                                                                           [36m│[0m
[36m│[0m [39m            [0m[33mfewshot_seed[0m[39m=[0m[1;36m42[0m[39m,[0m                                                                                         [36m│[0m
[36m│[0m [39m            [0m[33mseed[0m[39m=[0m[1;36m42[0m[39m,[0m                                                                                                 [36m│[0m
[36m│[0m [39m            [0m[33msplit[0m[39m=<Split.TEST: [0m[32m'test'[0m[39m>,[0m                                                                              [36m│[0m
[36m│[0m [39m            [0m[33mprimary_metric[0m[39m=[0m[1;35mLogprobPerCharMCAccuracyMetric[0m[1;39m([0m                                                           [36m│[0m
[36m│[0m [39m                [0m[33mname[0m[39m=[0m[32m'accuracy'[0m[39m,[0m                                                                                     [36m│[0m
[36m│[0m [39m                [0m[33mscorer[0m[39m=<class [0m[32m'olmo_eval.common.scorers.base.LogprobScorer'[0m[39m>[0m                                         [36m│[0m
[36m│[0m [39m            [0m[1;39m)[0m[39m,[0m                                                                                                       [36m│[0m
[36m│[0m [39m            [0m[33msampling_params[0m[39m=[0m[1;35mSamplingParams[0m[1;39m([0m                                                                          [36m│[0m
[36m│[0m [39m                [0m[33mmax_tokens[0m[39m=[0m[1;36m1[0m[39m,[0m                                                                                        [36m│[0m
[36m│[0m [39m                [0m[33mtemperature[0m[39m=[0m[1;36m0[0m[1;36m.0[0m[39m,[0m                                                                                     [36m│[0m
[36m│[0m [39m                [0m[33mnum_samples[0m[39m=[0m[1;36m1[0m[39m,[0m                                                                                       [36m│[0m
[36m│[0m [39m                [0m[33mdo_sample[0m[39m=[0m[3;92mTrue[0m                                                                                       [36m│[0m
[36m│[0m [39m            [0m[1;39m)[0m[39m,[0m                                                                                                       [36m│[0m
[36m│[0m [39m            [0m[33moutput_score_aggregation[0m[39m=<OutputScoreAggregation.MAX: [0m[32m'max'[0m[39m>,[0m                                            [36m│[0m
[36m│[0m [39m            [0m[33msandbox_allocation_weight[0m[39m=[0m[1;36m1[0m[1;36m.0[0m                                                                            [36m│[0m
[36m│[0m [39m        [0m[1;39m)[0m[39m,[0m                                                                                                           [36m│[0m
[36m│[0m [39m        [0m[1;35mTaskConfig[0m[1;39m([0m                                                                                                  [36m│[0m
[36m│[0m [39m            [0m[33mname[0m[39m=[0m[32m'mmlu_clinical_knowledge:rc'[0m[39m,[0m                                                                       [36m│[0m
[36m│[0m [39m            [0m[33mdata_source[0m[39m=[0m[1;35mDataSource[0m[1;39m([0m                                                                                  [36m│[0m
[36m│[0m [39m                [0m[33mpath[0m[39m=[0m[32m'cais/mmlu'[0m[39m,[0m                                                                                    [36m│[0m
[36m│[0m [39m                [0m[33msubset[0m[39m=[0m[32m'clinical_knowledge'[0m[39m,[0m                                                                         [36m│[0m
[36m│[0m [39m                [0m[33msplit[0m[39m=[0m[32m'test'[0m[39m,[0m                                                                                        [36m│[0m
[36m│[0m [39m                [0m[33msource_type[0m[39m=<SourceType.HF: [0m[32m'hf'[0m[39m>[0m                                                                    [36m│[0m
[36m│[0m [39m            [0m[1;39m)[0m[39m,[0m                                                                                                       [36m│[0m
[36m│[0m [39m            [0m[33mmetrics[0m[39m=[0m[1;39m([0m                                                                                                [36m│[0m
[36m│[0m [39m                [0m[1;35mLogprobPerCharMCAccuracyMetric[0m[1;39m([0m                                                                      [36m│[0m
[36m│[0m [39m                    [0m[33mname[0m[39m=[0m[32m'accuracy'[0m[39m,[0m                                                                                 [36m│[0m
[36m│[0m [39m                    [0m[33mscorer[0m[39m=<class [0m[32m'olmo_eval.common.scorers.base.LogprobScorer'[0m[39m>[0m                                     [36m│[0m
[36m│[0m [39m                [0m[1;39m)[0m[39m,[0m                                                                                                   [36m│[0m
[36m│[0m [39m            [0m[1;39m)[0m[39m,[0m                                                                                                       [36m│[0m
[36m│[0m [39m            [0m[33mnum_fewshot[0m[39m=[0m[1;36m5[0m[39m,[0m                                                                                           [36m│[0m
[36m│[0m [39m            [0m[33mfewshot_seed[0m[39m=[0m[1;36m42[0m[39m,[0m                                                                                         [36m│[0m
[36m│[0m [39m            [0m[33mseed[0m[39m=[0m[1;36m42[0m[39m,[0m                                                                                                 [36m│[0m
[36m│[0m [39m            [0m[33msplit[0m[39m=<Split.TEST: [0m[32m'test'[0m[39m>,[0m                                                                              [36m│[0m
[36m│[0m [39m            [0m[33mprimary_metric[0m[39m=[0m[1;35mLogprobPerCharMCAccuracyMetric[0m[1;39m([0m                                                           [36m│[0m
[36m│[0m [39m                [0m[33mname[0m[39m=[0m[32m'accuracy'[0m[39m,[0m                                                                                     [36m│[0m
[36m│[0m [39m                [0m[33mscorer[0m[39m=<class [0m[32m'olmo_eval.common.scorers.base.LogprobScorer'[0m[39m>[0m                                         [36m│[0m
[36m│[0m [39m            [0m[1;39m)[0m[39m,[0m                                                                                                       [36m│[0m
[36m│[0m [39m            [0m[33msampling_params[0m[39m=[0m[1;35mSamplingParams[0m[1;39m([0m                                                                          [36m│[0m
[36m│[0m [39m                [0m[33mmax_tokens[0m[39m=[0m[1;36m1[0m[39m,[0m                                                                                        [36m│[0m
[36m│[0m [39m                [0m[33mtemperature[0m[39m=[0m[1;36m0[0m[1;36m.0[0m[39m,[0m                                                                                     [36m│[0m
[36m│[0m [39m                [0m[33mnum_samples[0m[39m=[0m[1;36m1[0m[39m,[0m                                                                                       [36m│[0m
[36m│[0m [39m                [0m[33mdo_sample[0m[39m=[0m[3;92mTrue[0m                                                                                       [36m│[0m
[36m│[0m [39m            [0m[1;39m)[0m[39m,[0m                                                                                                       [36m│[0m
[36m│[0m [39m            [0m[33moutput_score_aggregation[0m[39m=<OutputScoreAggregation.MAX: [0m[32m'max'[0m[39m>,[0m                                            [36m│[0m
[36m│[0m [39m            [0m[33msandbox_allocation_weight[0m[39m=[0m[1;36m1[0m[1;36m.0[0m                                                                            [36m│[0m
[36m│[0m [39m        [0m[1;39m)[0m[39m,[0m                                                                                                           [36m│[0m
[36m│[0m [39m        [0m[1;35mTaskConfig[0m[1;39m([0m                                                                                                  [36m│[0m
[36m│[0m [39m            [0m[33mname[0m[39m=[0m[32m'mmlu_college_medicine:rc'[0m[39m,[0m                                                                         [36m│[0m
[36m│[0m [39m            [0m[33mdata_source[0m[39m=[0m[1;35mDataSource[0m[1;39m([0m                                                                                  [36m│[0m
[36m│[0m [39m                [0m[33mpath[0m[39m=[0m[32m'cais/mmlu'[0m[39m,[0m                                                                                    [36m│[0m
[36m│[0m [39m                [0m[33msubset[0m[39m=[0m[32m'college_medicine'[0m[39m,[0m                                                                           [36m│[0m
[36m│[0m [39m                [0m[33msplit[0m[39m=[0m[32m'test'[0m[39m,[0m                                                                                        [36m│[0m
[36m│[0m [39m                [0m[33msource_type[0m[39m=<SourceType.HF: [0m[32m'hf'[0m[39m>[0m                                                                    [36m│[0m
[36m│[0m [39m            [0m[1;39m)[0m[39m,[0m                                                                                                       [36m│[0m
[36m│[0m [39m            [0m[33mmetrics[0m[39m=[0m[1;39m([0m                                                                                                [36m│[0m
[36m│[0m [39m                [0m[1;35mLogprobPerCharMCAccuracyMetric[0m[1;39m([0m                                                                      [36m│[0m
[36m│[0m [39m                    [0m[33mname[0m[39m=[0m[32m'accuracy'[0m[39m,[0m                                                                                 [36m│[0m
[36m│[0m [39m                    [0m[33mscorer[0m[39m=<class [0m[32m'olmo_eval.common.scorers.base.LogprobScorer'[0m[39m>[0m                                     [36m│[0m
[36m│[0m [39m                [0m[1;39m)[0m[39m,[0m                                                                                                   [36m│[0m
[36m│[0m [39m            [0m[1;39m)[0m[39m,[0m                                                                                                       [36m│[0m
[36m│[0m [39m            [0m[33mnum_fewshot[0m[39m=[0m[1;36m5[0m[39m,[0m                                                                                           [36m│[0m
[36m│[0m [39m            [0m[33mfewshot_seed[0m[39m=[0m[1;36m42[0m[39m,[0m                                                                                         [36m│[0m
[36m│[0m [39m            [0m[33mseed[0m[39m=[0m[1;36m42[0m[39m,[0m                                                                                                 [36m│[0m
[36m│[0m [39m            [0m[33msplit[0m[39m=<Split.TEST: [0m[32m'test'[0m[39m>,[0m                                                                              [36m│[0m
[36m│[0m [39m            [0m[33mprimary_metric[0m[39m=[0m[1;35mLogprobPerCharMCAccuracyMetric[0m[1;39m([0m                                                           [36m│[0m
[36m│[0m [39m                [0m[33mname[0m[39m=[0m[32m'accuracy'[0m[39m,[0m                                                                                     [36m│[0m
[36m│[0m [39m                [0m[33mscorer[0m[39m=<class [0m[32m'olmo_eval.common.scorers.base.LogprobScorer'[0m[39m>[0m                                         [36m│[0m
[36m│[0m [39m            [0m[1;39m)[0m[39m,[0m                                                                                                       [36m│[0m
[36m│[0m [39m            [0m[33msampling_params[0m[39m=[0m[1;35mSamplingParams[0m[1;39m([0m                                                                          [36m│[0m
[36m│[0m [39m                [0m[33mmax_tokens[0m[39m=[0m[1;36m1[0m[39m,[0m                                                                                        [36m│[0m
[36m│[0m [39m                [0m[33mtemperature[0m[39m=[0m[1;36m0[0m[1;36m.0[0m[39m,[0m                                                                                     [36m│[0m
[36m│[0m [39m                [0m[33mnum_samples[0m[39m=[0m[1;36m1[0m[39m,[0m                                                                                       [36m│[0m
[36m│[0m [39m                [0m[33mdo_sample[0m[39m=[0m[3;92mTrue[0m                                                                                       [36m│[0m
[36m│[0m [39m            [0m[1;39m)[0m[39m,[0m                                                                                                       [36m│[0m
[36m│[0m [39m            [0m[33moutput_score_aggregation[0m[39m=<OutputScoreAggregation.MAX: [0m[32m'max'[0m[39m>,[0m                                            [36m│[0m
[36m│[0m [39m            [0m[33msandbox_allocation_weight[0m[39m=[0m[1;36m1[0m[1;36m.0[0m                                                                            [36m│[0m
[36m│[0m [39m        [0m[1;39m)[0m[39m,[0m                                                                                                           [36m│[0m
[36m│[0m [39m        [0m[1;35mTaskConfig[0m[1;39m([0m                                                                                                  [36m│[0m
[36m│[0m [39m            [0m[33mname[0m[39m=[0m[32m'mmlu_global_facts:rc'[0m[39m,[0m                                                                             [36m│[0m
[36m│[0m [39m            [0m[33mdata_source[0m[39m=[0m[1;35mDataSource[0m[1;39m([0m                                                                                  [36m│[0m
[36m│[0m [39m                [0m[33mpath[0m[39m=[0m[32m'cais/mmlu'[0m[39m,[0m                                                                                    [36m│[0m
[36m│[0m [39m                [0m[33msubset[0m[39m=[0m[32m'global_facts'[0m[39m,[0m                                                                               [36m│[0m
[36m│[0m [39m                [0m[33msplit[0m[39m=[0m[32m'test'[0m[39m,[0m                                                                                        [36m│[0m
[36m│[0m [39m                [0m[33msource_type[0m[39m=<SourceType.HF: [0m[32m'hf'[0m[39m>[0m                                                                    [36m│[0m
[36m│[0m [39m            [0m[1;39m)[0m[39m,[0m                                                                                                       [36m│[0m
[36m│[0m [39m            [0m[33mmetrics[0m[39m=[0m[1;39m([0m                                                                                                [36m│[0m
[36m│[0m [39m                [0m[1;35mLogprobPerCharMCAccuracyMetric[0m[1;39m([0m                                                                      [36m│[0m
[36m│[0m [39m                    [0m[33mname[0m[39m=[0m[32m'accuracy'[0m[39m,[0m                                                                                 [36m│[0m
[36m│[0m [39m                    [0m[33mscorer[0m[39m=<class [0m[32m'olmo_eval.common.scorers.base.LogprobScorer'[0m[39m>[0m                                     [36m│[0m
[36m│[0m [39m                [0m[1;39m)[0m[39m,[0m                                                                                                   [36m│[0m
[36m│[0m [39m            [0m[1;39m)[0m[39m,[0m                                                                                                       [36m│[0m
[36m│[0m [39m            [0m[33mnum_fewshot[0m[39m=[0m[1;36m5[0m[39m,[0m                                                                                           [36m│[0m
[36m│[0m [39m            [0m[33mfewshot_seed[0m[39m=[0m[1;36m42[0m[39m,[0m                                                                                         [36m│[0m
[36m│[0m [39m            [0m[33mseed[0m[39m=[0m[1;36m42[0m[39m,[0m                                                                                                 [36m│[0m
[36m│[0m [39m            [0m[33msplit[0m[39m=<Split.TEST: [0m[32m'test'[0m[39m>,[0m                                                                              [36m│[0m
[36m│[0m [39m            [0m[33mprimary_metric[0m[39m=[0m[1;35mLogprobPerCharMCAccuracyMetric[0m[1;39m([0m                                                           [36m│[0m
[36m│[0m [39m                [0m[33mname[0m[39m=[0m[32m'accuracy'[0m[39m,[0m                                                                                     [36m│[0m
[36m│[0m [39m                [0m[33mscorer[0m[39m=<class [0m[32m'olmo_eval.common.scorers.base.LogprobScorer'[0m[39m>[0m                                         [36m│[0m
[36m│[0m [39m            [0m[1;39m)[0m[39m,[0m                                                                                                       [36m│[0m
[36m│[0m [39m            [0m[33msampling_params[0m[39m=[0m[1;35mSamplingParams[0m[1;39m([0m                                                                          [36m│[0m
[36m│[0m [39m                [0m[33mmax_tokens[0m[39m=[0m[1;36m1[0m[39m,[0m                                                                                        [36m│[0m
[36m│[0m [39m                [0m[33mtemperature[0m[39m=[0m[1;36m0[0m[1;36m.0[0m[39m,[0m                                                                                     [36m│[0m
[36m│[0m [39m                [0m[33mnum_samples[0m[39m=[0m[1;36m1[0m[39m,[0m                                                                                       [36m│[0m
[36m│[0m [39m                [0m[33mdo_sample[0m[39m=[0m[3;92mTrue[0m                                                                                       [36m│[0m
[36m│[0m [39m            [0m[1;39m)[0m[39m,[0m                                                                                                       [36m│[0m
[36m│[0m [39m            [0m[33moutput_score_aggregation[0m[39m=<OutputScoreAggregation.MAX: [0m[32m'max'[0m[39m>,[0m                                            [36m│[0m
[36m│[0m [39m            [0m[33msandbox_allocation_weight[0m[39m=[0m[1;36m1[0m[1;36m.0[0m                                                                            [36m│[0m
[36m│[0m [39m        [0m[1;39m)[0m[39m,[0m                                                                                                           [36m│[0m
[36m│[0m [39m        [0m[1;35mTaskConfig[0m[1;39m([0m                                                                                                  [36m│[0m
[36m│[0m [39m            [0m[33mname[0m[39m=[0m[32m'mmlu_human_aging:rc'[0m[39m,[0m                                                                              [36m│[0m
[36m│[0m [39m            [0m[33mdata_source[0m[39m=[0m[1;35mDataSource[0m[1;39m([0m                                                                                  [36m│[0m
[36m│[0m [39m                [0m[33mpath[0m[39m=[0m[32m'cais/mmlu'[0m[39m,[0m                                                                                    [36m│[0m
[36m│[0m [39m                [0m[33msubset[0m[39m=[0m[32m'human_aging'[0m[39m,[0m                                                                                [36m│[0m
[36m│[0m [39m                [0m[33msplit[0m[39m=[0m[32m'test'[0m[39m,[0m                                                                                        [36m│[0m
[36m│[0m [39m                [0m[33msource_type[0m[39m=<SourceType.HF: [0m[32m'hf'[0m[39m>[0m                                                                    [36m│[0m
[36m│[0m [39m            [0m[1;39m)[0m[39m,[0m                                                                                                       [36m│[0m
[36m│[0m [39m            [0m[33mmetrics[0m[39m=[0m[1;39m([0m                                                                                                [36m│[0m
[36m│[0m [39m                [0m[1;35mLogprobPerCharMCAccuracyMetric[0m[1;39m([0m                                                                      [36m│[0m
[36m│[0m [39m                    [0m[33mname[0m[39m=[0m[32m'accuracy'[0m[39m,[0m                                                                                 [36m│[0m
[36m│[0m [39m                    [0m[33mscorer[0m[39m=<class [0m[32m'olmo_eval.common.scorers.base.LogprobScorer'[0m[39m>[0m                                     [36m│[0m
[36m│[0m [39m                [0m[1;39m)[0m[39m,[0m                                                                                                   [36m│[0m
[36m│[0m [39m            [0m[1;39m)[0m[39m,[0m                                                                                                       [36m│[0m
[36m│[0m [39m            [0m[33mnum_fewshot[0m[39m=[0m[1;36m5[0m[39m,[0m                                                                                           [36m│[0m
[36m│[0m [39m            [0m[33mfewshot_seed[0m[39m=[0m[1;36m42[0m[39m,[0m                                                                                         [36m│[0m
[36m│[0m [39m            [0m[33mseed[0m[39m=[0m[1;36m42[0m[39m,[0m                                                                                                 [36m│[0m
[36m│[0m [39m            [0m[33msplit[0m[39m=<Split.TEST: [0m[32m'test'[0m[39m>,[0m                                                                              [36m│[0m
[36m│[0m [39m            [0m[33mprimary_metric[0m[39m=[0m[1;35mLogprobPerCharMCAccuracyMetric[0m[1;39m([0m                                                           [36m│[0m
[36m│[0m [39m                [0m[33mname[0m[39m=[0m[32m'accuracy'[0m[39m,[0m                                                                                     [36m│[0m
[36m│[0m [39m                [0m[33mscorer[0m[39m=<class [0m[32m'olmo_eval.common.scorers.base.LogprobScorer'[0m[39m>[0m                                         [36m│[0m
[36m│[0m [39m            [0m[1;39m)[0m[39m,[0m                                                                                                       [36m│[0m
[36m│[0m [39m            [0m[33msampling_params[0m[39m=[0m[1;35mSamplingParams[0m[1;39m([0m                                                                          [36m│[0m
[36m│[0m [39m                [0m[33mmax_tokens[0m[39m=[0m[1;36m1[0m[39m,[0m                                                                                        [36m│[0m
[36m│[0m [39m                [0m[33mtemperature[0m[39m=[0m[1;36m0[0m[1;36m.0[0m[39m,[0m                                                                                     [36m│[0m
[36m│[0m [39m                [0m[33mnum_samples[0m[39m=[0m[1;36m1[0m[39m,[0m                                                                                       [36m│[0m
[36m│[0m [39m                [0m[33mdo_sample[0m[39m=[0m[3;92mTrue[0m                                                                                       [36m│[0m
[36m│[0m [39m            [0m[1;39m)[0m[39m,[0m                                                                                                       [36m│[0m
[36m│[0m [39m            [0m[33moutput_score_aggregation[0m[39m=<OutputScoreAggregation.MAX: [0m[32m'max'[0m[39m>,[0m                                            [36m│[0m
[36m│[0m [39m            [0m[33msandbox_allocation_weight[0m[39m=[0m[1;36m1[0m[1;36m.0[0m                                                                            [36m│[0m
[36m│[0m [39m        [0m[1;39m)[0m[39m,[0m                                                                                                           [36m│[0m
[36m│[0m [39m        [0m[1;35mTaskConfig[0m[1;39m([0m                                                                                                  [36m│[0m
[36m│[0m [39m            [0m[33mname[0m[39m=[0m[32m'mmlu_management:rc'[0m[39m,[0m                                                                               [36m│[0m
[36m│[0m [39m            [0m[33mdata_source[0m[39m=[0m[1;35mDataSource[0m[1;39m([0m                                                                                  [36m│[0m
[36m│[0m [39m                [0m[33mpath[0m[39m=[0m[32m'cais/mmlu'[0m[39m,[0m                                                                                    [36m│[0m
[36m│[0m [39m                [0m[33msubset[0m[39m=[0m[32m'management'[0m[39m,[0m                                                                                 [36m│[0m
[36m│[0m [39m                [0m[33msplit[0m[39m=[0m[32m'test'[0m[39m,[0m                                                                                        [36m│[0m
[36m│[0m [39m                [0m[33msource_type[0m[39m=<SourceType.HF: [0m[32m'hf'[0m[39m>[0m                                                                    [36m│[0m
[36m│[0m [39m            [0m[1;39m)[0m[39m,[0m                                                                                                       [36m│[0m
[36m│[0m [39m            [0m[33mmetrics[0m[39m=[0m[1;39m([0m                                                                                                [36m│[0m
[36m│[0m [39m                [0m[1;35mLogprobPerCharMCAccuracyMetric[0m[1;39m([0m                                                                      [36m│[0m
[36m│[0m [39m                    [0m[33mname[0m[39m=[0m[32m'accuracy'[0m[39m,[0m                                                                                 [36m│[0m
[36m│[0m [39m                    [0m[33mscorer[0m[39m=<class [0m[32m'olmo_eval.common.scorers.base.LogprobScorer'[0m[39m>[0m                                     [36m│[0m
[36m│[0m [39m                [0m[1;39m)[0m[39m,[0m                                                                                                   [36m│[0m
[36m│[0m [39m            [0m[1;39m)[0m[39m,[0m                                                                                                       [36m│[0m
[36m│[0m [39m            [0m[33mnum_fewshot[0m[39m=[0m[1;36m5[0m[39m,[0m                                                                                           [36m│[0m
[36m│[0m [39m            [0m[33mfewshot_seed[0m[39m=[0m[1;36m42[0m[39m,[0m                                                                                         [36m│[0m
[36m│[0m [39m            [0m[33mseed[0m[39m=[0m[1;36m42[0m[39m,[0m                                                                                                 [36m│[0m
[36m│[0m [39m            [0m[33msplit[0m[39m=<Split.TEST: [0m[32m'test'[0m[39m>,[0m                                                                              [36m│[0m
[36m│[0m [39m            [0m[33mprimary_metric[0m[39m=[0m[1;35mLogprobPerCharMCAccuracyMetric[0m[1;39m([0m                                                           [36m│[0m
[36m│[0m [39m                [0m[33mname[0m[39m=[0m[32m'accuracy'[0m[39m,[0m                                                                                     [36m│[0m
[36m│[0m [39m                [0m[33mscorer[0m[39m=<class [0m[32m'olmo_eval.common.scorers.base.LogprobScorer'[0m[39m>[0m                                         [36m│[0m
[36m│[0m [39m            [0m[1;39m)[0m[39m,[0m                                                                                                       [36m│[0m
[36m│[0m [39m            [0m[33msampling_params[0m[39m=[0m[1;35mSamplingParams[0m[1;39m([0m                                                                          [36m│[0m
[36m│[0m [39m                [0m[33mmax_tokens[0m[39m=[0m[1;36m1[0m[39m,[0m                                                                                        [36m│[0m
[36m│[0m [39m                [0m[33mtemperature[0m[39m=[0m[1;36m0[0m[1;36m.0[0m[39m,[0m                                                                                     [36m│[0m
[36m│[0m [39m                [0m[33mnum_samples[0m[39m=[0m[1;36m1[0m[39m,[0m                                                                                       [36m│[0m
[36m│[0m [39m                [0m[33mdo_sample[0m[39m=[0m[3;92mTrue[0m                                                                                       [36m│[0m
[36m│[0m [39m            [0m[1;39m)[0m[39m,[0m                                                                                                       [36m│[0m
[36m│[0m [39m            [0m[33moutput_score_aggregation[0m[39m=<OutputScoreAggregation.MAX: [0m[32m'max'[0m[39m>,[0m                                            [36m│[0m
[36m│[0m [39m            [0m[33msandbox_allocation_weight[0m[39m=[0m[1;36m1[0m[1;36m.0[0m                                                                            [36m│[0m
[36m│[0m [39m        [0m[1;39m)[0m[39m,[0m                                                                                                           [36m│[0m
[36m│[0m [39m        [0m[1;35mTaskConfig[0m[1;39m([0m                                                                                                  [36m│[0m
[36m│[0m [39m            [0m[33mname[0m[39m=[0m[32m'mmlu_marketing:rc'[0m[39m,[0m                                                                                [36m│[0m
[36m│[0m [39m            [0m[33mdata_source[0m[39m=[0m[1;35mDataSource[0m[1;39m([0m                                                                                  [36m│[0m
[36m│[0m [39m                [0m[33mpath[0m[39m=[0m[32m'cais/mmlu'[0m[39m,[0m                                                                                    [36m│[0m
[36m│[0m [39m                [0m[33msubset[0m[39m=[0m[32m'marketing'[0m[39m,[0m                                                                                  [36m│[0m
[36m│[0m [39m                [0m[33msplit[0m[39m=[0m[32m'test'[0m[39m,[0m                                                                                        [36m│[0m
[36m│[0m [39m                [0m[33msource_type[0m[39m=<SourceType.HF: [0m[32m'hf'[0m[39m>[0m                                                                    [36m│[0m
[36m│[0m [39m            [0m[1;39m)[0m[39m,[0m                                                                                                       [36m│[0m
[36m│[0m [39m            [0m[33mmetrics[0m[39m=[0m[1;39m([0m                                                                                                [36m│[0m
[36m│[0m [39m                [0m[1;35mLogprobPerCharMCAccuracyMetric[0m[1;39m([0m                                                                      [36m│[0m
[36m│[0m [39m                    [0m[33mname[0m[39m=[0m[32m'accuracy'[0m[39m,[0m                                                                                 [36m│[0m
[36m│[0m [39m                    [0m[33mscorer[0m[39m=<class [0m[32m'olmo_eval.common.scorers.base.LogprobScorer'[0m[39m>[0m                                     [36m│[0m
[36m│[0m [39m                [0m[1;39m)[0m[39m,[0m                                                                                                   [36m│[0m
[36m│[0m [39m            [0m[1;39m)[0m[39m,[0m                                                                                                       [36m│[0m
[36m│[0m [39m            [0m[33mnum_fewshot[0m[39m=[0m[1;36m5[0m[39m,[0m                                                                                           [36m│[0m
[36m│[0m [39m            [0m[33mfewshot_seed[0m[39m=[0m[1;36m42[0m[39m,[0m                                                                                         [36m│[0m
[36m│[0m [39m            [0m[33mseed[0m[39m=[0m[1;36m42[0m[39m,[0m                                                                                                 [36m│[0m
[36m│[0m [39m            [0m[33msplit[0m[39m=<Split.TEST: [0m[32m'test'[0m[39m>,[0m                                                                              [36m│[0m
[36m│[0m [39m            [0m[33mprimary_metric[0m[39m=[0m[1;35mLogprobPerCharMCAccuracyMetric[0m[1;39m([0m                                                           [36m│[0m
[36m│[0m [39m                [0m[33mname[0m[39m=[0m[32m'accuracy'[0m[39m,[0m                                                                                     [36m│[0m
[36m│[0m [39m                [0m[33mscorer[0m[39m=<class [0m[32m'olmo_eval.common.scorers.base.LogprobScorer'[0m[39m>[0m                                         [36m│[0m
[36m│[0m [39m            [0m[1;39m)[0m[39m,[0m                                                                                                       [36m│[0m
[36m│[0m [39m            [0m[33msampling_params[0m[39m=[0m[1;35mSamplingParams[0m[1;39m([0m                                                                          [36m│[0m
[36m│[0m [39m                [0m[33mmax_tokens[0m[39m=[0m[1;36m1[0m[39m,[0m                                                                                        [36m│[0m
[36m│[0m [39m                [0m[33mtemperature[0m[39m=[0m[1;36m0[0m[1;36m.0[0m[39m,[0m                                                                                     [36m│[0m
[36m│[0m [39m                [0m[33mnum_samples[0m[39m=[0m[1;36m1[0m[39m,[0m                                                                                       [36m│[0m
[36m│[0m [39m                [0m[33mdo_sample[0m[39m=[0m[3;92mTrue[0m                                                                                       [36m│[0m
[36m│[0m [39m            [0m[1;39m)[0m[39m,[0m                                                                                                       [36m│[0m
[36m│[0m [39m            [0m[33moutput_score_aggregation[0m[39m=<OutputScoreAggregation.MAX: [0m[32m'max'[0m[39m>,[0m                                            [36m│[0m
[36m│[0m [39m            [0m[33msandbox_allocation_weight[0m[39m=[0m[1;36m1[0m[1;36m.0[0m                                                                            [36m│[0m
[36m│[0m [39m        [0m[1;39m)[0m[39m,[0m                                                                                                           [36m│[0m
[36m│[0m [39m        [0m[1;35mTaskConfig[0m[1;39m([0m                                                                                                  [36m│[0m
[36m│[0m [39m            [0m[33mname[0m[39m=[0m[32m'mmlu_medical_genetics:rc'[0m[39m,[0m                                                                         [36m│[0m
[36m│[0m [39m            [0m[33mdata_source[0m[39m=[0m[1;35mDataSource[0m[1;39m([0m                                                                                  [36m│[0m
[36m│[0m [39m                [0m[33mpath[0m[39m=[0m[32m'cais/mmlu'[0m[39m,[0m                                                                                    [36m│[0m
[36m│[0m [39m                [0m[33msubset[0m[39m=[0m[32m'medical_genetics'[0m[39m,[0m                                                                           [36m│[0m
[36m│[0m [39m                [0m[33msplit[0m[39m=[0m[32m'test'[0m[39m,[0m                                                                                        [36m│[0m
[36m│[0m [39m                [0m[33msource_type[0m[39m=<SourceType.HF: [0m[32m'hf'[0m[39m>[0m                                                                    [36m│[0m
[36m│[0m [39m            [0m[1;39m)[0m[39m,[0m                                                                                                       [36m│[0m
[36m│[0m [39m            [0m[33mmetrics[0m[39m=[0m[1;39m([0m                                                                                                [36m│[0m
[36m│[0m [39m                [0m[1;35mLogprobPerCharMCAccuracyMetric[0m[1;39m([0m                                                                      [36m│[0m
[36m│[0m [39m                    [0m[33mname[0m[39m=[0m[32m'accuracy'[0m[39m,[0m                                                                                 [36m│[0m
[36m│[0m [39m                    [0m[33mscorer[0m[39m=<class [0m[32m'olmo_eval.common.scorers.base.LogprobScorer'[0m[39m>[0m                                     [36m│[0m
[36m│[0m [39m                [0m[1;39m)[0m[39m,[0m                                                                                                   [36m│[0m
[36m│[0m [39m            [0m[1;39m)[0m[39m,[0m                                                                                                       [36m│[0m
[36m│[0m [39m            [0m[33mnum_fewshot[0m[39m=[0m[1;36m5[0m[39m,[0m                                                                                           [36m│[0m
[36m│[0m [39m            [0m[33mfewshot_seed[0m[39m=[0m[1;36m42[0m[39m,[0m                                                                                         [36m│[0m
[36m│[0m [39m            [0m[33mseed[0m[39m=[0m[1;36m42[0m[39m,[0m                                                                                                 [36m│[0m
[36m│[0m [39m            [0m[33msplit[0m[39m=<Split.TEST: [0m[32m'test'[0m[39m>,[0m                                                                              [36m│[0m
[36m│[0m [39m            [0m[33mprimary_metric[0m[39m=[0m[1;35mLogprobPerCharMCAccuracyMetric[0m[1;39m([0m                                                           [36m│[0m
[36m│[0m [39m                [0m[33mname[0m[39m=[0m[32m'accuracy'[0m[39m,[0m                                                                                     [36m│[0m
[36m│[0m [39m                [0m[33mscorer[0m[39m=<class [0m[32m'olmo_eval.common.scorers.base.LogprobScorer'[0m[39m>[0m                                         [36m│[0m
[36m│[0m [39m            [0m[1;39m)[0m[39m,[0m                                                                                                       [36m│[0m
[36m│[0m [39m            [0m[33msampling_params[0m[39m=[0m[1;35mSamplingParams[0m[1;39m([0m                                                                          [36m│[0m
[36m│[0m [39m                [0m[33mmax_tokens[0m[39m=[0m[1;36m1[0m[39m,[0m                                                                                        [36m│[0m
[36m│[0m [39m                [0m[33mtemperature[0m[39m=[0m[1;36m0[0m[1;36m.0[0m[39m,[0m                                                                                     [36m│[0m
[36m│[0m [39m                [0m[33mnum_samples[0m[39m=[0m[1;36m1[0m[39m,[0m                                                                                       [36m│[0m
[36m│[0m [39m                [0m[33mdo_sample[0m[39m=[0m[3;92mTrue[0m                                                                                       [36m│[0m
[36m│[0m [39m            [0m[1;39m)[0m[39m,[0m                                                                                                       [36m│[0m
[36m│[0m [39m            [0m[33moutput_score_aggregation[0m[39m=<OutputScoreAggregation.MAX: [0m[32m'max'[0m[39m>,[0m                                            [36m│[0m
[36m│[0m [39m            [0m[33msandbox_allocation_weight[0m[39m=[0m[1;36m1[0m[1;36m.0[0m                                                                            [36m│[0m
[36m│[0m [39m        [0m[1;39m)[0m[39m,[0m                                                                                                           [36m│[0m
[36m│[0m [39m        [0m[1;35mTaskConfig[0m[1;39m([0m                                                                                                  [36m│[0m
[36m│[0m [39m            [0m[33mname[0m[39m=[0m[32m'mmlu_miscellaneous:rc'[0m[39m,[0m                                                                            [36m│[0m
[36m│[0m [39m            [0m[33mdata_source[0m[39m=[0m[1;35mDataSource[0m[1;39m([0m                                                                                  [36m│[0m
[36m│[0m [39m                [0m[33mpath[0m[39m=[0m[32m'cais/mmlu'[0m[39m,[0m                                                                                    [36m│[0m
[36m│[0m [39m                [0m[33msubset[0m[39m=[0m[32m'miscellaneous'[0m[39m,[0m                                                                              [36m│[0m
[36m│[0m [39m                [0m[33msplit[0m[39m=[0m[32m'test'[0m[39m,[0m                                                                                        [36m│[0m
[36m│[0m [39m                [0m[33msource_type[0m[39m=<SourceType.HF: [0m[32m'hf'[0m[39m>[0m                                                                    [36m│[0m
[36m│[0m [39m            [0m[1;39m)[0m[39m,[0m                                                                                                       [36m│[0m
[36m│[0m [39m            [0m[33mmetrics[0m[39m=[0m[1;39m([0m                                                                                                [36m│[0m
[36m│[0m [39m                [0m[1;35mLogprobPerCharMCAccuracyMetric[0m[1;39m([0m                                                                      [36m│[0m
[36m│[0m [39m                    [0m[33mname[0m[39m=[0m[32m'accuracy'[0m[39m,[0m                                                                                 [36m│[0m
[36m│[0m [39m                    [0m[33mscorer[0m[39m=<class [0m[32m'olmo_eval.common.scorers.base.LogprobScorer'[0m[39m>[0m                                     [36m│[0m
[36m│[0m [39m                [0m[1;39m)[0m[39m,[0m                                                                                                   [36m│[0m
[36m│[0m [39m            [0m[1;39m)[0m[39m,[0m                                                                                                       [36m│[0m
[36m│[0m [39m            [0m[33mnum_fewshot[0m[39m=[0m[1;36m5[0m[39m,[0m                                                                                           [36m│[0m
[36m│[0m [39m            [0m[33mfewshot_seed[0m[39m=[0m[1;36m42[0m[39m,[0m                                                                                         [36m│[0m
[36m│[0m [39m            [0m[33mseed[0m[39m=[0m[1;36m42[0m[39m,[0m                                                                                                 [36m│[0m
[36m│[0m [39m            [0m[33msplit[0m[39m=<Split.TEST: [0m[32m'test'[0m[39m>,[0m                                                                              [36m│[0m
[36m│[0m [39m            [0m[33mprimary_metric[0m[39m=[0m[1;35mLogprobPerCharMCAccuracyMetric[0m[1;39m([0m                                                           [36m│[0m
[36m│[0m [39m                [0m[33mname[0m[39m=[0m[32m'accuracy'[0m[39m,[0m                                                                                     [36m│[0m
[36m│[0m [39m                [0m[33mscorer[0m[39m=<class [0m[32m'olmo_eval.common.scorers.base.LogprobScorer'[0m[39m>[0m                                         [36m│[0m
[36m│[0m [39m            [0m[1;39m)[0m[39m,[0m                                                                                                       [36m│[0m
[36m│[0m [39m            [0m[33msampling_params[0m[39m=[0m[1;35mSamplingParams[0m[1;39m([0m                                                                          [36m│[0m
[36m│[0m [39m                [0m[33mmax_tokens[0m[39m=[0m[1;36m1[0m[39m,[0m                                                                                        [36m│[0m
[36m│[0m [39m                [0m[33mtemperature[0m[39m=[0m[1;36m0[0m[1;36m.0[0m[39m,[0m                                                                                     [36m│[0m
[36m│[0m [39m                [0m[33mnum_samples[0m[39m=[0m[1;36m1[0m[39m,[0m                                                                                       [36m│[0m
[36m│[0m [39m                [0m[33mdo_sample[0m[39m=[0m[3;92mTrue[0m                                                                                       [36m│[0m
[36m│[0m [39m            [0m[1;39m)[0m[39m,[0m                                                                                                       [36m│[0m
[36m│[0m [39m            [0m[33moutput_score_aggregation[0m[39m=<OutputScoreAggregation.MAX: [0m[32m'max'[0m[39m>,[0m                                            [36m│[0m
[36m│[0m [39m            [0m[33msandbox_allocation_weight[0m[39m=[0m[1;36m1[0m[1;36m.0[0m                                                                            [36m│[0m
[36m│[0m [39m        [0m[1;39m)[0m[39m,[0m                                                                                                           [36m│[0m
[36m│[0m [39m        [0m[1;35mTaskConfig[0m[1;39m([0m                                                                                                  [36m│[0m
[36m│[0m [39m            [0m[33mname[0m[39m=[0m[32m'mmlu_nutrition:rc'[0m[39m,[0m                                                                                [36m│[0m
[36m│[0m [39m            [0m[33mdata_source[0m[39m=[0m[1;35mDataSource[0m[1;39m([0m                                                                                  [36m│[0m
[36m│[0m [39m                [0m[33mpath[0m[39m=[0m[32m'cais/mmlu'[0m[39m,[0m                                                                                    [36m│[0m
[36m│[0m [39m                [0m[33msubset[0m[39m=[0m[32m'nutrition'[0m[39m,[0m                                                                                  [36m│[0m
[36m│[0m [39m                [0m[33msplit[0m[39m=[0m[32m'test'[0m[39m,[0m                                                                                        [36m│[0m
[36m│[0m [39m                [0m[33msource_type[0m[39m=<SourceType.HF: [0m[32m'hf'[0m[39m>[0m                                                                    [36m│[0m
[36m│[0m [39m            [0m[1;39m)[0m[39m,[0m                                                                                                       [36m│[0m
[36m│[0m [39m            [0m[33mmetrics[0m[39m=[0m[1;39m([0m                                                                                                [36m│[0m
[36m│[0m [39m                [0m[1;35mLogprobPerCharMCAccuracyMetric[0m[1;39m([0m                                                                      [36m│[0m
[36m│[0m [39m                    [0m[33mname[0m[39m=[0m[32m'accuracy'[0m[39m,[0m                                                                                 [36m│[0m
[36m│[0m [39m                    [0m[33mscorer[0m[39m=<class [0m[32m'olmo_eval.common.scorers.base.LogprobScorer'[0m[39m>[0m                                     [36m│[0m
[36m│[0m [39m                [0m[1;39m)[0m[39m,[0m                                                                                                   [36m│[0m
[36m│[0m [39m            [0m[1;39m)[0m[39m,[0m                                                                                                       [36m│[0m
[36m│[0m [39m            [0m[33mnum_fewshot[0m[39m=[0m[1;36m5[0m[39m,[0m                                                                                           [36m│[0m
[36m│[0m [39m            [0m[33mfewshot_seed[0m[39m=[0m[1;36m42[0m[39m,[0m                                                                                         [36m│[0m
[36m│[0m [39m            [0m[33mseed[0m[39m=[0m[1;36m42[0m[39m,[0m                                                                                                 [36m│[0m
[36m│[0m [39m            [0m[33msplit[0m[39m=<Split.TEST: [0m[32m'test'[0m[39m>,[0m                                                                              [36m│[0m
[36m│[0m [39m            [0m[33mprimary_metric[0m[39m=[0m[1;35mLogprobPerCharMCAccuracyMetric[0m[1;39m([0m                                                           [36m│[0m
[36m│[0m [39m                [0m[33mname[0m[39m=[0m[32m'accuracy'[0m[39m,[0m                                                                                     [36m│[0m
[36m│[0m [39m                [0m[33mscorer[0m[39m=<class [0m[32m'olmo_eval.common.scorers.base.LogprobScorer'[0m[39m>[0m                                         [36m│[0m
[36m│[0m [39m            [0m[1;39m)[0m[39m,[0m                                                                                                       [36m│[0m
[36m│[0m [39m            [0m[33msampling_params[0m[39m=[0m[1;35mSamplingParams[0m[1;39m([0m                                                                          [36m│[0m
[36m│[0m [39m                [0m[33mmax_tokens[0m[39m=[0m[1;36m1[0m[39m,[0m                                                                                        [36m│[0m
[36m│[0m [39m                [0m[33mtemperature[0m[39m=[0m[1;36m0[0m[1;36m.0[0m[39m,[0m                                                                                     [36m│[0m
[36m│[0m [39m                [0m[33mnum_samples[0m[39m=[0m[1;36m1[0m[39m,[0m                                                                                       [36m│[0m
[36m│[0m [39m                [0m[33mdo_sample[0m[39m=[0m[3;92mTrue[0m                                                                                       [36m│[0m
[36m│[0m [39m            [0m[1;39m)[0m[39m,[0m                                                                                                       [36m│[0m
[36m│[0m [39m            [0m[33moutput_score_aggregation[0m[39m=<OutputScoreAggregation.MAX: [0m[32m'max'[0m[39m>,[0m                                            [36m│[0m
[36m│[0m [39m            [0m[33msandbox_allocation_weight[0m[39m=[0m[1;36m1[0m[1;36m.0[0m                                                                            [36m│[0m
[36m│[0m [39m        [0m[1;39m)[0m[39m,[0m                                                                                                           [36m│[0m
[36m│[0m [39m        [0m[1;35mTaskConfig[0m[1;39m([0m                                                                                                  [36m│[0m
[36m│[0m [39m            [0m[33mname[0m[39m=[0m[32m'mmlu_professional_accounting:rc'[0m[39m,[0m                                                                  [36m│[0m
[36m│[0m [39m            [0m[33mdata_source[0m[39m=[0m[1;35mDataSource[0m[1;39m([0m                                                                                  [36m│[0m
[36m│[0m [39m                [0m[33mpath[0m[39m=[0m[32m'cais/mmlu'[0m[39m,[0m                                                                                    [36m│[0m
[36m│[0m [39m                [0m[33msubset[0m[39m=[0m[32m'professional_accounting'[0m[39m,[0m                                                                    [36m│[0m
[36m│[0m [39m                [0m[33msplit[0m[39m=[0m[32m'test'[0m[39m,[0m                                                                                        [36m│[0m
[36m│[0m [39m                [0m[33msource_type[0m[39m=<SourceType.HF: [0m[32m'hf'[0m[39m>[0m                                                                    [36m│[0m
[36m│[0m [39m            [0m[1;39m)[0m[39m,[0m                                                                                                       [36m│[0m
[36m│[0m [39m            [0m[33mmetrics[0m[39m=[0m[1;39m([0m                                                                                                [36m│[0m
[36m│[0m [39m                [0m[1;35mLogprobPerCharMCAccuracyMetric[0m[1;39m([0m                                                                      [36m│[0m
[36m│[0m [39m                    [0m[33mname[0m[39m=[0m[32m'accuracy'[0m[39m,[0m                                                                                 [36m│[0m
[36m│[0m [39m                    [0m[33mscorer[0m[39m=<class [0m[32m'olmo_eval.common.scorers.base.LogprobScorer'[0m[39m>[0m                                     [36m│[0m
[36m│[0m [39m                [0m[1;39m)[0m[39m,[0m                                                                                                   [36m│[0m
[36m│[0m [39m            [0m[1;39m)[0m[39m,[0m                                                                                                       [36m│[0m
[36m│[0m [39m            [0m[33mnum_fewshot[0m[39m=[0m[1;36m5[0m[39m,[0m                                                                                           [36m│[0m
[36m│[0m [39m            [0m[33mfewshot_seed[0m[39m=[0m[1;36m42[0m[39m,[0m                                                                                         [36m│[0m
[36m│[0m [39m            [0m[33mseed[0m[39m=[0m[1;36m42[0m[39m,[0m                                                                                                 [36m│[0m
[36m│[0m [39m            [0m[33msplit[0m[39m=<Split.TEST: [0m[32m'test'[0m[39m>,[0m                                                                              [36m│[0m
[36m│[0m [39m            [0m[33mprimary_metric[0m[39m=[0m[1;35mLogprobPerCharMCAccuracyMetric[0m[1;39m([0m                                                           [36m│[0m
[36m│[0m [39m                [0m[33mname[0m[39m=[0m[32m'accuracy'[0m[39m,[0m                                                                                     [36m│[0m
[36m│[0m [39m                [0m[33mscorer[0m[39m=<class [0m[32m'olmo_eval.common.scorers.base.LogprobScorer'[0m[39m>[0m                                         [36m│[0m
[36m│[0m [39m            [0m[1;39m)[0m[39m,[0m                                                                                                       [36m│[0m
[36m│[0m [39m            [0m[33msampling_params[0m[39m=[0m[1;35mSamplingParams[0m[1;39m([0m                                                                          [36m│[0m
[36m│[0m [39m                [0m[33mmax_tokens[0m[39m=[0m[1;36m1[0m[39m,[0m                                                                                        [36m│[0m
[36m│[0m [39m                [0m[33mtemperature[0m[39m=[0m[1;36m0[0m[1;36m.0[0m[39m,[0m                                                                                     [36m│[0m
[36m│[0m [39m                [0m[33mnum_samples[0m[39m=[0m[1;36m1[0m[39m,[0m                                                                                       [36m│[0m
[36m│[0m [39m                [0m[33mdo_sample[0m[39m=[0m[3;92mTrue[0m                                                                                       [36m│[0m
[36m│[0m [39m            [0m[1;39m)[0m[39m,[0m                                                                                                       [36m│[0m
[36m│[0m [39m            [0m[33moutput_score_aggregation[0m[39m=<OutputScoreAggregation.MAX: [0m[32m'max'[0m[39m>,[0m                                            [36m│[0m
[36m│[0m [39m            [0m[33msandbox_allocation_weight[0m[39m=[0m[1;36m1[0m[1;36m.0[0m                                                                            [36m│[0m
[36m│[0m [39m        [0m[1;39m)[0m[39m,[0m                                                                                                           [36m│[0m
[36m│[0m [39m        [0m[1;35mTaskConfig[0m[1;39m([0m                                                                                                  [36m│[0m
[36m│[0m [39m            [0m[33mname[0m[39m=[0m[32m'mmlu_professional_medicine:rc'[0m[39m,[0m                                                                    [36m│[0m
[36m│[0m [39m            [0m[33mdata_source[0m[39m=[0m[1;35mDataSource[0m[1;39m([0m                                                                                  [36m│[0m
[36m│[0m [39m                [0m[33mpath[0m[39m=[0m[32m'cais/mmlu'[0m[39m,[0m                                                                                    [36m│[0m
[36m│[0m [39m                [0m[33msubset[0m[39m=[0m[32m'professional_medicine'[0m[39m,[0m                                                                      [36m│[0m
[36m│[0m [39m                [0m[33msplit[0m[39m=[0m[32m'test'[0m[39m,[0m                                                                                        [36m│[0m
[36m│[0m [39m                [0m[33msource_type[0m[39m=<SourceType.HF: [0m[32m'hf'[0m[39m>[0m                                                                    [36m│[0m
[36m│[0m [39m            [0m[1;39m)[0m[39m,[0m                                                                                                       [36m│[0m
[36m│[0m [39m            [0m[33mmetrics[0m[39m=[0m[1;39m([0m                                                                                                [36m│[0m
[36m│[0m [39m                [0m[1;35mLogprobPerCharMCAccuracyMetric[0m[1;39m([0m                                                                      [36m│[0m
[36m│[0m [39m                    [0m[33mname[0m[39m=[0m[32m'accuracy'[0m[39m,[0m                                                                                 [36m│[0m
[36m│[0m [39m                    [0m[33mscorer[0m[39m=<class [0m[32m'olmo_eval.common.scorers.base.LogprobScorer'[0m[39m>[0m                                     [36m│[0m
[36m│[0m [39m                [0m[1;39m)[0m[39m,[0m                                                                                                   [36m│[0m
[36m│[0m [39m            [0m[1;39m)[0m[39m,[0m                                                                                                       [36m│[0m
[36m│[0m [39m            [0m[33mnum_fewshot[0m[39m=[0m[1;36m5[0m[39m,[0m                                                                                           [36m│[0m
[36m│[0m [39m            [0m[33mfewshot_seed[0m[39m=[0m[1;36m42[0m[39m,[0m                                                                                         [36m│[0m
[36m│[0m [39m            [0m[33mseed[0m[39m=[0m[1;36m42[0m[39m,[0m                                                                                                 [36m│[0m
[36m│[0m [39m            [0m[33msplit[0m[39m=<Split.TEST: [0m[32m'test'[0m[39m>,[0m                                                                              [36m│[0m
[36m│[0m [39m            [0m[33mprimary_metric[0m[39m=[0m[1;35mLogprobPerCharMCAccuracyMetric[0m[1;39m([0m                                                           [36m│[0m
[36m│[0m [39m                [0m[33mname[0m[39m=[0m[32m'accuracy'[0m[39m,[0m                                                                                     [36m│[0m
[36m│[0m [39m                [0m[33mscorer[0m[39m=<class [0m[32m'olmo_eval.common.scorers.base.LogprobScorer'[0m[39m>[0m                                         [36m│[0m
[36m│[0m [39m            [0m[1;39m)[0m[39m,[0m                                                                                                       [36m│[0m
[36m│[0m [39m            [0m[33msampling_params[0m[39m=[0m[1;35mSamplingParams[0m[1;39m([0m                                                                          [36m│[0m
[36m│[0m [39m                [0m[33mmax_tokens[0m[39m=[0m[1;36m1[0m[39m,[0m                                                                                        [36m│[0m
[36m│[0m [39m                [0m[33mtemperature[0m[39m=[0m[1;36m0[0m[1;36m.0[0m[39m,[0m                                                                                     [36m│[0m
[36m│[0m [39m                [0m[33mnum_samples[0m[39m=[0m[1;36m1[0m[39m,[0m                                                                                       [36m│[0m
[36m│[0m [39m                [0m[33mdo_sample[0m[39m=[0m[3;92mTrue[0m                                                                                       [36m│[0m
[36m│[0m [39m            [0m[1;39m)[0m[39m,[0m                                                                                                       [36m│[0m
[36m│[0m [39m            [0m[33moutput_score_aggregation[0m[39m=<OutputScoreAggregation.MAX: [0m[32m'max'[0m[39m>,[0m                                            [36m│[0m
[36m│[0m [39m            [0m[33msandbox_allocation_weight[0m[39m=[0m[1;36m1[0m[1;36m.0[0m                                                                            [36m│[0m
[36m│[0m [39m        [0m[1;39m)[0m[39m,[0m                                                                                                           [36m│[0m
[36m│[0m [39m        [0m[1;35mTaskConfig[0m[1;39m([0m                                                                                                  [36m│[0m
[36m│[0m [39m            [0m[33mname[0m[39m=[0m[32m'mmlu_virology:rc'[0m[39m,[0m                                                                                 [36m│[0m
[36m│[0m [39m            [0m[33mdata_source[0m[39m=[0m[1;35mDataSource[0m[1;39m([0m                                                                                  [36m│[0m
[36m│[0m [39m                [0m[33mpath[0m[39m=[0m[32m'cais/mmlu'[0m[39m,[0m                                                                                    [36m│[0m
[36m│[0m [39m                [0m[33msubset[0m[39m=[0m[32m'virology'[0m[39m,[0m                                                                                   [36m│[0m
[36m│[0m [39m                [0m[33msplit[0m[39m=[0m[32m'test'[0m[39m,[0m                                                                                        [36m│[0m
[36m│[0m [39m                [0m[33msource_type[0m[39m=<SourceType.HF: [0m[32m'hf'[0m[39m>[0m                                                                    [36m│[0m
[36m│[0m [39m            [0m[1;39m)[0m[39m,[0m                                                                                                       [36m│[0m
[36m│[0m [39m            [0m[33mmetrics[0m[39m=[0m[1;39m([0m                                                                                                [36m│[0m
[36m│[0m [39m                [0m[1;35mLogprobPerCharMCAccuracyMetric[0m[1;39m([0m                                                                      [36m│[0m
[36m│[0m [39m                    [0m[33mname[0m[39m=[0m[32m'accuracy'[0m[39m,[0m                                                                                 [36m│[0m
[36m│[0m [39m                    [0m[33mscorer[0m[39m=<class [0m[32m'olmo_eval.common.scorers.base.LogprobScorer'[0m[39m>[0m                                     [36m│[0m
[36m│[0m [39m                [0m[1;39m)[0m[39m,[0m                                                                                                   [36m│[0m
[36m│[0m [39m            [0m[1;39m)[0m[39m,[0m                                                                                                       [36m│[0m
[36m│[0m [39m            [0m[33mnum_fewshot[0m[39m=[0m[1;36m5[0m[39m,[0m                                                                                           [36m│[0m
[36m│[0m [39m            [0m[33mfewshot_seed[0m[39m=[0m[1;36m42[0m[39m,[0m                                                                                         [36m│[0m
[36m│[0m [39m            [0m[33mseed[0m[39m=[0m[1;36m42[0m[39m,[0m                                                                                                 [36m│[0m
[36m│[0m [39m            [0m[33msplit[0m[39m=<Split.TEST: [0m[32m'test'[0m[39m>,[0m                                                                              [36m│[0m
[36m│[0m [39m            [0m[33mprimary_metric[0m[39m=[0m[1;35mLogprobPerCharMCAccuracyMetric[0m[1;39m([0m                                                           [36m│[0m
[36m│[0m [39m                [0m[33mname[0m[39m=[0m[32m'accuracy'[0m[39m,[0m                                                                                     [36m│[0m
[36m│[0m [39m                [0m[33mscorer[0m[39m=<class [0m[32m'olmo_eval.common.scorers.base.LogprobScorer'[0m[39m>[0m                                         [36m│[0m
[36m│[0m [39m            [0m[1;39m)[0m[39m,[0m                                                                                                       [36m│[0m
[36m│[0m [39m            [0m[33msampling_params[0m[39m=[0m[1;35mSamplingParams[0m[1;39m([0m                                                                          [36m│[0m
[36m│[0m [39m                [0m[33mmax_tokens[0m[39m=[0m[1;36m1[0m[39m,[0m                                                                                        [36m│[0m
[36m│[0m [39m                [0m[33mtemperature[0m[39m=[0m[1;36m0[0m[1;36m.0[0m[39m,[0m                                                                                     [36m│[0m
[36m│[0m [39m                [0m[33mnum_samples[0m[39m=[0m[1;36m1[0m[39m,[0m                                                                                       [36m│[0m
[36m│[0m [39m                [0m[33mdo_sample[0m[39m=[0m[3;92mTrue[0m                                                                                       [36m│[0m
[36m│[0m [39m            [0m[1;39m)[0m[39m,[0m                                                                                                       [36m│[0m
[36m│[0m [39m            [0m[33moutput_score_aggregation[0m[39m=<OutputScoreAggregation.MAX: [0m[32m'max'[0m[39m>,[0m                                            [36m│[0m
[36m│[0m [39m            [0m[33msandbox_allocation_weight[0m[39m=[0m[1;36m1[0m[1;36m.0[0m                                                                            [36m│[0m
[36m│[0m [39m        [0m[1;39m)[0m[39m,[0m                                                                                                           [36m│[0m
[36m│[0m [39m        [0m[1;35mTaskConfig[0m[1;39m([0m                                                                                                  [36m│[0m
[36m│[0m [39m            [0m[33mname[0m[39m=[0m[32m'csqa'[0m[39m,[0m                                                                                             [36m│[0m
[36m│[0m [39m            [0m[33mdata_source[0m[39m=[0m[1;35mDataSource[0m[1;39m([0m                                                                                  [36m│[0m
[36m│[0m [39m                [0m[33mpath[0m[39m=[0m[32m'commonsense_qa'[0m[39m,[0m                                                                               [36m│[0m
[36m│[0m [39m                [0m[33msplit[0m[39m=[0m[32m'validation'[0m[39m,[0m                                                                                  [36m│[0m
[36m│[0m [39m                [0m[33msource_type[0m[39m=<SourceType.HF: [0m[32m'hf'[0m[39m>[0m                                                                    [36m│[0m
[36m│[0m [39m            [0m[1;39m)[0m[39m,[0m                                                                                                       [36m│[0m
[36m│[0m [39m            [0m[33mfewshot_source[0m[39m=[0m[32m'olmes_csqa_fixed'[0m[39m,[0m                                                                       [36m│[0m
[36m│[0m [39m            [0m[33mmetrics[0m[39m=[0m[1;39m([0m                                                                                                [36m│[0m
[36m│[0m [39m                [0m[1;35mLogprobUncondMCAccuracyMetric[0m[1;39m([0m                                                                       [36m│[0m
[36m│[0m [39m                    [0m[33mname[0m[39m=[0m[32m'accuracy'[0m[39m,[0m                                                                                 [36m│[0m
[36m│[0m [39m                    [0m[33mscorer[0m[39m=<class [0m[32m'olmo_eval.common.scorers.base.LogprobScorer'[0m[39m>[0m                                     [36m│[0m
[36m│[0m [39m                [0m[1;39m)[0m[39m,[0m                                                                                                   [36m│[0m
[36m│[0m [39m            [0m[1;39m)[0m[39m,[0m                                                                                                       [36m│[0m
[36m│[0m [39m            [0m[33mnum_fewshot[0m[39m=[0m[1;36m5[0m[39m,[0m                                                                                           [36m│[0m
[36m│[0m [39m            [0m[33mfewshot_seed[0m[39m=[0m[1;36m42[0m[39m,[0m                                                                                         [36m│[0m
[36m│[0m [39m            [0m[33mseed[0m[39m=[0m[1;36m42[0m[39m,[0m                                                                                                 [36m│[0m
[36m│[0m [39m            [0m[33msplit[0m[39m=<Split.VALIDATION: [0m[32m'validation'[0m[39m>,[0m                                                                  [36m│[0m
[36m│[0m [39m            [0m[33msampling_params[0m[39m=[0m[1;35mSamplingParams[0m[1;39m([0m                                                                          [36m│[0m
[36m│[0m [39m                [0m[33mmax_tokens[0m[39m=[0m[1;36m512[0m[39m,[0m                                                                                      [36m│[0m
[36m│[0m [39m                [0m[33mtemperature[0m[39m=[0m[1;36m0[0m[1;36m.0[0m[39m,[0m                                                                                     [36m│[0m
[36m│[0m [39m                [0m[33mnum_samples[0m[39m=[0m[1;36m1[0m[39m,[0m                                                                                       [36m│[0m
[36m│[0m [39m                [0m[33mdo_sample[0m[39m=[0m[3;92mTrue[0m                                                                                       [36m│[0m
[36m│[0m [39m            [0m[1;39m)[0m[39m,[0m                                                                                                       [36m│[0m
[36m│[0m [39m            [0m[33moutput_score_aggregation[0m[39m=<OutputScoreAggregation.MAX: [0m[32m'max'[0m[39m>,[0m                                            [36m│[0m
[36m│[0m [39m            [0m[33msandbox_allocation_weight[0m[39m=[0m[1;36m1[0m[1;36m.0[0m                                                                            [36m│[0m
[36m│[0m [39m        [0m[1;39m)[0m[39m,[0m                                                                                                           [36m│[0m
[36m│[0m [39m        [0m[1;35mTaskConfig[0m[1;39m([0m                                                                                                  [36m│[0m
[36m│[0m [39m            [0m[33mname[0m[39m=[0m[32m'hellaswag'[0m[39m,[0m                                                                                        [36m│[0m
[36m│[0m [39m            [0m[33mdata_source[0m[39m=[0m[1;35mDataSource[0m[1;39m([0m                                                                                  [36m│[0m
[36m│[0m [39m                [0m[33mpath[0m[39m=[0m[32m'allenai/hellaswag'[0m[39m,[0m                                                                            [36m│[0m
[36m│[0m [39m                [0m[33msplit[0m[39m=[0m[32m'validation'[0m[39m,[0m                                                                                  [36m│[0m
[36m│[0m [39m                [0m[33msource_type[0m[39m=<SourceType.HF: [0m[32m'hf'[0m[39m>[0m                                                                    [36m│[0m
[36m│[0m [39m            [0m[1;39m)[0m[39m,[0m                                                                                                       [36m│[0m
[36m│[0m [39m            [0m[33mfewshot_source[0m[39m=[0m[32m'olmes_hellaswag_fixed'[0m[39m,[0m                                                                  [36m│[0m
[36m│[0m [39m            [0m[33mmetrics[0m[39m=[0m[1;39m([0m                                                                                                [36m│[0m
[36m│[0m [39m                [0m[1;35mLogprobPerCharMCAccuracyMetric[0m[1;39m([0m                                                                      [36m│[0m
[36m│[0m [39m                    [0m[33mname[0m[39m=[0m[32m'accuracy'[0m[39m,[0m                                                                                 [36m│[0m
[36m│[0m [39m                    [0m[33mscorer[0m[39m=<class [0m[32m'olmo_eval.common.scorers.base.LogprobScorer'[0m[39m>[0m                                     [36m│[0m
[36m│[0m [39m                [0m[1;39m)[0m[39m,[0m                                                                                                   [36m│[0m
[36m│[0m [39m            [0m[1;39m)[0m[39m,[0m                                                                                                       [36m│[0m
[36m│[0m [39m            [0m[33mnum_fewshot[0m[39m=[0m[1;36m5[0m[39m,[0m                                                                                           [36m│[0m
[36m│[0m [39m            [0m[33mfewshot_seed[0m[39m=[0m[1;36m42[0m[39m,[0m                                                                                         [36m│[0m
[36m│[0m [39m            [0m[33mlimit[0m[39m=[0m[1;36m10000[0m[39m,[0m                                                                                             [36m│[0m
[36m│[0m [39m            [0m[33mseed[0m[39m=[0m[1;36m42[0m[39m,[0m                                                                                                 [36m│[0m
[36m│[0m [39m            [0m[33msplit[0m[39m=<Split.VALIDATION: [0m[32m'validation'[0m[39m>,[0m                                                                  [36m│[0m
[36m│[0m [39m            [0m[33msampling_params[0m[39m=[0m[1;35mSamplingParams[0m[1;39m([0m                                                                          [36m│[0m
[36m│[0m [39m                [0m[33mmax_tokens[0m[39m=[0m[1;36m512[0m[39m,[0m                                                                                      [36m│[0m
[36m│[0m [39m                [0m[33mtemperature[0m[39m=[0m[1;36m0[0m[1;36m.0[0m[39m,[0m                                                                                     [36m│[0m
[36m│[0m [39m                [0m[33mnum_samples[0m[39m=[0m[1;36m1[0m[39m,[0m                                                                                       [36m│[0m
[36m│[0m [39m                [0m[33mdo_sample[0m[39m=[0m[3;92mTrue[0m                                                                                       [36m│[0m
[36m│[0m [39m            [0m[1;39m)[0m[39m,[0m                                                                                                       [36m│[0m
[36m│[0m [39m            [0m[33moutput_score_aggregation[0m[39m=<OutputScoreAggregation.MAX: [0m[32m'max'[0m[39m>,[0m                                            [36m│[0m
[36m│[0m [39m            [0m[33msandbox_allocation_weight[0m[39m=[0m[1;36m1[0m[1;36m.0[0m                                                                            [36m│[0m
[36m│[0m [39m        [0m[1;39m)[0m[39m,[0m                                                                                                           [36m│[0m
[36m│[0m [39m        [0m[1;35mTaskConfig[0m[1;39m([0m                                                                                                  [36m│[0m
[36m│[0m [39m            [0m[33mname[0m[39m=[0m[32m'winogrande'[0m[39m,[0m                                                                                       [36m│[0m
[36m│[0m [39m            [0m[33mdata_source[0m[39m=[0m[1;35mDataSource[0m[1;39m([0m                                                                                  [36m│[0m
[36m│[0m [39m                [0m[33mpath[0m[39m=[0m[32m'winogrande'[0m[39m,[0m                                                                                   [36m│[0m
[36m│[0m [39m                [0m[33msubset[0m[39m=[0m[32m'winogrande_xl'[0m[39m,[0m                                                                              [36m│[0m
[36m│[0m [39m                [0m[33msplit[0m[39m=[0m[32m'validation'[0m[39m,[0m                                                                                  [36m│[0m
[36m│[0m [39m                [0m[33msource_type[0m[39m=<SourceType.HF: [0m[32m'hf'[0m[39m>[0m                                                                    [36m│[0m
[36m│[0m [39m            [0m[1;39m)[0m[39m,[0m                                                                                                       [36m│[0m
[36m│[0m [39m            [0m[33mfewshot_source[0m[39m=[0m[32m'olmes_winogrande_fixed'[0m[39m,[0m                                                                 [36m│[0m
[36m│[0m [39m            [0m[33mmetrics[0m[39m=[0m[1;39m([0m                                                                                                [36m│[0m
[36m│[0m [39m                [0m[1;35mLogprobMCAccuracyMetric[0m[1;39m([0m                                                                             [36m│[0m
[36m│[0m [39m                    [0m[33mname[0m[39m=[0m[32m'accuracy'[0m[39m,[0m                                                                                 [36m│[0m
[36m│[0m [39m                    [0m[33mscorer[0m[39m=<class [0m[32m'olmo_eval.common.scorers.base.LogprobScorer'[0m[39m>[0m                                     [36m│[0m
[36m│[0m [39m                [0m[1;39m)[0m[39m,[0m                                                                                                   [36m│[0m
[36m│[0m [39m            [0m[1;39m)[0m[39m,[0m                                                                                                       [36m│[0m
[36m│[0m [39m            [0m[33mnum_fewshot[0m[39m=[0m[1;36m5[0m[39m,[0m                                                                                           [36m│[0m
[36m│[0m [39m            [0m[33mfewshot_seed[0m[39m=[0m[1;36m42[0m[39m,[0m                                                                                         [36m│[0m
[36m│[0m [39m            [0m[33mlimit[0m[39m=[0m[1;36m10000[0m[39m,[0m                                                                                             [36m│[0m
[36m│[0m [39m            [0m[33mseed[0m[39m=[0m[1;36m42[0m[39m,[0m                                                                                                 [36m│[0m
[36m│[0m [39m            [0m[33msplit[0m[39m=<Split.VALIDATION: [0m[32m'validation'[0m[39m>,[0m                                                                  [36m│[0m
[36m│[0m [39m            [0m[33msampling_params[0m[39m=[0m[1;35mSamplingParams[0m[1;39m([0m                                                                          [36m│[0m
[36m│[0m [39m                [0m[33mmax_tokens[0m[39m=[0m[1;36m512[0m[39m,[0m                                                                                      [36m│[0m
[36m│[0m [39m                [0m[33mtemperature[0m[39m=[0m[1;36m0[0m[1;36m.0[0m[39m,[0m                                                                                     [36m│[0m
[36m│[0m [39m                [0m[33mnum_samples[0m[39m=[0m[1;36m1[0m[39m,[0m                                                                                       [36m│[0m
[36m│[0m [39m                [0m[33mdo_sample[0m[39m=[0m[3;92mTrue[0m                                                                                       [36m│[0m
[36m│[0m [39m            [0m[1;39m)[0m[39m,[0m                                                                                                       [36m│[0m
[36m│[0m [39m            [0m[33moutput_score_aggregation[0m[39m=<OutputScoreAggregation.MAX: [0m[32m'max'[0m[39m>,[0m                                            [36m│[0m
[36m│[0m [39m            [0m[33msandbox_allocation_weight[0m[39m=[0m[1;36m1[0m[1;36m.0[0m                                                                            [36m│[0m
[36m│[0m [39m        [0m[1;39m)[0m[39m,[0m                                                                                                           [36m│[0m
[36m│[0m [39m        [0m[1;35mTaskConfig[0m[1;39m([0m                                                                                                  [36m│[0m
[36m│[0m [39m            [0m[33mname[0m[39m=[0m[32m'socialiqa'[0m[39m,[0m                                                                                        [36m│[0m
[36m│[0m [39m            [0m[33mdata_source[0m[39m=[0m[1;35mDataSource[0m[1;39m([0m                                                                                  [36m│[0m
[36m│[0m [39m                [0m[33mpath[0m[39m=[0m[32m'social_i_qa'[0m[39m,[0m                                                                                  [36m│[0m
[36m│[0m [39m                [0m[33msplit[0m[39m=[0m[32m'validation'[0m[39m,[0m                                                                                  [36m│[0m
[36m│[0m [39m                [0m[33msource_type[0m[39m=<SourceType.HF: [0m[32m'hf'[0m[39m>,[0m                                                                   [36m│[0m
[36m│[0m [39m                [0m[33mrevision[0m[39m=[0m[32m'refs/convert/parquet'[0m                                                                      [36m│[0m
[36m│[0m [39m            [0m[1;39m)[0m[39m,[0m                                                                                                       [36m│[0m
[36m│[0m [39m            [0m[33mfewshot_source[0m[39m=[0m[32m'olmes_socialiqa_fixed'[0m[39m,[0m                                                                  [36m│[0m
[36m│[0m [39m            [0m[33mmetrics[0m[39m=[0m[1;39m([0m                                                                                                [36m│[0m
[36m│[0m [39m                [0m[1;35mLogprobPerCharMCAccuracyMetric[0m[1;39m([0m                                                                      [36m│[0m
[36m│[0m [39m                    [0m[33mname[0m[39m=[0m[32m'accuracy'[0m[39m,[0m                                                                                 [36m│[0m
[36m│[0m [39m                    [0m[33mscorer[0m[39m=<class [0m[32m'olmo_eval.common.scorers.base.LogprobScorer'[0m[39m>[0m                                     [36m│[0m
[36m│[0m [39m                [0m[1;39m)[0m[39m,[0m                                                                                                   [36m│[0m
[36m│[0m [39m            [0m[1;39m)[0m[39m,[0m                                                                                                       [36m│[0m
[36m│[0m [39m            [0m[33mnum_fewshot[0m[39m=[0m[1;36m5[0m[39m,[0m                                                                                           [36m│[0m
[36m│[0m [39m            [0m[33mfewshot_seed[0m[39m=[0m[1;36m42[0m[39m,[0m                                                                                         [36m│[0m
[36m│[0m [39m            [0m[33mseed[0m[39m=[0m[1;36m42[0m[39m,[0m                                                                                                 [36m│[0m
[36m│[0m [39m            [0m[33msplit[0m[39m=<Split.VALIDATION: [0m[32m'validation'[0m[39m>,[0m                                                                  [36m│[0m
[36m│[0m [39m            [0m[33msampling_params[0m[39m=[0m[1;35mSamplingParams[0m[1;39m([0m                                                                          [36m│[0m
[36m│[0m [39m                [0m[33mmax_tokens[0m[39m=[0m[1;36m512[0m[39m,[0m                                                                                      [36m│[0m
[36m│[0m [39m                [0m[33mtemperature[0m[39m=[0m[1;36m0[0m[1;36m.0[0m[39m,[0m                                                                                     [36m│[0m
[36m│[0m [39m                [0m[33mnum_samples[0m[39m=[0m[1;36m1[0m[39m,[0m                                                                                       [36m│[0m
[36m│[0m [39m                [0m[33mdo_sample[0m[39m=[0m[3;92mTrue[0m                                                                                       [36m│[0m
[36m│[0m [39m            [0m[1;39m)[0m[39m,[0m                                                                                                       [36m│[0m
[36m│[0m [39m            [0m[33moutput_score_aggregation[0m[39m=<OutputScoreAggregation.MAX: [0m[32m'max'[0m[39m>,[0m                                            [36m│[0m
[36m│[0m [39m            [0m[33msandbox_allocation_weight[0m[39m=[0m[1;36m1[0m[1;36m.0[0m                                                                            [36m│[0m
[36m│[0m [39m        [0m[1;39m)[0m[39m,[0m                                                                                                           [36m│[0m
[36m│[0m [39m        [0m[1;35mTaskConfig[0m[1;39m([0m                                                                                                  [36m│[0m
[36m│[0m [39m            [0m[33mname[0m[39m=[0m[32m'piqa'[0m[39m,[0m                                                                                             [36m│[0m
[36m│[0m [39m            [0m[33mdata_source[0m[39m=[0m[1;35mDataSource[0m[1;39m([0m                                                                                  [36m│[0m
[36m│[0m [39m                [0m[33mpath[0m[39m=[0m[32m'piqa'[0m[39m,[0m                                                                                         [36m│[0m
[36m│[0m [39m                [0m[33msplit[0m[39m=[0m[32m'validation'[0m[39m,[0m                                                                                  [36m│[0m
[36m│[0m [39m                [0m[33msource_type[0m[39m=<SourceType.HF: [0m[32m'hf'[0m[39m>,[0m                                                                   [36m│[0m
[36m│[0m [39m                [0m[33mrevision[0m[39m=[0m[32m'refs/convert/parquet'[0m                                                                      [36m│[0m
[36m│[0m [39m            [0m[1;39m)[0m[39m,[0m                                                                                                       [36m│[0m
[36m│[0m [39m            [0m[33mfewshot_source[0m[39m=[0m[32m'olmes_piqa_fixed'[0m[39m,[0m                                                                       [36m│[0m
[36m│[0m [39m            [0m[33mmetrics[0m[39m=[0m[1;39m([0m                                                                                                [36m│[0m
[36m│[0m [39m                [0m[1;35mLogprobPerCharMCAccuracyMetric[0m[1;39m([0m                                                                      [36m│[0m
[36m│[0m [39m                    [0m[33mname[0m[39m=[0m[32m'accuracy'[0m[39m,[0m                                                                                 [36m│[0m
[36m│[0m [39m                    [0m[33mscorer[0m[39m=<class [0m[32m'olmo_eval.common.scorers.base.LogprobScorer'[0m[39m>[0m                                     [36m│[0m
[36m│[0m [39m                [0m[1;39m)[0m[39m,[0m                                                                                                   [36m│[0m
[36m│[0m [39m            [0m[1;39m)[0m[39m,[0m                                                                                                       [36m│[0m
[36m│[0m [39m            [0m[33mnum_fewshot[0m[39m=[0m[1;36m5[0m[39m,[0m                                                                                           [36m│[0m
[36m│[0m [39m            [0m[33mfewshot_seed[0m[39m=[0m[1;36m42[0m[39m,[0m                                                                                         [36m│[0m
[36m│[0m [39m            [0m[33mseed[0m[39m=[0m[1;36m42[0m[39m,[0m                                                                                                 [36m│[0m
[36m│[0m [39m            [0m[33msplit[0m[39m=<Split.VALIDATION: [0m[32m'validation'[0m[39m>,[0m                                                                  [36m│[0m
[36m│[0m [39m            [0m[33msampling_params[0m[39m=[0m[1;35mSamplingParams[0m[1;39m([0m                                                                          [36m│[0m
[36m│[0m [39m                [0m[33mmax_tokens[0m[39m=[0m[1;36m512[0m[39m,[0m                                                                                      [36m│[0m
[36m│[0m [39m                [0m[33mtemperature[0m[39m=[0m[1;36m0[0m[1;36m.0[0m[39m,[0m                                                                                     [36m│[0m
[36m│[0m [39m                [0m[33mnum_samples[0m[39m=[0m[1;36m1[0m[39m,[0m                                                                                       [36m│[0m
[36m│[0m [39m                [0m[33mdo_sample[0m[39m=[0m[3;92mTrue[0m                                                                                       [36m│[0m
[36m│[0m [39m            [0m[1;39m)[0m[39m,[0m                                                                                                       [36m│[0m
[36m│[0m [39m            [0m[33moutput_score_aggregation[0m[39m=<OutputScoreAggregation.MAX: [0m[32m'max'[0m[39m>,[0m                                            [36m│[0m
[36m│[0m [39m            [0m[33msandbox_allocation_weight[0m[39m=[0m[1;36m1[0m[1;36m.0[0m                                                                            [36m│[0m
[36m│[0m [39m        [0m[1;39m)[0m[39m,[0m                                                                                                           [36m│[0m
[36m│[0m [39m        [0m[1;35mTaskConfig[0m[1;39m([0m                                                                                                  [36m│[0m
[36m│[0m [39m            [0m[33mname[0m[39m=[0m[32m'coqa:rc'[0m[39m,[0m                                                                                          [36m│[0m
[36m│[0m [39m            [0m[33mdata_source[0m[39m=[0m[1;35mDataSource[0m[1;39m([0m                                                                                  [36m│[0m
[36m│[0m [39m                [0m[33mpath[0m[39m=[0m[32m'allenai/coqa_mc'[0m[39m,[0m                                                                              [36m│[0m
[36m│[0m [39m                [0m[33msplit[0m[39m=[0m[32m'validation'[0m[39m,[0m                                                                                  [36m│[0m
[36m│[0m [39m                [0m[33msource_type[0m[39m=<SourceType.HF: [0m[32m'hf'[0m[39m>[0m                                                                    [36m│[0m
[36m│[0m [39m            [0m[1;39m)[0m[39m,[0m                                                                                                       [36m│[0m
[36m│[0m [39m            [0m[33mmetrics[0m[39m=[0m[1;39m([0m                                                                                                [36m│[0m
[36m│[0m [39m                [0m[1;35mLogprobPerCharMCAccuracyMetric[0m[1;39m([0m                                                                      [36m│[0m
[36m│[0m [39m                    [0m[33mname[0m[39m=[0m[32m'accuracy'[0m[39m,[0m                                                                                 [36m│[0m
[36m│[0m [39m                    [0m[33mscorer[0m[39m=<class [0m[32m'olmo_eval.common.scorers.base.LogprobScorer'[0m[39m>[0m                                     [36m│[0m
[36m│[0m [39m                [0m[1;39m)[0m[39m,[0m                                                                                                   [36m│[0m
[36m│[0m [39m            [0m[1;39m)[0m[39m,[0m                                                                                                       [36m│[0m
[36m│[0m [39m            [0m[33mnum_fewshot[0m[39m=[0m[1;36m0[0m[39m,[0m                                                                                           [36m│[0m
[36m│[0m [39m            [0m[33mfewshot_seed[0m[39m=[0m[1;36m42[0m[39m,[0m                                                                                         [36m│[0m
[36m│[0m [39m            [0m[33mseed[0m[39m=[0m[1;36m42[0m[39m,[0m                                                                                                 [36m│[0m
[36m│[0m [39m            [0m[33msplit[0m[39m=<Split.VALIDATION: [0m[32m'validation'[0m[39m>,[0m                                                                  [36m│[0m
[36m│[0m [39m            [0m[33msampling_params[0m[39m=[0m[1;35mSamplingParams[0m[1;39m([0m                                                                          [36m│[0m
[36m│[0m [39m                [0m[33mmax_tokens[0m[39m=[0m[1;36m512[0m[39m,[0m                                                                                      [36m│[0m
[36m│[0m [39m                [0m[33mtemperature[0m[39m=[0m[1;36m0[0m[1;36m.0[0m[39m,[0m                                                                                     [36m│[0m
[36m│[0m [39m                [0m[33mnum_samples[0m[39m=[0m[1;36m1[0m[39m,[0m                                                                                       [36m│[0m
[36m│[0m [39m                [0m[33mdo_sample[0m[39m=[0m[3;92mTrue[0m                                                                                       [36m│[0m
[36m│[0m [39m            [0m[1;39m)[0m[39m,[0m                                                                                                       [36m│[0m
[36m│[0m [39m            [0m[33moutput_score_aggregation[0m[39m=<OutputScoreAggregation.MAX: [0m[32m'max'[0m[39m>,[0m                                            [36m│[0m
[36m│[0m [39m            [0m[33msandbox_allocation_weight[0m[39m=[0m[1;36m1[0m[1;36m.0[0m                                                                            [36m│[0m
[36m│[0m [39m        [0m[1;39m)[0m[39m,[0m                                                                                                           [36m│[0m
[36m│[0m [39m        [0m[1;35mTaskConfig[0m[1;39m([0m                                                                                                  [36m│[0m
[36m│[0m [39m            [0m[33mname[0m[39m=[0m[32m'drop:rc'[0m[39m,[0m                                                                                          [36m│[0m
[36m│[0m [39m            [0m[33mdata_source[0m[39m=[0m[1;35mDataSource[0m[1;39m([0m                                                                                  [36m│[0m
[36m│[0m [39m                [0m[33mpath[0m[39m=[0m[32m'allenai/drop_mc'[0m[39m,[0m                                                                              [36m│[0m
[36m│[0m [39m                [0m[33msplit[0m[39m=[0m[32m'validation'[0m[39m,[0m                                                                                  [36m│[0m
[36m│[0m [39m                [0m[33msource_type[0m[39m=<SourceType.HF: [0m[32m'hf'[0m[39m>[0m                                                                    [36m│[0m
[36m│[0m [39m            [0m[1;39m)[0m[39m,[0m                                                                                                       [36m│[0m
[36m│[0m [39m            [0m[33mfewshot_source[0m[39m=[0m[32m'olmes_drop_mc_fixed'[0m[39m,[0m                                                                    [36m│[0m
[36m│[0m [39m            [0m[33mmetrics[0m[39m=[0m[1;39m([0m                                                                                                [36m│[0m
[36m│[0m [39m                [0m[1;35mLogprobPerCharMCAccuracyMetric[0m[1;39m([0m                                                                      [36m│[0m
[36m│[0m [39m                    [0m[33mname[0m[39m=[0m[32m'accuracy'[0m[39m,[0m                                                                                 [36m│[0m
[36m│[0m [39m                    [0m[33mscorer[0m[39m=<class [0m[32m'olmo_eval.common.scorers.base.LogprobScorer'[0m[39m>[0m                                     [36m│[0m
[36m│[0m [39m                [0m[1;39m)[0m[39m,[0m                                                                                                   [36m│[0m
[36m│[0m [39m            [0m[1;39m)[0m[39m,[0m                                                                                                       [36m│[0m
[36m│[0m [39m            [0m[33mnum_fewshot[0m[39m=[0m[1;36m5[0m[39m,[0m                                                                                           [36m│[0m
[36m│[0m [39m            [0m[33mfewshot_seed[0m[39m=[0m[1;36m42[0m[39m,[0m                                                                                         [36m│[0m
[36m│[0m [39m            [0m[33mseed[0m[39m=[0m[1;36m42[0m[39m,[0m                                                                                                 [36m│[0m
[36m│[0m [39m            [0m[33msplit[0m[39m=<Split.VALIDATION: [0m[32m'validation'[0m[39m>,[0m                                                                  [36m│[0m
[36m│[0m [39m            [0m[33mprimary_metric[0m[39m=[0m[1;35mLogprobPerCharMCAccuracyMetric[0m[1;39m([0m                                                           [36m│[0m
[36m│[0m [39m                [0m[33mname[0m[39m=[0m[32m'accuracy'[0m[39m,[0m                                                                                     [36m│[0m
[36m│[0m [39m                [0m[33mscorer[0m[39m=<class [0m[32m'olmo_eval.common.scorers.base.LogprobScorer'[0m[39m>[0m                                         [36m│[0m
[36m│[0m [39m            [0m[1;39m)[0m[39m,[0m                                                                                                       [36m│[0m
[36m│[0m [39m            [0m[33msampling_params[0m[39m=[0m[1;35mSamplingParams[0m[1;39m([0m                                                                          [36m│[0m
[36m│[0m [39m                [0m[33mmax_tokens[0m[39m=[0m[1;36m100[0m[39m,[0m                                                                                      [36m│[0m
[36m│[0m [39m                [0m[33mtemperature[0m[39m=[0m[1;36m0[0m[39m,[0m                                                                                       [36m│[0m
[36m│[0m [39m                [0m[33mstop_sequences[0m[39m=[0m[1;39m([0m                                                                                     [36m│[0m
[36m│[0m [39m                    [0m[32m'Passage:'[0m[39m,[0m                                                                                      [36m│[0m
[36m│[0m [39m                    [0m[32m'Question:'[0m[39m,[0m                                                                                     [36m│[0m
[36m│[0m [39m                    [0m[32m'\n\n'[0m                                                                                           [36m│[0m
[36m│[0m [39m                [0m[1;39m)[0m[39m,[0m                                                                                                   [36m│[0m
[36m│[0m [39m                [0m[33mnum_samples[0m[39m=[0m[1;36m1[0m[39m,[0m                                                                                       [36m│[0m
[36m│[0m [39m                [0m[33mdo_sample[0m[39m=[0m[3;92mTrue[0m                                                                                       [36m│[0m
[36m│[0m [39m            [0m[1;39m)[0m[39m,[0m                                                                                                       [36m│[0m
[36m│[0m [39m            [0m[33moutput_score_aggregation[0m[39m=<OutputScoreAggregation.MAX: [0m[32m'max'[0m[39m>,[0m                                            [36m│[0m
[36m│[0m [39m            [0m[33msandbox_allocation_weight[0m[39m=[0m[1;36m1[0m[1;36m.0[0m                                                                            [36m│[0m
[36m│[0m [39m        [0m[1;39m)[0m[39m,[0m                                                                                                           [36m│[0m
[36m│[0m [39m        [0m[1;35mTaskConfig[0m[1;39m([0m                                                                                                  [36m│[0m
[36m│[0m [39m            [0m[33mname[0m[39m=[0m[32m'jeopardy:rc'[0m[39m,[0m                                                                                      [36m│[0m
[36m│[0m [39m            [0m[33mdata_source[0m[39m=[0m[1;35mDataSource[0m[1;39m([0m                                                                                  [36m│[0m
[36m│[0m [39m                [0m[33mpath[0m[39m=[0m[32m'allenai/jeopardy_mc'[0m[39m,[0m                                                                          [36m│[0m
[36m│[0m [39m                [0m[33msplit[0m[39m=[0m[32m'test'[0m[39m,[0m                                                                                        [36m│[0m
[36m│[0m [39m                [0m[33msource_type[0m[39m=<SourceType.HF: [0m[32m'hf'[0m[39m>[0m                                                                    [36m│[0m
[36m│[0m [39m            [0m[1;39m)[0m[39m,[0m                                                                                                       [36m│[0m
[36m│[0m [39m            [0m[33mfewshot_source[0m[39m=[0m[32m'jeopardy_mc_fixed'[0m[39m,[0m                                                                      [36m│[0m
[36m│[0m [39m            [0m[33mmetrics[0m[39m=[0m[1;39m([0m                                                                                                [36m│[0m
[36m│[0m [39m                [0m[1;35mLogprobPerCharMCAccuracyMetric[0m[1;39m([0m                                                                      [36m│[0m
[36m│[0m [39m                    [0m[33mname[0m[39m=[0m[32m'accuracy'[0m[39m,[0m                                                                                 [36m│[0m
[36m│[0m [39m                    [0m[33mscorer[0m[39m=<class [0m[32m'olmo_eval.common.scorers.base.LogprobScorer'[0m[39m>[0m                                     [36m│[0m
[36m│[0m [39m                [0m[1;39m)[0m[39m,[0m                                                                                                   [36m│[0m
[36m│[0m [39m            [0m[1;39m)[0m[39m,[0m                                                                                                       [36m│[0m
[36m│[0m [39m            [0m[33mnum_fewshot[0m[39m=[0m[1;36m5[0m[39m,[0m                                                                                           [36m│[0m
[36m│[0m [39m            [0m[33mfewshot_seed[0m[39m=[0m[1;36m42[0m[39m,[0m                                                                                         [36m│[0m
[36m│[0m [39m            [0m[33mseed[0m[39m=[0m[1;36m42[0m[39m,[0m                                                                                                 [36m│[0m
[36m│[0m [39m            [0m[33msplit[0m[39m=<Split.TEST: [0m[32m'test'[0m[39m>,[0m                                                                              [36m│[0m
[36m│[0m [39m            [0m[33msampling_params[0m[39m=[0m[1;35mSamplingParams[0m[1;39m([0m                                                                          [36m│[0m
[36m│[0m [39m                [0m[33mmax_tokens[0m[39m=[0m[1;36m512[0m[39m,[0m                                                                                      [36m│[0m
[36m│[0m [39m                [0m[33mtemperature[0m[39m=[0m[1;36m0[0m[1;36m.0[0m[39m,[0m                                                                                     [36m│[0m
[36m│[0m [39m                [0m[33mnum_samples[0m[39m=[0m[1;36m1[0m[39m,[0m                                                                                       [36m│[0m
[36m│[0m [39m                [0m[33mdo_sample[0m[39m=[0m[3;92mTrue[0m                                                                                       [36m│[0m
[36m│[0m [39m            [0m[1;39m)[0m[39m,[0m                                                                                                       [36m│[0m
[36m│[0m [39m            [0m[33moutput_score_aggregation[0m[39m=<OutputScoreAggregation.MAX: [0m[32m'max'[0m[39m>,[0m                                            [36m│[0m
[36m│[0m [39m            [0m[33msandbox_allocation_weight[0m[39m=[0m[1;36m1[0m[1;36m.0[0m                                                                            [36m│[0m
[36m│[0m [39m        [0m[1;39m)[0m[39m,[0m                                                                                                           [36m│[0m
[36m│[0m [39m        [0m[1;35mTaskConfig[0m[1;39m([0m                                                                                                  [36m│[0m
[36m│[0m [39m            [0m[33mname[0m[39m=[0m[32m'naturalqs:rc'[0m[39m,[0m                                                                                     [36m│[0m
[36m│[0m [39m            [0m[33mdata_source[0m[39m=[0m[1;35mDataSource[0m[1;39m([0m                                                                                  [36m│[0m
[36m│[0m [39m                [0m[33mpath[0m[39m=[0m[32m'allenai/nq_open_mc'[0m[39m,[0m                                                                           [36m│[0m
[36m│[0m [39m                [0m[33msplit[0m[39m=[0m[32m'validation'[0m[39m,[0m                                                                                  [36m│[0m
[36m│[0m [39m                [0m[33msource_type[0m[39m=<SourceType.HF: [0m[32m'hf'[0m[39m>[0m                                                                    [36m│[0m
[36m│[0m [39m            [0m[1;39m)[0m[39m,[0m                                                                                                       [36m│[0m
[36m│[0m [39m            [0m[33mfewshot_source[0m[39m=[0m[32m'nq_mc_fixed'[0m[39m,[0m                                                                            [36m│[0m
[36m│[0m [39m            [0m[33mmetrics[0m[39m=[0m[1;39m([0m                                                                                                [36m│[0m
[36m│[0m [39m                [0m[1;35mLogprobPerCharMCAccuracyMetric[0m[1;39m([0m                                                                      [36m│[0m
[36m│[0m [39m                    [0m[33mname[0m[39m=[0m[32m'accuracy'[0m[39m,[0m                                                                                 [36m│[0m
[36m│[0m [39m                    [0m[33mscorer[0m[39m=<class [0m[32m'olmo_eval.common.scorers.base.LogprobScorer'[0m[39m>[0m                                     [36m│[0m
[36m│[0m [39m                [0m[1;39m)[0m[39m,[0m                                                                                                   [36m│[0m
[36m│[0m [39m            [0m[1;39m)[0m[39m,[0m                                                                                                       [36m│[0m
[36m│[0m [39m            [0m[33mnum_fewshot[0m[39m=[0m[1;36m5[0m[39m,[0m                                                                                           [36m│[0m
[36m│[0m [39m            [0m[33mfewshot_seed[0m[39m=[0m[1;36m42[0m[39m,[0m                                                                                         [36m│[0m
[36m│[0m [39m            [0m[33mlimit[0m[39m=[0m[1;36m10000[0m[39m,[0m                                                                                             [36m│[0m
[36m│[0m [39m            [0m[33mseed[0m[39m=[0m[1;36m1234[0m[39m,[0m                                                                                               [36m│[0m
[36m│[0m [39m            [0m[33msplit[0m[39m=<Split.VALIDATION: [0m[32m'validation'[0m[39m>,[0m                                                                  [36m│[0m
[36m│[0m [39m            [0m[33msampling_params[0m[39m=[0m[1;35mSamplingParams[0m[1;39m([0m                                                                          [36m│[0m
[36m│[0m [39m                [0m[33mmax_tokens[0m[39m=[0m[1;36m512[0m[39m,[0m                                                                                      [36m│[0m
[36m│[0m [39m                [0m[33mtemperature[0m[39m=[0m[1;36m0[0m[1;36m.0[0m[39m,[0m                                                                                     [36m│[0m
[36m│[0m [39m                [0m[33mnum_samples[0m[39m=[0m[1;36m1[0m[39m,[0m                                                                                       [36m│[0m
[36m│[0m [39m                [0m[33mdo_sample[0m[39m=[0m[3;92mTrue[0m                                                                                       [36m│[0m
[36m│[0m [39m            [0m[1;39m)[0m[39m,[0m                                                                                                       [36m│[0m
[36m│[0m [39m            [0m[33moutput_score_aggregation[0m[39m=<OutputScoreAggregation.MAX: [0m[32m'max'[0m[39m>,[0m                                            [36m│[0m
[36m│[0m [39m            [0m[33msandbox_allocation_weight[0m[39m=[0m[1;36m1[0m[1;36m.0[0m                                                                            [36m│[0m
[36m│[0m [39m        [0m[1;39m)[0m[39m,[0m                                                                                                           [36m│[0m
[36m│[0m [39m        [0m[1;35mTaskConfig[0m[1;39m([0m                                                                                                  [36m│[0m
[36m│[0m [39m            [0m[33mname[0m[39m=[0m[32m'squad:rc'[0m[39m,[0m                                                                                         [36m│[0m
[36m│[0m [39m            [0m[33mdata_source[0m[39m=[0m[1;35mDataSource[0m[1;39m([0m                                                                                  [36m│[0m
[36m│[0m [39m                [0m[33mpath[0m[39m=[0m[32m'allenai/squad_mc'[0m[39m,[0m                                                                             [36m│[0m
[36m│[0m [39m                [0m[33msplit[0m[39m=[0m[32m'validation'[0m[39m,[0m                                                                                  [36m│[0m
[36m│[0m [39m                [0m[33msource_type[0m[39m=<SourceType.HF: [0m[32m'hf'[0m[39m>[0m                                                                    [36m│[0m
[36m│[0m [39m            [0m[1;39m)[0m[39m,[0m                                                                                                       [36m│[0m
[36m│[0m [39m            [0m[33mfewshot_source[0m[39m=[0m[32m'squad_mc_fixed'[0m[39m,[0m                                                                         [36m│[0m
[36m│[0m [39m            [0m[33mmetrics[0m[39m=[0m[1;39m([0m                                                                                                [36m│[0m
[36m│[0m [39m                [0m[1;35mLogprobPerCharMCAccuracyMetric[0m[1;39m([0m                                                                      [36m│[0m
[36m│[0m [39m                    [0m[33mname[0m[39m=[0m[32m'accuracy'[0m[39m,[0m                                                                                 [36m│[0m
[36m│[0m [39m                    [0m[33mscorer[0m[39m=<class [0m[32m'olmo_eval.common.scorers.base.LogprobScorer'[0m[39m>[0m                                     [36m│[0m
[36m│[0m [39m                [0m[1;39m)[0m[39m,[0m                                                                                                   [36m│[0m
[36m│[0m [39m            [0m[1;39m)[0m[39m,[0m                                                                                                       [36m│[0m
[36m│[0m [39m            [0m[33mnum_fewshot[0m[39m=[0m[1;36m5[0m[39m,[0m                                                                                           [36m│[0m
[36m│[0m [39m            [0m[33mfewshot_seed[0m[39m=[0m[1;36m42[0m[39m,[0m                                                                                         [36m│[0m
[36m│[0m [39m            [0m[33mlimit[0m[39m=[0m[1;36m10000[0m[39m,[0m                                                                                             [36m│[0m
[36m│[0m [39m            [0m[33mseed[0m[39m=[0m[1;36m1234[0m[39m,[0m                                                                                               [36m│[0m
[36m│[0m [39m            [0m[33msplit[0m[39m=<Split.VALIDATION: [0m[32m'validation'[0m[39m>,[0m                                                                  [36m│[0m
[36m│[0m [39m            [0m[33msampling_params[0m[39m=[0m[1;35mSamplingParams[0m[1;39m([0m                                                                          [36m│[0m
[36m│[0m [39m                [0m[33mmax_tokens[0m[39m=[0m[1;36m512[0m[39m,[0m                                                                                      [36m│[0m
[36m│[0m [39m                [0m[33mtemperature[0m[39m=[0m[1;36m0[0m[1;36m.0[0m[39m,[0m                                                                                     [36m│[0m
[36m│[0m [39m                [0m[33mnum_samples[0m[39m=[0m[1;36m1[0m[39m,[0m                                                                                       [36m│[0m
[36m│[0m [39m                [0m[33mdo_sample[0m[39m=[0m[3;92mTrue[0m                                                                                       [36m│[0m
[36m│[0m [39m            [0m[1;39m)[0m[39m,[0m                                                                                                       [36m│[0m
[36m│[0m [39m            [0m[33moutput_score_aggregation[0m[39m=<OutputScoreAggregation.MAX: [0m[32m'max'[0m[39m>,[0m                                            [36m│[0m
[36m│[0m [39m            [0m[33msandbox_allocation_weight[0m[39m=[0m[1;36m1[0m[1;36m.0[0m                                                                            [36m│[0m
[36m│[0m [39m        [0m[1;39m)[0m[39m,[0m                                                                                                           [36m│[0m
[36m│[0m [39m        [0m[1;35mTaskConfig[0m[1;39m([0m                                                                                                  [36m│[0m
[36m│[0m [39m            [0m[33mname[0m[39m=[0m[32m'sciq'[0m[39m,[0m                                                                                             [36m│[0m
[36m│[0m [39m            [0m[33mdata_source[0m[39m=[0m[1;35mDataSource[0m[1;39m([0m                                                                                  [36m│[0m
[36m│[0m [39m                [0m[33mpath[0m[39m=[0m[32m'allenai/sciq'[0m[39m,[0m                                                                                 [36m│[0m
[36m│[0m [39m                [0m[33msplit[0m[39m=[0m[32m'validation'[0m[39m,[0m                                                                                  [36m│[0m
[36m│[0m [39m                [0m[33msource_type[0m[39m=<SourceType.HF: [0m[32m'hf'[0m[39m>[0m                                                                    [36m│[0m
[36m│[0m [39m            [0m[1;39m)[0m[39m,[0m                                                                                                       [36m│[0m
[36m│[0m [39m            [0m[33mmetrics[0m[39m=[0m[1;39m([0m                                                                                                [36m│[0m
[36m│[0m [39m                [0m[1;35mLogprobPerCharMCAccuracyMetric[0m[1;39m([0m                                                                      [36m│[0m
[36m│[0m [39m                    [0m[33mname[0m[39m=[0m[32m'accuracy'[0m[39m,[0m                                                                                 [36m│[0m
[36m│[0m [39m                    [0m[33mscorer[0m[39m=<class [0m[32m'olmo_eval.common.scorers.base.LogprobScorer'[0m[39m>[0m                                     [36m│[0m
[36m│[0m [39m                [0m[1;39m)[0m[39m,[0m                                                                                                   [36m│[0m
[36m│[0m [39m            [0m[1;39m)[0m[39m,[0m                                                                                                       [36m│[0m
[36m│[0m [39m            [0m[33mnum_fewshot[0m[39m=[0m[1;36m5[0m[39m,[0m                                                                                           [36m│[0m
[36m│[0m [39m            [0m[33mfewshot_seed[0m[39m=[0m[1;36m1234[0m[39m,[0m                                                                                       [36m│[0m
[36m│[0m [39m            [0m[33mseed[0m[39m=[0m[1;36m42[0m[39m,[0m                                                                                                 [36m│[0m
[36m│[0m [39m            [0m[33msplit[0m[39m=<Split.VALIDATION: [0m[32m'validation'[0m[39m>,[0m                                                                  [36m│[0m
[36m│[0m [39m            [0m[33msampling_params[0m[39m=[0m[1;35mSamplingParams[0m[1;39m([0m                                                                          [36m│[0m
[36m│[0m [39m                [0m[33mmax_tokens[0m[39m=[0m[1;36m512[0m[39m,[0m                                                                                      [36m│[0m
[36m│[0m [39m                [0m[33mtemperature[0m[39m=[0m[1;36m0[0m[1;36m.0[0m[39m,[0m                                                                                     [36m│[0m
[36m│[0m [39m                [0m[33mnum_samples[0m[39m=[0m[1;36m1[0m[39m,[0m                                                                                       [36m│[0m
[36m│[0m [39m                [0m[33mdo_sample[0m[39m=[0m[3;92mTrue[0m                                                                                       [36m│[0m
[36m│[0m [39m            [0m[1;39m)[0m[39m,[0m                                                                                                       [36m│[0m
[36m│[0m [39m            [0m[33moutput_score_aggregation[0m[39m=<OutputScoreAggregation.MAX: [0m[32m'max'[0m[39m>,[0m                                            [36m│[0m
[36m│[0m [39m            [0m[33msandbox_allocation_weight[0m[39m=[0m[1;36m1[0m[1;36m.0[0m                                                                            [36m│[0m
[36m│[0m [39m        [0m[1;39m)[0m[39m,[0m                                                                                                           [36m│[0m
[36m│[0m [39m        [0m[1;35mTaskConfig[0m[1;39m([0m                                                                                                  [36m│[0m
[36m│[0m [39m            [0m[33mname[0m[39m=[0m[32m'qasper_yesno'[0m[39m,[0m                                                                                     [36m│[0m
[36m│[0m [39m            [0m[33mdata_source[0m[39m=[0m[1;35mDataSource[0m[1;39m([0m                                                                                  [36m│[0m
[36m│[0m [39m                [0m[33mpath[0m[39m=[0m[32m'allenai/qasper-yesno'[0m[39m,[0m                                                                         [36m│[0m
[36m│[0m [39m                [0m[33msplit[0m[39m=[0m[32m'train'[0m[39m,[0m                                                                                       [36m│[0m
[36m│[0m [39m                [0m[33msource_type[0m[39m=<SourceType.HF: [0m[32m'hf'[0m[39m>[0m                                                                    [36m│[0m
[36m│[0m [39m            [0m[1;39m)[0m[39m,[0m                                                                                                       [36m│[0m
[36m│[0m [39m            [0m[33mmetrics[0m[39m=[0m[1;39m([0m                                                                                                [36m│[0m
[36m│[0m [39m                [0m[1;35mLogprobMCAccuracyMetric[0m[1;39m([0m                                                                             [36m│[0m
[36m│[0m [39m                    [0m[33mname[0m[39m=[0m[32m'accuracy'[0m[39m,[0m                                                                                 [36m│[0m
[36m│[0m [39m                    [0m[33mscorer[0m[39m=<class [0m[32m'olmo_eval.common.scorers.base.LogprobScorer'[0m[39m>[0m                                     [36m│[0m
[36m│[0m [39m                [0m[1;39m)[0m[39m,[0m                                                                                                   [36m│[0m
[36m│[0m [39m            [0m[1;39m)[0m[39m,[0m                                                                                                       [36m│[0m
[36m│[0m [39m            [0m[33mnum_fewshot[0m[39m=[0m[1;36m5[0m[39m,[0m                                                                                           [36m│[0m
[36m│[0m [39m            [0m[33mfewshot_seed[0m[39m=[0m[1;36m1234[0m[39m,[0m                                                                                       [36m│[0m
[36m│[0m [39m            [0m[33mseed[0m[39m=[0m[1;36m42[0m[39m,[0m                                                                                                 [36m│[0m
[36m│[0m [39m            [0m[33msplit[0m[39m=<Split.TRAIN: [0m[32m'train'[0m[39m>,[0m                                                                            [36m│[0m
[36m│[0m [39m            [0m[33msampling_params[0m[39m=[0m[1;35mSamplingParams[0m[1;39m([0m                                                                          [36m│[0m
[36m│[0m [39m                [0m[33mmax_tokens[0m[39m=[0m[1;36m512[0m[39m,[0m                                                                                      [36m│[0m
[36m│[0m [39m                [0m[33mtemperature[0m[39m=[0m[1;36m0[0m[1;36m.0[0m[39m,[0m                                                                                     [36m│[0m
[36m│[0m [39m                [0m[33mnum_samples[0m[39m=[0m[1;36m1[0m[39m,[0m                                                                                       [36m│[0m
[36m│[0m [39m                [0m[33mdo_sample[0m[39m=[0m[3;92mTrue[0m                                                                                       [36m│[0m
[36m│[0m [39m            [0m[1;39m)[0m[39m,[0m                                                                                                       [36m│[0m
[36m│[0m [39m            [0m[33moutput_score_aggregation[0m[39m=<OutputScoreAggregation.MAX: [0m[32m'max'[0m[39m>,[0m                                            [36m│[0m
[36m│[0m [39m            [0m[33msandbox_allocation_weight[0m[39m=[0m[1;36m1[0m[1;36m.0[0m                                                                            [36m│[0m
[36m│[0m [39m        [0m[1;39m)[0m[39m,[0m                                                                                                           [36m│[0m
[36m│[0m [39m        [0m[1;35mTaskConfig[0m[1;39m([0m                                                                                                  [36m│[0m
[36m│[0m [39m            [0m[33mname[0m[39m=[0m[32m'basic_skills_arithmetic'[0m[39m,[0m                                                                          [36m│[0m
[36m│[0m [39m            [0m[33mdata_source[0m[39m=[0m[1;35mDataSource[0m[1;39m([0m                                                                                  [36m│[0m
[36m│[0m [39m                [0m[33mpath[0m[39m=[0m[32m'json'[0m[39m,[0m                                                                                         [36m│[0m
[36m│[0m [39m                [0m[33msplit[0m[39m=[0m[32m'train'[0m[39m,[0m                                                                                       [36m│[0m
[36m│[0m [39m                [0m[33msource_type[0m[39m=<SourceType.HF: [0m[32m'hf'[0m[39m>,[0m                                                                   [36m│[0m
[36m│[0m [39m                [0m[33mdata_files[0m[39m=[0m[32m'hf://datasets/allenai/basic-skills/arithmetic/validation.json'[0m                           [36m│[0m
[36m│[0m [39m            [0m[1;39m)[0m[39m,[0m                                                                                                       [36m│[0m
[36m│[0m [39m            [0m[33mmetrics[0m[39m=[0m[1;39m([0m                                                                                                [36m│[0m
[36m│[0m [39m                [0m[1;35mLogprobPerTokenMCAccuracyMetric[0m[1;39m([0m                                                                     [36m│[0m
[36m│[0m [39m                    [0m[33mname[0m[39m=[0m[32m'accuracy'[0m[39m,[0m                                                                                 [36m│[0m
[36m│[0m [39m                    [0m[33mscorer[0m[39m=<class [0m[32m'olmo_eval.common.scorers.base.LogprobScorer'[0m[39m>[0m                                     [36m│[0m
[36m│[0m [39m                [0m[1;39m)[0m[39m,[0m                                                                                                   [36m│[0m
[36m│[0m [39m            [0m[1;39m)[0m[39m,[0m                                                                                                       [36m│[0m
[36m│[0m [39m            [0m[33mnum_fewshot[0m[39m=[0m[1;36m5[0m[39m,[0m                                                                                           [36m│[0m
[36m│[0m [39m            [0m[33mfewshot_seed[0m[39m=[0m[1;36m1234[0m[39m,[0m                                                                                       [36m│[0m
[36m│[0m [39m            [0m[33mseed[0m[39m=[0m[1;36m42[0m[39m,[0m                                                                                                 [36m│[0m
[36m│[0m [39m            [0m[33msplit[0m[39m=<Split.VALIDATION: [0m[32m'validation'[0m[39m>,[0m                                                                  [36m│[0m
[36m│[0m [39m            [0m[33msampling_params[0m[39m=[0m[1;35mSamplingParams[0m[1;39m([0m                                                                          [36m│[0m
[36m│[0m [39m                [0m[33mmax_tokens[0m[39m=[0m[1;36m512[0m[39m,[0m                                                                                      [36m│[0m
[36m│[0m [39m                [0m[33mtemperature[0m[39m=[0m[1;36m0[0m[1;36m.0[0m[39m,[0m                                                                                     [36m│[0m
[36m│[0m [39m                [0m[33mnum_samples[0m[39m=[0m[1;36m1[0m[39m,[0m                                                                                       [36m│[0m
[36m│[0m [39m                [0m[33mdo_sample[0m[39m=[0m[3;92mTrue[0m                                                                                       [36m│[0m
[36m│[0m [39m            [0m[1;39m)[0m[39m,[0m                                                                                                       [36m│[0m
[36m│[0m [39m            [0m[33moutput_score_aggregation[0m[39m=<OutputScoreAggregation.MAX: [0m[32m'max'[0m[39m>,[0m                                            [36m│[0m
[36m│[0m [39m            [0m[33msandbox_allocation_weight[0m[39m=[0m[1;36m1[0m[1;36m.0[0m                                                                            [36m│[0m
[36m│[0m [39m        [0m[1;39m)[0m[39m,[0m                                                                                                           [36m│[0m
[36m│[0m [39m        [0m[1;35mTaskConfig[0m[1;39m([0m                                                                                                  [36m│[0m
[36m│[0m [39m            [0m[33mname[0m[39m=[0m[32m'basic_skills_coding'[0m[39m,[0m                                                                              [36m│[0m
[36m│[0m [39m            [0m[33mdata_source[0m[39m=[0m[1;35mDataSource[0m[1;39m([0m                                                                                  [36m│[0m
[36m│[0m [39m                [0m[33mpath[0m[39m=[0m[32m'json'[0m[39m,[0m                                                                                         [36m│[0m
[36m│[0m [39m                [0m[33msplit[0m[39m=[0m[32m'train'[0m[39m,[0m                                                                                       [36m│[0m
[36m│[0m [39m                [0m[33msource_type[0m[39m=<SourceType.HF: [0m[32m'hf'[0m[39m>,[0m                                                                   [36m│[0m
[36m│[0m [39m                [0m[33mdata_files[0m[39m=[0m[32m'hf://datasets/allenai/basic-skills/coding/validation.json'[0m                               [36m│[0m
[36m│[0m [39m            [0m[1;39m)[0m[39m,[0m                                                                                                       [36m│[0m
[36m│[0m [39m            [0m[33mmetrics[0m[39m=[0m[1;39m([0m                                                                                                [36m│[0m
[36m│[0m [39m                [0m[1;35mLogprobPerTokenMCAccuracyMetric[0m[1;39m([0m                                                                     [36m│[0m
[36m│[0m [39m                    [0m[33mname[0m[39m=[0m[32m'accuracy'[0m[39m,[0m                                                                                 [36m│[0m
[36m│[0m [39m                    [0m[33mscorer[0m[39m=<class [0m[32m'olmo_eval.common.scorers.base.LogprobScorer'[0m[39m>[0m                                     [36m│[0m
[36m│[0m [39m                [0m[1;39m)[0m[39m,[0m                                                                                                   [36m│[0m
[36m│[0m [39m            [0m[1;39m)[0m[39m,[0m                                                                                                       [36m│[0m
[36m│[0m [39m            [0m[33mnum_fewshot[0m[39m=[0m[1;36m5[0m[39m,[0m                                                                                           [36m│[0m
[36m│[0m [39m            [0m[33mfewshot_seed[0m[39m=[0m[1;36m1234[0m[39m,[0m                                                                                       [36m│[0m
[36m│[0m [39m            [0m[33mseed[0m[39m=[0m[1;36m42[0m[39m,[0m                                                                                                 [36m│[0m
[36m│[0m [39m            [0m[33msplit[0m[39m=<Split.VALIDATION: [0m[32m'validation'[0m[39m>,[0m                                                                  [36m│[0m
[36m│[0m [39m            [0m[33msampling_params[0m[39m=[0m[1;35mSamplingParams[0m[1;39m([0m                                                                          [36m│[0m
[36m│[0m [39m                [0m[33mmax_tokens[0m[39m=[0m[1;36m512[0m[39m,[0m                                                                                      [36m│[0m
[36m│[0m [39m                [0m[33mtemperature[0m[39m=[0m[1;36m0[0m[1;36m.0[0m[39m,[0m                                                                                     [36m│[0m
[36m│[0m [39m                [0m[33mnum_samples[0m[39m=[0m[1;36m1[0m[39m,[0m                                                                                       [36m│[0m
[36m│[0m [39m                [0m[33mdo_sample[0m[39m=[0m[3;92mTrue[0m                                                                                       [36m│[0m
[36m│[0m [39m            [0m[1;39m)[0m[39m,[0m                                                                                                       [36m│[0m
[36m│[0m [39m            [0m[33moutput_score_aggregation[0m[39m=<OutputScoreAggregation.MAX: [0m[32m'max'[0m[39m>,[0m                                            [36m│[0m
[36m│[0m [39m            [0m[33msandbox_allocation_weight[0m[39m=[0m[1;36m1[0m[1;36m.0[0m                                                                            [36m│[0m
[36m│[0m [39m        [0m[1;39m)[0m[39m,[0m                                                                                                           [36m│[0m
[36m│[0m [39m        [0m[1;35mTaskConfig[0m[1;39m([0m                                                                                                  [36m│[0m
[36m│[0m [39m            [0m[33mname[0m[39m=[0m[32m'basic_skills_common_knowledge'[0m[39m,[0m                                                                    [36m│[0m
[36m│[0m [39m            [0m[33mdata_source[0m[39m=[0m[1;35mDataSource[0m[1;39m([0m                                                                                  [36m│[0m
[36m│[0m [39m                [0m[33mpath[0m[39m=[0m[32m'json'[0m[39m,[0m                                                                                         [36m│[0m
[36m│[0m [39m                [0m[33msplit[0m[39m=[0m[32m'train'[0m[39m,[0m                                                                                       [36m│[0m
[36m│[0m [39m                [0m[33msource_type[0m[39m=<SourceType.HF: [0m[32m'hf'[0m[39m>,[0m                                                                   [36m│[0m
[36m│[0m [39m                [0m[33mdata_files[0m[39m=[0m[32m'hf://datasets/allenai/basic-skills/common_knowledge/validation.json'[0m                     [36m│[0m
[36m│[0m [39m            [0m[1;39m)[0m[39m,[0m                                                                                                       [36m│[0m
[36m│[0m [39m            [0m[33mmetrics[0m[39m=[0m[1;39m([0m                                                                                                [36m│[0m
[36m│[0m [39m                [0m[1;35mLogprobPerTokenMCAccuracyMetric[0m[1;39m([0m                                                                     [36m│[0m
[36m│[0m [39m                    [0m[33mname[0m[39m=[0m[32m'accuracy'[0m[39m,[0m                                                                                 [36m│[0m
[36m│[0m [39m                    [0m[33mscorer[0m[39m=<class [0m[32m'olmo_eval.common.scorers.base.LogprobScorer'[0m[39m>[0m                                     [36m│[0m
[36m│[0m [39m                [0m[1;39m)[0m[39m,[0m                                                                                                   [36m│[0m
[36m│[0m [39m            [0m[1;39m)[0m[39m,[0m                                                                                                       [36m│[0m
[36m│[0m [39m            [0m[33mnum_fewshot[0m[39m=[0m[1;36m5[0m[39m,[0m                                                                                           [36m│[0m
[36m│[0m [39m            [0m[33mfewshot_seed[0m[39m=[0m[1;36m1234[0m[39m,[0m                                                                                       [36m│[0m
[36m│[0m [39m            [0m[33mseed[0m[39m=[0m[1;36m42[0m[39m,[0m                                                                                                 [36m│[0m
[36m│[0m [39m            [0m[33msplit[0m[39m=<Split.VALIDATION: [0m[32m'validation'[0m[39m>,[0m                                                                  [36m│[0m
[36m│[0m [39m            [0m[33msampling_params[0m[39m=[0m[1;35mSamplingParams[0m[1;39m([0m                                                                          [36m│[0m
[36m│[0m [39m                [0m[33mmax_tokens[0m[39m=[0m[1;36m512[0m[39m,[0m                                                                                      [36m│[0m
[36m│[0m [39m                [0m[33mtemperature[0m[39m=[0m[1;36m0[0m[1;36m.0[0m[39m,[0m                                                                                     [36m│[0m
[36m│[0m [39m                [0m[33mnum_samples[0m[39m=[0m[1;36m1[0m[39m,[0m                                                                                       [36m│[0m
[36m│[0m [39m                [0m[33mdo_sample[0m[39m=[0m[3;92mTrue[0m                                                                                       [36m│[0m
[36m│[0m [39m            [0m[1;39m)[0m[39m,[0m                                                                                                       [36m│[0m
[36m│[0m [39m            [0m[33moutput_score_aggregation[0m[39m=<OutputScoreAggregation.MAX: [0m[32m'max'[0m[39m>,[0m                                            [36m│[0m
[36m│[0m [39m            [0m[33msandbox_allocation_weight[0m[39m=[0m[1;36m1[0m[1;36m.0[0m                                                                            [36m│[0m
[36m│[0m [39m        [0m[1;39m)[0m[39m,[0m                                                                                                           [36m│[0m
[36m│[0m [39m        [0m[1;35mTaskConfig[0m[1;39m([0m                                                                                                  [36m│[0m
[36m│[0m [39m            [0m[33mname[0m[39m=[0m[32m'basic_skills_logical_reasoning'[0m[39m,[0m                                                                   [36m│[0m
[36m│[0m [39m            [0m[33mdata_source[0m[39m=[0m[1;35mDataSource[0m[1;39m([0m                                                                                  [36m│[0m
[36m│[0m [39m                [0m[33mpath[0m[39m=[0m[32m'json'[0m[39m,[0m                                                                                         [36m│[0m
[36m│[0m [39m                [0m[33msplit[0m[39m=[0m[32m'train'[0m[39m,[0m                                                                                       [36m│[0m
[36m│[0m [39m                [0m[33msource_type[0m[39m=<SourceType.HF: [0m[32m'hf'[0m[39m>,[0m                                                                   [36m│[0m
[36m│[0m [39m                [0m[33mdata_files[0m[39m=[0m[32m'hf://datasets/allenai/basic-skills/logical_reasoning/validation.json'[0m                    [36m│[0m
[36m│[0m [39m            [0m[1;39m)[0m[39m,[0m                                                                                                       [36m│[0m
[36m│[0m [39m            [0m[33mmetrics[0m[39m=[0m[1;39m([0m                                                                                                [36m│[0m
[36m│[0m [39m                [0m[1;35mLogprobPerTokenMCAccuracyMetric[0m[1;39m([0m                                                                     [36m│[0m
[36m│[0m [39m                    [0m[33mname[0m[39m=[0m[32m'accuracy'[0m[39m,[0m                                                                                 [36m│[0m
[36m│[0m [39m                    [0m[33mscorer[0m[39m=<class [0m[32m'olmo_eval.common.scorers.base.LogprobScorer'[0m[39m>[0m                                     [36m│[0m
[36m│[0m [39m                [0m[1;39m)[0m[39m,[0m                                                                                                   [36m│[0m
[36m│[0m [39m            [0m[1;39m)[0m[39m,[0m                                                                                                       [36m│[0m
[36m│[0m [39m            [0m[33mnum_fewshot[0m[39m=[0m[1;36m5[0m[39m,[0m                                                                                           [36m│[0m
[36m│[0m [39m            [0m[33mfewshot_seed[0m[39m=[0m[1;36m1234[0m[39m,[0m                                                                                       [36m│[0m
[36m│[0m [39m            [0m[33mseed[0m[39m=[0m[1;36m42[0m[39m,[0m                                                                                                 [36m│[0m
[36m│[0m [39m            [0m[33msplit[0m[39m=<Split.VALIDATION: [0m[32m'validation'[0m[39m>,[0m                                                                  [36m│[0m
[36m│[0m [39m            [0m[33msampling_params[0m[39m=[0m[1;35mSamplingParams[0m[1;39m([0m                                                                          [36m│[0m
[36m│[0m [39m                [0m[33mmax_tokens[0m[39m=[0m[1;36m512[0m[39m,[0m                                                                                      [36m│[0m
[36m│[0m [39m                [0m[33mtemperature[0m[39m=[0m[1;36m0[0m[1;36m.0[0m[39m,[0m                                                                                     [36m│[0m
[36m│[0m [39m                [0m[33mnum_samples[0m[39m=[0m[1;36m1[0m[39m,[0m                                                                                       [36m│[0m
[36m│[0m [39m                [0m[33mdo_sample[0m[39m=[0m[3;92mTrue[0m                                                                                       [36m│[0m
[36m│[0m [39m            [0m[1;39m)[0m[39m,[0m                                                                                                       [36m│[0m
[36m│[0m [39m            [0m[33moutput_score_aggregation[0m[39m=<OutputScoreAggregation.MAX: [0m[32m'max'[0m[39m>,[0m                                            [36m│[0m
[36m│[0m [39m            [0m[33msandbox_allocation_weight[0m[39m=[0m[1;36m1[0m[1;36m.0[0m                                                                            [36m│[0m
[36m│[0m [39m        [0m[1;39m)[0m[39m,[0m                                                                                                           [36m│[0m
[36m│[0m [39m        [0m[1;35mTaskConfig[0m[1;39m([0m                                                                                                  [36m│[0m
[36m│[0m [39m            [0m[33mname[0m[39m=[0m[32m'basic_skills_string_operations'[0m[39m,[0m                                                                   [36m│[0m
[36m│[0m [39m            [0m[33mdata_source[0m[39m=[0m[1;35mDataSource[0m[1;39m([0m                                                                                  [36m│[0m
[36m│[0m [39m                [0m[33mpath[0m[39m=[0m[32m'json'[0m[39m,[0m                                                                                         [36m│[0m
[36m│[0m [39m                [0m[33msplit[0m[39m=[0m[32m'train'[0m[39m,[0m                                                                                       [36m│[0m
[36m│[0m [39m                [0m[33msource_type[0m[39m=<SourceType.HF: [0m[32m'hf'[0m[39m>,[0m                                                                   [36m│[0m
[36m│[0m [39m                [0m[33mdata_files[0m[39m=[0m[32m'hf://datasets/allenai/basic-skills/string_operations/validation.json'[0m                    [36m│[0m
[36m│[0m [39m            [0m[1;39m)[0m[39m,[0m                                                                                                       [36m│[0m
[36m│[0m [39m            [0m[33mmetrics[0m[39m=[0m[1;39m([0m                                                                                                [36m│[0m
[36m│[0m [39m                [0m[1;35mLogprobPerTokenMCAccuracyMetric[0m[1;39m([0m                                                                     [36m│[0m
[36m│[0m [39m                    [0m[33mname[0m[39m=[0m[32m'accuracy'[0m[39m,[0m                                                                                 [36m│[0m
[36m│[0m [39m                    [0m[33mscorer[0m[39m=<class [0m[32m'olmo_eval.common.scorers.base.LogprobScorer'[0m[39m>[0m                                     [36m│[0m
[36m│[0m [39m                [0m[1;39m)[0m[39m,[0m                                                                                                   [36m│[0m
[36m│[0m [39m            [0m[1;39m)[0m[39m,[0m                                                                                                       [36m│[0m
[36m│[0m [39m            [0m[33mnum_fewshot[0m[39m=[0m[1;36m5[0m[39m,[0m                                                                                           [36m│[0m
[36m│[0m [39m            [0m[33mfewshot_seed[0m[39m=[0m[1;36m1234[0m[39m,[0m                                                                                       [36m│[0m
[36m│[0m [39m            [0m[33mseed[0m[39m=[0m[1;36m42[0m[39m,[0m                                                                                                 [36m│[0m
[36m│[0m [39m            [0m[33msplit[0m[39m=<Split.VALIDATION: [0m[32m'validation'[0m[39m>,[0m                                                                  [36m│[0m
[36m│[0m [39m            [0m[33msampling_params[0m[39m=[0m[1;35mSamplingParams[0m[1;39m([0m                                                                          [36m│[0m
[36m│[0m [39m                [0m[33mmax_tokens[0m[39m=[0m[1;36m512[0m[39m,[0m                                                                                      [36m│[0m
[36m│[0m [39m                [0m[33mtemperature[0m[39m=[0m[1;36m0[0m[1;36m.0[0m[39m,[0m                                                                                     [36m│[0m
[36m│[0m [39m                [0m[33mnum_samples[0m[39m=[0m[1;36m1[0m[39m,[0m                                                                                       [36m│[0m
[36m│[0m [39m                [0m[33mdo_sample[0m[39m=[0m[3;92mTrue[0m                                                                                       [36m│[0m
[36m│[0m [39m            [0m[1;39m)[0m[39m,[0m                                                                                                       [36m│[0m
[36m│[0m [39m            [0m[33moutput_score_aggregation[0m[39m=<OutputScoreAggregation.MAX: [0m[32m'max'[0m[39m>,[0m                                            [36m│[0m
[36m│[0m [39m            [0m[33msandbox_allocation_weight[0m[39m=[0m[1;36m1[0m[1;36m.0[0m                                                                            [36m│[0m
[36m│[0m [39m        [0m[1;39m)[0m[39m,[0m                                                                                                           [36m│[0m
[36m│[0m [39m        [0m[1;35mTaskConfig[0m[1;39m([0m                                                                                                  [36m│[0m
[36m│[0m [39m            [0m[33mname[0m[39m=[0m[32m'basic_skills_pattern'[0m[39m,[0m                                                                             [36m│[0m
[36m│[0m [39m            [0m[33mdata_source[0m[39m=[0m[1;35mDataSource[0m[1;39m([0m                                                                                  [36m│[0m
[36m│[0m [39m                [0m[33mpath[0m[39m=[0m[32m'json'[0m[39m,[0m                                                                                         [36m│[0m
[36m│[0m [39m                [0m[33msplit[0m[39m=[0m[32m'train'[0m[39m,[0m                                                                                       [36m│[0m
[36m│[0m [39m                [0m[33msource_type[0m[39m=<SourceType.HF: [0m[32m'hf'[0m[39m>,[0m                                                                   [36m│[0m
[36m│[0m [39m                [0m[33mdata_files[0m[39m=[0m[32m'hf://datasets/allenai/basic-skills/pattern/validation.json'[0m                              [36m│[0m
[36m│[0m [39m            [0m[1;39m)[0m[39m,[0m                                                                                                       [36m│[0m
[36m│[0m [39m            [0m[33mmetrics[0m[39m=[0m[1;39m([0m                                                                                                [36m│[0m
[36m│[0m [39m                [0m[1;35mLogprobPerTokenMCAccuracyMetric[0m[1;39m([0m                                                                     [36m│[0m
[36m│[0m [39m                    [0m[33mname[0m[39m=[0m[32m'accuracy'[0m[39m,[0m                                                                                 [36m│[0m
[36m│[0m [39m                    [0m[33mscorer[0m[39m=<class [0m[32m'olmo_eval.common.scorers.base.LogprobScorer'[0m[39m>[0m                                     [36m│[0m
[36m│[0m [39m                [0m[1;39m)[0m[39m,[0m                                                                                                   [36m│[0m
[36m│[0m [39m            [0m[1;39m)[0m[39m,[0m                                                                                                       [36m│[0m
[36m│[0m [39m            [0m[33mnum_fewshot[0m[39m=[0m[1;36m5[0m[39m,[0m                                                                                           [36m│[0m
[36m│[0m [39m            [0m[33mfewshot_seed[0m[39m=[0m[1;36m1234[0m[39m,[0m                                                                                       [36m│[0m
[36m│[0m [39m            [0m[33mseed[0m[39m=[0m[1;36m42[0m[39m,[0m                                                                                                 [36m│[0m
[36m│[0m [39m            [0m[33msplit[0m[39m=<Split.VALIDATION: [0m[32m'validation'[0m[39m>,[0m                                                                  [36m│[0m
[36m│[0m [39m            [0m[33msampling_params[0m[39m=[0m[1;35mSamplingParams[0m[1;39m([0m                                                                          [36m│[0m
[36m│[0m [39m                [0m[33mmax_tokens[0m[39m=[0m[1;36m512[0m[39m,[0m                                                                                      [36m│[0m
[36m│[0m [39m                [0m[33mtemperature[0m[39m=[0m[1;36m0[0m[1;36m.0[0m[39m,[0m                                                                                     [36m│[0m
[36m│[0m [39m                [0m[33mnum_samples[0m[39m=[0m[1;36m1[0m[39m,[0m                                                                                       [36m│[0m
[36m│[0m [39m                [0m[33mdo_sample[0m[39m=[0m[3;92mTrue[0m                                                                                       [36m│[0m
[36m│[0m [39m            [0m[1;39m)[0m[39m,[0m                                                                                                       [36m│[0m
[36m│[0m [39m            [0m[33moutput_score_aggregation[0m[39m=<OutputScoreAggregation.MAX: [0m[32m'max'[0m[39m>,[0m                                            [36m│[0m
[36m│[0m [39m            [0m[33msandbox_allocation_weight[0m[39m=[0m[1;36m1[0m[1;36m.0[0m                                                                            [36m│[0m
[36m│[0m [39m        [0m[1;39m)[0m[39m,[0m                                                                                                           [36m│[0m
[36m│[0m [39m        [0m[1;35mTaskConfig[0m[1;39m([0m                                                                                                  [36m│[0m
[36m│[0m [39m            [0m[33mname[0m[39m=[0m[32m'lab_bench_dbqa'[0m[39m,[0m                                                                                   [36m│[0m
[36m│[0m [39m            [0m[33mdata_source[0m[39m=[0m[1;35mDataSource[0m[1;39m([0m                                                                                  [36m│[0m
[36m│[0m [39m                [0m[33mpath[0m[39m=[0m[32m'futurehouse/lab-bench'[0m[39m,[0m                                                                        [36m│[0m
[36m│[0m [39m                [0m[33msubset[0m[39m=[0m[32m'DbQA'[0m[39m,[0m                                                                                       [36m│[0m
[36m│[0m [39m                [0m[33msplit[0m[39m=[0m[32m'test'[0m[39m,[0m                                                                                        [36m│[0m
[36m│[0m [39m                [0m[33msource_type[0m[39m=<SourceType.HF: [0m[32m'hf'[0m[39m>[0m                                                                    [36m│[0m
[36m│[0m [39m            [0m[1;39m)[0m[39m,[0m                                                                                                       [36m│[0m
[36m│[0m [39m            [0m[33mmetrics[0m[39m=[0m[1;39m([0m                                                                                                [36m│[0m
[36m│[0m [39m                [0m[1;35mLogprobPerCharMCAccuracyMetric[0m[1;39m([0m                                                                      [36m│[0m
[36m│[0m [39m                    [0m[33mname[0m[39m=[0m[32m'accuracy'[0m[39m,[0m                                                                                 [36m│[0m
[36m│[0m [39m                    [0m[33mscorer[0m[39m=<class [0m[32m'olmo_eval.common.scorers.base.LogprobScorer'[0m[39m>[0m                                     [36m│[0m
[36m│[0m [39m                [0m[1;39m)[0m[39m,[0m                                                                                                   [36m│[0m
[36m│[0m [39m            [0m[1;39m)[0m[39m,[0m                                                                                                       [36m│[0m
[36m│[0m [39m            [0m[33mnum_fewshot[0m[39m=[0m[1;36m3[0m[39m,[0m                                                                                           [36m│[0m
[36m│[0m [39m            [0m[33mfewshot_seed[0m[39m=[0m[1;36m1234[0m[39m,[0m                                                                                       [36m│[0m
[36m│[0m [39m            [0m[33mseed[0m[39m=[0m[1;36m42[0m[39m,[0m                                                                                                 [36m│[0m
[36m│[0m [39m            [0m[33msplit[0m[39m=<Split.TRAIN: [0m[32m'train'[0m[39m>,[0m                                                                            [36m│[0m
[36m│[0m [39m            [0m[33mprimary_metric[0m[39m=[0m[1;35mAccuracyMetric[0m[1;39m([0m                                                                           [36m│[0m
[36m│[0m [39m                [0m[33mname[0m[39m=[0m[32m'accuracy'[0m[39m,[0m                                                                                     [36m│[0m
[36m│[0m [39m                [0m[33mscorer[0m[39m=<class [0m[32m'olmo_eval.common.scorers.base.MultipleChoiceScorer'[0m[39m>[0m                                  [36m│[0m
[36m│[0m [39m            [0m[1;39m)[0m[39m,[0m                                                                                                       [36m│[0m
[36m│[0m [39m            [0m[33msampling_params[0m[39m=[0m[1;35mSamplingParams[0m[1;39m([0m                                                                          [36m│[0m
[36m│[0m [39m                [0m[33mmax_tokens[0m[39m=[0m[1;36m1024[0m[39m,[0m                                                                                     [36m│[0m
[36m│[0m [39m                [0m[33mtemperature[0m[39m=[0m[1;36m0[0m[1;36m.0[0m[39m,[0m                                                                                     [36m│[0m
[36m│[0m [39m                [0m[33mnum_samples[0m[39m=[0m[1;36m1[0m[39m,[0m                                                                                       [36m│[0m
[36m│[0m [39m                [0m[33mdo_sample[0m[39m=[0m[3;92mTrue[0m                                                                                       [36m│[0m
[36m│[0m [39m            [0m[1;39m)[0m[39m,[0m                                                                                                       [36m│[0m
[36m│[0m [39m            [0m[33moutput_score_aggregation[0m[39m=<OutputScoreAggregation.MAX: [0m[32m'max'[0m[39m>,[0m                                            [36m│[0m
[36m│[0m [39m            [0m[33msandbox_allocation_weight[0m[39m=[0m[1;36m1[0m[1;36m.0[0m                                                                            [36m│[0m
[36m│[0m [39m        [0m[1;39m)[0m[39m,[0m                                                                                                           [36m│[0m
[36m│[0m [39m        [0m[1;35mTaskConfig[0m[1;39m([0m                                                                                                  [36m│[0m
[36m│[0m [39m            [0m[33mname[0m[39m=[0m[32m'lab_bench_protocolqa'[0m[39m,[0m                                                                             [36m│[0m
[36m│[0m [39m            [0m[33mdata_source[0m[39m=[0m[1;35mDataSource[0m[1;39m([0m                                                                                  [36m│[0m
[36m│[0m [39m                [0m[33mpath[0m[39m=[0m[32m'futurehouse/lab-bench'[0m[39m,[0m                                                                        [36m│[0m
[36m│[0m [39m                [0m[33msubset[0m[39m=[0m[32m'ProtocolQA'[0m[39m,[0m                                                                                 [36m│[0m
[36m│[0m [39m                [0m[33msplit[0m[39m=[0m[32m'test'[0m[39m,[0m                                                                                        [36m│[0m
[36m│[0m [39m                [0m[33msource_type[0m[39m=<SourceType.HF: [0m[32m'hf'[0m[39m>[0m                                                                    [36m│[0m
[36m│[0m [39m            [0m[1;39m)[0m[39m,[0m                                                                                                       [36m│[0m
[36m│[0m [39m            [0m[33mmetrics[0m[39m=[0m[1;39m([0m                                                                                                [36m│[0m
[36m│[0m [39m                [0m[1;35mLogprobPerCharMCAccuracyMetric[0m[1;39m([0m                                                                      [36m│[0m
[36m│[0m [39m                    [0m[33mname[0m[39m=[0m[32m'accuracy'[0m[39m,[0m                                                                                 [36m│[0m
[36m│[0m [39m                    [0m[33mscorer[0m[39m=<class [0m[32m'olmo_eval.common.scorers.base.LogprobScorer'[0m[39m>[0m                                     [36m│[0m
[36m│[0m [39m                [0m[1;39m)[0m[39m,[0m                                                                                                   [36m│[0m
[36m│[0m [39m            [0m[1;39m)[0m[39m,[0m                                                                                                       [36m│[0m
[36m│[0m [39m            [0m[33mnum_fewshot[0m[39m=[0m[1;36m3[0m[39m,[0m                                                                                           [36m│[0m
[36m│[0m [39m            [0m[33mfewshot_seed[0m[39m=[0m[1;36m1234[0m[39m,[0m                                                                                       [36m│[0m
[36m│[0m [39m            [0m[33mseed[0m[39m=[0m[1;36m42[0m[39m,[0m                                                                                                 [36m│[0m
[36m│[0m [39m            [0m[33msplit[0m[39m=<Split.TRAIN: [0m[32m'train'[0m[39m>,[0m                                                                            [36m│[0m
[36m│[0m [39m            [0m[33mprimary_metric[0m[39m=[0m[1;35mAccuracyMetric[0m[1;39m([0m                                                                           [36m│[0m
[36m│[0m [39m                [0m[33mname[0m[39m=[0m[32m'accuracy'[0m[39m,[0m                                                                                     [36m│[0m
[36m│[0m [39m                [0m[33mscorer[0m[39m=<class [0m[32m'olmo_eval.common.scorers.base.MultipleChoiceScorer'[0m[39m>[0m                                  [36m│[0m
[36m│[0m [39m            [0m[1;39m)[0m[39m,[0m                                                                                                       [36m│[0m
[36m│[0m [39m            [0m[33msampling_params[0m[39m=[0m[1;35mSamplingParams[0m[1;39m([0m                                                                          [36m│[0m
[36m│[0m [39m                [0m[33mmax_tokens[0m[39m=[0m[1;36m1024[0m[39m,[0m                                                                                     [36m│[0m
[36m│[0m [39m                [0m[33mtemperature[0m[39m=[0m[1;36m0[0m[1;36m.0[0m[39m,[0m                                                                                     [36m│[0m
[36m│[0m [39m                [0m[33mnum_samples[0m[39m=[0m[1;36m1[0m[39m,[0m                                                                                       [36m│[0m
[36m│[0m [39m                [0m[33mdo_sample[0m[39m=[0m[3;92mTrue[0m                                                                                       [36m│[0m
[36m│[0m [39m            [0m[1;39m)[0m[39m,[0m                                                                                                       [36m│[0m
[36m│[0m [39m            [0m[33moutput_score_aggregation[0m[39m=<OutputScoreAggregation.MAX: [0m[32m'max'[0m[39m>,[0m                                            [36m│[0m
[36m│[0m [39m            [0m[33msandbox_allocation_weight[0m[39m=[0m[1;36m1[0m[1;36m.0[0m                                                                            [36m│[0m
[36m│[0m [39m        [0m[1;39m)[0m[39m,[0m                                                                                                           [36m│[0m
[36m│[0m [39m        [0m[1;35mTaskConfig[0m[1;39m([0m                                                                                                  [36m│[0m
[36m│[0m [39m            [0m[33mname[0m[39m=[0m[32m'lambada'[0m[39m,[0m                                                                                          [36m│[0m
[36m│[0m [39m            [0m[33mdata_source[0m[39m=[0m[1;35mDataSource[0m[1;39m([0m                                                                                  [36m│[0m
[36m│[0m [39m                [0m[33mpath[0m[39m=[0m[32m'EleutherAI/lambada_openai'[0m[39m,[0m                                                                    [36m│[0m
[36m│[0m [39m                [0m[33msplit[0m[39m=[0m[32m'test'[0m[39m,[0m                                                                                        [36m│[0m
[36m│[0m [39m                [0m[33msource_type[0m[39m=<SourceType.HF: [0m[32m'hf'[0m[39m>[0m                                                                    [36m│[0m
[36m│[0m [39m            [0m[1;39m)[0m[39m,[0m                                                                                                       [36m│[0m
[36m│[0m [39m            [0m[33mmetrics[0m[39m=[0m[1;39m([0m                                                                                                [36m│[0m
[36m│[0m [39m                [0m[1;35mGreedyAccuracyMetric[0m[1;39m([0m                                                                                [36m│[0m
[36m│[0m [39m                    [0m[33mname[0m[39m=[0m[32m'greedy_accuracy'[0m[39m,[0m                                                                          [36m│[0m
[36m│[0m [39m                    [0m[33mscorer[0m[39m=<class [0m[32m'olmo_eval.common.scorers.base.LogprobScorer'[0m[39m>[0m                                     [36m│[0m
[36m│[0m [39m                [0m[1;39m)[0m[39m,[0m                                                                                                   [36m│[0m
[36m│[0m [39m                [0m[1;35mBPBMetricInstanceAvg[0m[1;39m([0m                                                                                [36m│[0m
[36m│[0m [39m                    [0m[33mname[0m[39m=[0m[32m'bits_per_byte'[0m[39m,[0m                                                                            [36m│[0m
[36m│[0m [39m                    [0m[33mscorer[0m[39m=<class [0m[32m'olmo_eval.common.scorers.base.BitsPerByteScorer'[0m[39m>[0m                                 [36m│[0m
[36m│[0m [39m                [0m[1;39m)[0m                                                                                                    [36m│[0m
[36m│[0m [39m            [0m[1;39m)[0m[39m,[0m                                                                                                       [36m│[0m
[36m│[0m [39m            [0m[33mnum_fewshot[0m[39m=[0m[1;36m0[0m[39m,[0m                                                                                           [36m│[0m
[36m│[0m [39m            [0m[33mfewshot_seed[0m[39m=[0m[1;36m42[0m[39m,[0m                                                                                         [36m│[0m
[36m│[0m [39m            [0m[33mseed[0m[39m=[0m[1;36m42[0m[39m,[0m                                                                                                 [36m│[0m
[36m│[0m [39m            [0m[33msplit[0m[39m=<Split.TEST: [0m[32m'test'[0m[39m>,[0m                                                                              [36m│[0m
[36m│[0m [39m            [0m[33mprimary_metric[0m[39m=[0m[1;35mGreedyAccuracyMetric[0m[1;39m([0m                                                                     [36m│[0m
[36m│[0m [39m                [0m[33mname[0m[39m=[0m[32m'greedy_accuracy'[0m[39m,[0m                                                                              [36m│[0m
[36m│[0m [39m                [0m[33mscorer[0m[39m=<class [0m[32m'olmo_eval.common.scorers.base.LogprobScorer'[0m[39m>[0m                                         [36m│[0m
[36m│[0m [39m            [0m[1;39m)[0m[39m,[0m                                                                                                       [36m│[0m
[36m│[0m [39m            [0m[33msampling_params[0m[39m=[0m[1;35mSamplingParams[0m[1;39m([0m                                                                          [36m│[0m
[36m│[0m [39m                [0m[33mmax_tokens[0m[39m=[0m[1;36m512[0m[39m,[0m                                                                                      [36m│[0m
[36m│[0m [39m                [0m[33mtemperature[0m[39m=[0m[1;36m0[0m[1;36m.0[0m[39m,[0m                                                                                     [36m│[0m
[36m│[0m [39m                [0m[33mnum_samples[0m[39m=[0m[1;36m1[0m[39m,[0m                                                                                       [36m│[0m
[36m│[0m [39m                [0m[33mdo_sample[0m[39m=[0m[3;92mTrue[0m                                                                                       [36m│[0m
[36m│[0m [39m            [0m[1;39m)[0m[39m,[0m                                                                                                       [36m│[0m
[36m│[0m [39m            [0m[33moutput_score_aggregation[0m[39m=<OutputScoreAggregation.MAX: [0m[32m'max'[0m[39m>,[0m                                            [36m│[0m
[36m│[0m [39m            [0m[33msandbox_allocation_weight[0m[39m=[0m[1;36m1[0m[1;36m.0[0m                                                                            [36m│[0m
[36m│[0m [39m        [0m[1;39m)[0m[39m,[0m                                                                                                           [36m│[0m
[36m│[0m [39m        [0m[1;35mTaskConfig[0m[1;39m([0m                                                                                                  [36m│[0m
[36m│[0m [39m            [0m[33mname[0m[39m=[0m[32m'medmcqa'[0m[39m,[0m                                                                                          [36m│[0m
[36m│[0m [39m            [0m[33mdata_source[0m[39m=[0m[1;35mDataSource[0m[1;39m([0m                                                                                  [36m│[0m
[36m│[0m [39m                [0m[33mpath[0m[39m=[0m[32m'openlifescienceai/medmcqa'[0m[39m,[0m                                                                    [36m│[0m
[36m│[0m [39m                [0m[33msplit[0m[39m=[0m[32m'validation'[0m[39m,[0m                                                                                  [36m│[0m
[36m│[0m [39m                [0m[33msource_type[0m[39m=<SourceType.HF: [0m[32m'hf'[0m[39m>[0m                                                                    [36m│[0m
[36m│[0m [39m            [0m[1;39m)[0m[39m,[0m                                                                                                       [36m│[0m
[36m│[0m [39m            [0m[33mmetrics[0m[39m=[0m[1;39m([0m                                                                                                [36m│[0m
[36m│[0m [39m                [0m[1;35mLogprobPerCharMCAccuracyMetric[0m[1;39m([0m                                                                      [36m│[0m
[36m│[0m [39m                    [0m[33mname[0m[39m=[0m[32m'accuracy'[0m[39m,[0m                                                                                 [36m│[0m
[36m│[0m [39m                    [0m[33mscorer[0m[39m=<class [0m[32m'olmo_eval.common.scorers.base.LogprobScorer'[0m[39m>[0m                                     [36m│[0m
[36m│[0m [39m                [0m[1;39m)[0m[39m,[0m                                                                                                   [36m│[0m
[36m│[0m [39m            [0m[1;39m)[0m[39m,[0m                                                                                                       [36m│[0m
[36m│[0m [39m            [0m[33mnum_fewshot[0m[39m=[0m[1;36m5[0m[39m,[0m                                                                                           [36m│[0m
[36m│[0m [39m            [0m[33mfewshot_seed[0m[39m=[0m[1;36m1234[0m[39m,[0m                                                                                       [36m│[0m
[36m│[0m [39m            [0m[33mseed[0m[39m=[0m[1;36m1234[0m[39m,[0m                                                                                               [36m│[0m
[36m│[0m [39m            [0m[33msplit[0m[39m=<Split.VALIDATION: [0m[32m'validation'[0m[39m>,[0m                                                                  [36m│[0m
[36m│[0m [39m            [0m[33msampling_params[0m[39m=[0m[1;35mSamplingParams[0m[1;39m([0m                                                                          [36m│[0m
[36m│[0m [39m                [0m[33mmax_tokens[0m[39m=[0m[1;36m512[0m[39m,[0m                                                                                      [36m│[0m
[36m│[0m [39m                [0m[33mtemperature[0m[39m=[0m[1;36m0[0m[1;36m.0[0m[39m,[0m                                                                                     [36m│[0m
[36m│[0m [39m                [0m[33mnum_samples[0m[39m=[0m[1;36m1[0m[39m,[0m                                                                                       [36m│[0m
[36m│[0m [39m                [0m[33mdo_sample[0m[39m=[0m[3;92mTrue[0m                                                                                       [36m│[0m
[36m│[0m [39m            [0m[1;39m)[0m[39m,[0m                                                                                                       [36m│[0m
[36m│[0m [39m            [0m[33moutput_score_aggregation[0m[39m=<OutputScoreAggregation.MAX: [0m[32m'max'[0m[39m>,[0m                                            [36m│[0m
[36m│[0m [39m            [0m[33msandbox_allocation_weight[0m[39m=[0m[1;36m1[0m[1;36m.0[0m                                                                            [36m│[0m
[36m│[0m [39m        [0m[1;39m)[0m[39m,[0m                                                                                                           [36m│[0m
[36m│[0m [39m        [0m[1;35mTaskConfig[0m[1;39m([0m                                                                                                  [36m│[0m
[36m│[0m [39m            [0m[33mname[0m[39m=[0m[32m'medqa_en'[0m[39m,[0m                                                                                         [36m│[0m
[36m│[0m [39m            [0m[33mdata_source[0m[39m=[0m[1;35mDataSource[0m[1;39m([0m                                                                                  [36m│[0m
[36m│[0m [39m                [0m[33mpath[0m[39m=[0m[32m'davidheineman/medqa-en'[0m[39m,[0m                                                                       [36m│[0m
[36m│[0m [39m                [0m[33msplit[0m[39m=[0m[32m'test'[0m[39m,[0m                                                                                        [36m│[0m
[36m│[0m [39m                [0m[33msource_type[0m[39m=<SourceType.HF: [0m[32m'hf'[0m[39m>[0m                                                                    [36m│[0m
[36m│[0m [39m            [0m[1;39m)[0m[39m,[0m                                                                                                       [36m│[0m
[36m│[0m [39m            [0m[33mmetrics[0m[39m=[0m[1;39m([0m                                                                                                [36m│[0m
[36m│[0m [39m                [0m[1;35mLogprobPerCharMCAccuracyMetric[0m[1;39m([0m                                                                      [36m│[0m
[36m│[0m [39m                    [0m[33mname[0m[39m=[0m[32m'accuracy'[0m[39m,[0m                                                                                 [36m│[0m
[36m│[0m [39m                    [0m[33mscorer[0m[39m=<class [0m[32m'olmo_eval.common.scorers.base.LogprobScorer'[0m[39m>[0m                                     [36m│[0m
[36m│[0m [39m                [0m[1;39m)[0m[39m,[0m                                                                                                   [36m│[0m
[36m│[0m [39m            [0m[1;39m)[0m[39m,[0m                                                                                                       [36m│[0m
[36m│[0m [39m            [0m[33mnum_fewshot[0m[39m=[0m[1;36m5[0m[39m,[0m                                                                                           [36m│[0m
[36m│[0m [39m            [0m[33mfewshot_seed[0m[39m=[0m[1;36m1234[0m[39m,[0m                                                                                       [36m│[0m
[36m│[0m [39m            [0m[33mseed[0m[39m=[0m[1;36m42[0m[39m,[0m                                                                                                 [36m│[0m
[36m│[0m [39m            [0m[33msplit[0m[39m=<Split.TEST: [0m[32m'test'[0m[39m>,[0m                                                                              [36m│[0m
[36m│[0m [39m            [0m[33msampling_params[0m[39m=[0m[1;35mSamplingParams[0m[1;39m([0m                                                                          [36m│[0m
[36m│[0m [39m                [0m[33mmax_tokens[0m[39m=[0m[1;36m512[0m[39m,[0m                                                                                      [36m│[0m
[36m│[0m [39m                [0m[33mtemperature[0m[39m=[0m[1;36m0[0m[1;36m.0[0m[39m,[0m                                                                                     [36m│[0m
[36m│[0m [39m                [0m[33mnum_samples[0m[39m=[0m[1;36m1[0m[39m,[0m                                                                                       [36m│[0m
[36m│[0m [39m                [0m[33mdo_sample[0m[39m=[0m[3;92mTrue[0m                                                                                       [36m│[0m
[36m│[0m [39m            [0m[1;39m)[0m[39m,[0m                                                                                                       [36m│[0m
[36m│[0m [39m            [0m[33moutput_score_aggregation[0m[39m=<OutputScoreAggregation.MAX: [0m[32m'max'[0m[39m>,[0m                                            [36m│[0m
[36m│[0m [39m            [0m[33msandbox_allocation_weight[0m[39m=[0m[1;36m1[0m[1;36m.0[0m                                                                            [36m│[0m
[36m│[0m [39m        [0m[1;39m)[0m[39m,[0m                                                                                                           [36m│[0m
[36m│[0m [39m        [0m[1;35mTaskConfig[0m[1;39m([0m                                                                                                  [36m│[0m
[36m│[0m [39m            [0m[33mname[0m[39m=[0m[32m'sciriff_yesno'[0m[39m,[0m                                                                                    [36m│[0m
[36m│[0m [39m            [0m[33mdata_source[0m[39m=[0m[1;35mDataSource[0m[1;39m([0m                                                                                  [36m│[0m
[36m│[0m [39m                [0m[33mpath[0m[39m=[0m[32m'allenai/sciriff-yesno'[0m[39m,[0m                                                                        [36m│[0m
[36m│[0m [39m                [0m[33msplit[0m[39m=[0m[32m'train'[0m[39m,[0m                                                                                       [36m│[0m
[36m│[0m [39m                [0m[33msource_type[0m[39m=<SourceType.HF: [0m[32m'hf'[0m[39m>[0m                                                                    [36m│[0m
[36m│[0m [39m            [0m[1;39m)[0m[39m,[0m                                                                                                       [36m│[0m
[36m│[0m [39m            [0m[33mmetrics[0m[39m=[0m[1;39m([0m                                                                                                [36m│[0m
[36m│[0m [39m                [0m[1;35mLogprobMCAccuracyMetric[0m[1;39m([0m                                                                             [36m│[0m
[36m│[0m [39m                    [0m[33mname[0m[39m=[0m[32m'accuracy'[0m[39m,[0m                                                                                 [36m│[0m
[36m│[0m [39m                    [0m[33mscorer[0m[39m=<class [0m[32m'olmo_eval.common.scorers.base.LogprobScorer'[0m[39m>[0m                                     [36m│[0m
[36m│[0m [39m                [0m[1;39m)[0m[39m,[0m                                                                                                   [36m│[0m
[36m│[0m [39m            [0m[1;39m)[0m[39m,[0m                                                                                                       [36m│[0m
[36m│[0m [39m            [0m[33mnum_fewshot[0m[39m=[0m[1;36m5[0m[39m,[0m                                                                                           [36m│[0m
[36m│[0m [39m            [0m[33mfewshot_seed[0m[39m=[0m[1;36m1234[0m[39m,[0m                                                                                       [36m│[0m
[36m│[0m [39m            [0m[33mseed[0m[39m=[0m[1;36m42[0m[39m,[0m                                                                                                 [36m│[0m
[36m│[0m [39m            [0m[33msplit[0m[39m=<Split.TRAIN: [0m[32m'train'[0m[39m>,[0m                                                                            [36m│[0m
[36m│[0m [39m            [0m[33msampling_params[0m[39m=[0m[1;35mSamplingParams[0m[1;39m([0m                                                                          [36m│[0m
[36m│[0m [39m                [0m[33mmax_tokens[0m[39m=[0m[1;36m512[0m[39m,[0m                                                                                      [36m│[0m
[36m│[0m [39m                [0m[33mtemperature[0m[39m=[0m[1;36m0[0m[1;36m.0[0m[39m,[0m                                                                                     [36m│[0m
[36m│[0m [39m                [0m[33mnum_samples[0m[39m=[0m[1;36m1[0m[39m,[0m                                                                                       [36m│[0m
[36m│[0m [39m                [0m[33mdo_sample[0m[39m=[0m[3;92mTrue[0m                                                                                       [36m│[0m
[36m│[0m [39m            [0m[1;39m)[0m[39m,[0m                                                                                                       [36m│[0m
[36m│[0m [39m            [0m[33moutput_score_aggregation[0m[39m=<OutputScoreAggregation.MAX: [0m[32m'max'[0m[1m>[0m,                                            [36m│[0m
[36m│[0m             [33msandbox_allocation_weight[0m=[1;36m1[0m[1;36m.0[0m                                                                            [36m│[0m
[36m│[0m         [1m)[0m                                                                                                            [36m│[0m
[36m│[0m     [1m][0m,                                                                                                               [36m│[0m
[36m│[0m     [33moutput_dir[0m=[32m'/root/web-curation-lab/outputs/preflight/qwen3_150m_wide/general-smoke/general_raw'[0m,                 [36m│[0m
[36m│[0m     [33mstore[0m=[3;91mFalse[0m,                                                                                                     [36m│[0m
[36m│[0m     [33ms3_bucket[0m=[3;35mNone[0m,                                                                                                  [36m│[0m
[36m│[0m     [33ms3_prefix[0m=[3;35mNone[0m,                                                                                                  [36m│[0m
[36m│[0m     [33ms3_group[0m=[3;35mNone[0m,                                                                                                   [36m│[0m
[36m│[0m     [33ms3_endpoint_url[0m=[3;35mNone[0m,                                                                                            [36m│[0m
[36m│[0m     [33ms3_region[0m=[32m'us-east-1'[0m,                                                                                           [36m│[0m
[36m│[0m     [33mdb_host[0m=[32m'localhost'[0m,                                                                                             [36m│[0m
[36m│[0m     [33mdb_port[0m=[1;36m5432[0m,                                                                                                    [36m│[0m
[36m│[0m     [33mdb_name[0m=[32m'olmo_eval'[0m,                                                                                             [36m│[0m
[36m│[0m     [33mdb_user[0m=[32m'postgres'[0m,                                                                                              [36m│[0m
[36m│[0m     [33mexperiment_name[0m=[3;35mNone[0m,                                                                                            [36m│[0m
[36m│[0m     [33mexperiment_group[0m=[3;35mNone[0m,                                                                                           [36m│[0m
[36m│[0m     [33msave_predictions[0m=[3;92mTrue[0m,                                                                                           [36m│[0m
[36m│[0m     [33msave_requests[0m=[3;92mTrue[0m,                                                                                              [36m│[0m
[36m│[0m     [33minspect_instance[0m=[3;91mFalse[0m,                                                                                          [36m│[0m
[36m│[0m     [33minspect_formatted[0m=[3;91mFalse[0m,                                                                                         [36m│[0m
[36m│[0m     [33minspect_tokens[0m=[3;91mFalse[0m,                                                                                            [36m│[0m
[36m│[0m     [33minspect_response[0m=[3;91mFalse[0m,                                                                                          [36m│[0m
[36m│[0m     [33minspect_request[0m=[3;91mFalse[0m                                                                                            [36m│[0m
[36m│[0m [1m)[0m                                                                                                                    [36m│[0m
[36m╰──────────────────────────────────────────────────────────────────────────────────────────────────────────────────────╯[0m
[3m                                    Tasks                                     [0m
┏━━━━━━━━━━━━━━━━━━━━━━━━━━━━━━━━━━━━━━━━━━━━━━━━━━━━━━━┳━━━━━━━━━━━┳━━━━━━━━┓
┃[1m [0m[1mTask                                                 [0m[1m [0m┃[1m [0m[1mInstances[0m[1m [0m┃[1m [0m[1mStatus[0m[1m [0m┃
┡━━━━━━━━━━━━━━━━━━━━━━━━━━━━━━━━━━━━━━━━━━━━━━━━━━━━━━━╇━━━━━━━━━━━╇━━━━━━━━┩
│[36m [0m[36marc_challenge:rc:olmo3base                           [0m[36m [0m│         5 │ [32mReady[0m  │
│[36m [0m[36marc_easy:rc:olmo3base                                [0m[36m [0m│         5 │ [32mReady[0m  │
│[36m [0m[36mmmlu_abstract_algebra:rc:olmo3base                   [0m[36m [0m│         5 │ [32mReady[0m  │
│[36m [0m[36mmmlu_astronomy:rc:olmo3base                          [0m[36m [0m│         5 │ [32mReady[0m  │
│[36m [0m[36mmmlu_college_biology:rc:olmo3base                    [0m[36m [0m│         5 │ [32mReady[0m  │
│[36m [0m[36mmmlu_college_chemistry:rc:olmo3base                  [0m[36m [0m│         5 │ [32mReady[0m  │
│[36m [0m[36mmmlu_college_computer_science:rc:olmo3base           [0m[36m [0m│         5 │ [32mReady[0m  │
│[36m [0m[36mmmlu_college_mathematics:rc:olmo3base                [0m[36m [0m│         5 │ [32mReady[0m  │
│[36m [0m[36mmmlu_college_physics:rc:olmo3base                    [0m[36m [0m│         5 │ [32mReady[0m  │
│[36m [0m[36mmmlu_computer_security:rc:olmo3base                  [0m[36m [0m│         5 │ [32mReady[0m  │
│[36m [0m[36mmmlu_conceptual_physics:rc:olmo3base                 [0m[36m [0m│         5 │ [32mReady[0m  │
│[36m [0m[36mmmlu_electrical_engineering:rc:olmo3base             [0m[36m [0m│         5 │ [32mReady[0m  │
│[36m [0m[36mmmlu_elementary_mathematics:rc:olmo3base             [0m[36m [0m│         5 │ [32mReady[0m  │
│[36m [0m[36mmmlu_high_school_biology:rc:olmo3base                [0m[36m [0m│         5 │ [32mReady[0m  │
│[36m [0m[36mmmlu_high_school_chemistry:rc:olmo3base              [0m[36m [0m│         5 │ [32mReady[0m  │
│[36m [0m[36mmmlu_high_school_computer_science:rc:olmo3base       [0m[36m [0m│         5 │ [32mReady[0m  │
│[36m [0m[36mmmlu_high_school_mathematics:rc:olmo3base            [0m[36m [0m│         5 │ [32mReady[0m  │
│[36m [0m[36mmmlu_high_school_physics:rc:olmo3base                [0m[36m [0m│         5 │ [32mReady[0m  │
│[36m [0m[36mmmlu_high_school_statistics:rc:olmo3base             [0m[36m [0m│         5 │ [32mReady[0m  │
│[36m [0m[36mmmlu_machine_learning:rc:olmo3base                   [0m[36m [0m│         5 │ [32mReady[0m  │
│[36m [0m[36mmmlu_formal_logic:rc:olmo3base                       [0m[36m [0m│         5 │ [32mReady[0m  │
│[36m [0m[36mmmlu_high_school_european_history:rc:olmo3base       [0m[36m [0m│         5 │ [32mReady[0m  │
│[36m [0m[36mmmlu_high_school_us_history:rc:olmo3base             [0m[36m [0m│         5 │ [32mReady[0m  │
│[36m [0m[36mmmlu_high_school_world_history:rc:olmo3base          [0m[36m [0m│         5 │ [32mReady[0m  │
│[36m [0m[36mmmlu_international_law:rc:olmo3base                  [0m[36m [0m│         5 │ [32mReady[0m  │
│[36m [0m[36mmmlu_jurisprudence:rc:olmo3base                      [0m[36m [0m│         5 │ [32mReady[0m  │
│[36m [0m[36mmmlu_logical_fallacies:rc:olmo3base                  [0m[36m [0m│         5 │ [32mReady[0m  │
│[36m [0m[36mmmlu_moral_disputes:rc:olmo3base                     [0m[36m [0m│         5 │ [32mReady[0m  │
│[36m [0m[36mmmlu_moral_scenarios:rc:olmo3base                    [0m[36m [0m│         5 │ [32mReady[0m  │
│[36m [0m[36mmmlu_philosophy:rc:olmo3base                         [0m[36m [0m│         5 │ [32mReady[0m  │
│[36m [0m[36mmmlu_prehistory:rc:olmo3base                         [0m[36m [0m│         5 │ [32mReady[0m  │
│[36m [0m[36mmmlu_professional_law:rc:olmo3base                   [0m[36m [0m│         5 │ [32mReady[0m  │
│[36m [0m[36mmmlu_world_religions:rc:olmo3base                    [0m[36m [0m│         5 │ [32mReady[0m  │
│[36m [0m[36mmmlu_econometrics:rc:olmo3base                       [0m[36m [0m│         5 │ [32mReady[0m  │
│[36m [0m[36mmmlu_high_school_geography:rc:olmo3base              [0m[36m [0m│         5 │ [32mReady[0m  │
│[36m [0m[36mmmlu_high_school_government_and_politics:rc:olmo3base[0m[36m [0m│         5 │ [32mReady[0m  │
│[36m [0m[36mmmlu_high_school_macroeconomics:rc:olmo3base         [0m[36m [0m│         5 │ [32mReady[0m  │
│[36m [0m[36mmmlu_high_school_microeconomics:rc:olmo3base         [0m[36m [0m│         5 │ [32mReady[0m  │
│[36m [0m[36mmmlu_high_school_psychology:rc:olmo3base             [0m[36m [0m│         5 │ [32mReady[0m  │
│[36m [0m[36mmmlu_human_sexuality:rc:olmo3base                    [0m[36m [0m│         5 │ [32mReady[0m  │
│[36m [0m[36mmmlu_professional_psychology:rc:olmo3base            [0m[36m [0m│         5 │ [32mReady[0m  │
│[36m [0m[36mmmlu_public_relations:rc:olmo3base                   [0m[36m [0m│         5 │ [32mReady[0m  │
│[36m [0m[36mmmlu_security_studies:rc:olmo3base                   [0m[36m [0m│         5 │ [32mReady[0m  │
│[36m [0m[36mmmlu_sociology:rc:olmo3base                          [0m[36m [0m│         5 │ [32mReady[0m  │
│[36m [0m[36mmmlu_us_foreign_policy:rc:olmo3base                  [0m[36m [0m│         5 │ [32mReady[0m  │
│[36m [0m[36mmmlu_anatomy:rc:olmo3base                            [0m[36m [0m│         5 │ [32mReady[0m  │
│[36m [0m[36mmmlu_business_ethics:rc:olmo3base                    [0m[36m [0m│         5 │ [32mReady[0m  │
│[36m [0m[36mmmlu_clinical_knowledge:rc:olmo3base                 [0m[36m [0m│         5 │ [32mReady[0m  │
│[36m [0m[36mmmlu_college_medicine:rc:olmo3base                   [0m[36m [0m│         5 │ [32mReady[0m  │
│[36m [0m[36mmmlu_global_facts:rc:olmo3base                       [0m[36m [0m│         5 │ [32mReady[0m  │
│[36m [0m[36mmmlu_human_aging:rc:olmo3base                        [0m[36m [0m│         5 │ [32mReady[0m  │
│[36m [0m[36mmmlu_management:rc:olmo3base                         [0m[36m [0m│         5 │ [32mReady[0m  │
│[36m [0m[36mmmlu_marketing:rc:olmo3base                          [0m[36m [0m│         5 │ [32mReady[0m  │
│[36m [0m[36mmmlu_medical_genetics:rc:olmo3base                   [0m[36m [0m│         5 │ [32mReady[0m  │
│[36m [0m[36mmmlu_miscellaneous:rc:olmo3base                      [0m[36m [0m│         5 │ [32mReady[0m  │
│[36m [0m[36mmmlu_nutrition:rc:olmo3base                          [0m[36m [0m│         5 │ [32mReady[0m  │
│[36m [0m[36mmmlu_professional_accounting:rc:olmo3base            [0m[36m [0m│         5 │ [32mReady[0m  │
│[36m [0m[36mmmlu_professional_medicine:rc:olmo3base              [0m[36m [0m│         5 │ [32mReady[0m  │
│[36m [0m[36mmmlu_virology:rc:olmo3base                           [0m[36m [0m│         5 │ [32mReady[0m  │
│[36m [0m[36mcsqa:rc:olmo3base                                    [0m[36m [0m│         5 │ [32mReady[0m  │
│[36m [0m[36mhellaswag:rc:olmo3base                               [0m[36m [0m│         5 │ [32mReady[0m  │
│[36m [0m[36mwinogrande:rc:olmo3base                              [0m[36m [0m│         5 │ [32mReady[0m  │
│[36m [0m[36msocialiqa:rc:olmo3base                               [0m[36m [0m│         5 │ [32mReady[0m  │
│[36m [0m[36mpiqa:rc:olmo3base                                    [0m[36m [0m│         5 │ [32mReady[0m  │
│[36m [0m[36mcoqa:rc:olmo3base                                    [0m[36m [0m│         5 │ [32mReady[0m  │
│[36m [0m[36mdrop:rc:olmo3base                                    [0m[36m [0m│         5 │ [32mReady[0m  │
│[36m [0m[36mjeopardy:rc:olmo3base                                [0m[36m [0m│         5 │ [32mReady[0m  │
│[36m [0m[36mnaturalqs:rc:olmo3base                               [0m[36m [0m│         5 │ [32mReady[0m  │
│[36m [0m[36msquad:rc:olmo3base                                   [0m[36m [0m│         5 │ [32mReady[0m  │
│[36m [0m[36msciq:rc:olmo3base                                    [0m[36m [0m│         5 │ [32mReady[0m  │
│[36m [0m[36mqasper_yesno:rc:olmo3base                            [0m[36m [0m│         5 │ [32mReady[0m  │
│[36m [0m[36mbasic_skills_arithmetic:rc:olmo3base                 [0m[36m [0m│         5 │ [32mReady[0m  │
│[36m [0m[36mbasic_skills_coding:rc:olmo3base                     [0m[36m [0m│         5 │ [32mReady[0m  │
│[36m [0m[36mbasic_skills_common_knowledge:rc:olmo3base           [0m[36m [0m│         5 │ [32mReady[0m  │
│[36m [0m[36mbasic_skills_logical_reasoning:rc:olmo3base          [0m[36m [0m│         5 │ [32mReady[0m  │
│[36m [0m[36mbasic_skills_string_operations:rc:olmo3base          [0m[36m [0m│         5 │ [32mReady[0m  │
│[36m [0m[36mbasic_skills_pattern:rc:olmo3base                    [0m[36m [0m│         5 │ [32mReady[0m  │
│[36m [0m[36mlab_bench_dbqa:olmo3base                             [0m[36m [0m│         5 │ [32mReady[0m  │
│[36m [0m[36mlab_bench_protocolqa:olmo3base                       [0m[36m [0m│         5 │ [32mReady[0m  │
│[36m [0m[36mlambada                                              [0m[36m [0m│         5 │ [32mReady[0m  │
│[36m [0m[36mmedmcqa:rc:olmo3base                                 [0m[36m [0m│         5 │ [32mReady[0m  │
│[36m [0m[36mmedqa_en:rc:olmo3base                                [0m[36m [0m│         5 │ [32mReady[0m  │
│[36m [0m[36msciriff_yesno:rc:olmo3base                           [0m[36m [0m│         5 │ [32mReady[0m  │
└───────────────────────────────────────────────────────┴───────────┴────────┘
2026-08-13 21:23:02 [INFO] [38;5;183m[runner][0m Total instances: 415
2026-08-13 21:23:02 [INFO] [94m[provider-mgr][0m Started 1 provider instance(s) (1 GPU(s) each)
2026-08-13 21:23:02 [INFO] [38;5;183m[runner][0m Response scoring concurrency: 66
2026-08-13 21:23:02 [INFO] [38;5;183m[runner][0m Context scoring concurrency: 66
2026-08-13 21:23:03 [INFO] [38;5;213m[hf-fp32-w0][0m Initializing provider: vllm_server
2026-08-13 21:23:03 [INFO] [38;5;213m[hf-fp32-w0][0m   Model: hf-fp32
2026-08-13 21:23:03 [INFO] [38;5;213m[hf-fp32-w0][0m   GPUs: [0]
╭─ Model Config: /root/web-curation-lab/outputs/preflight/qwen3_150m_wide/hf-f─╮
│ {                                                                            │
│     'transformers_version': '5.7.0',                                         │
│     'architectures': ['Qwen3ForCausalLM'],                                   │
│     'output_hidden_states': False,                                           │
│     'return_dict': True,                                                     │
│     'dtype': 'bfloat16',                                                     │
│     'chunk_size_feed_forward': 0,                                            │
│     'is_encoder_decoder': False,                                             │
│     'id2label': {0: 'LABEL_0', 1: 'LABEL_1'},                                │
│     'label2id': {'LABEL_0': 0, 'LABEL_1': 1},                                │
│     'problem_type': None,                                                    │
│     'vocab_size': 32000,                                                     │
│     'hidden_size': 1024,                                                     │
│     'intermediate_size': 3072,                                               │
│     'num_hidden_layers': 10,                                                 │
│     'num_attention_heads': 8,                                                │
│     'num_key_value_heads': 2,                                                │
│     'head_dim': 128,                                                         │
│     'hidden_act': 'silu',                                                    │
│     'max_position_embeddings': 4096,                                         │
│     'initializer_range': 0.02,                                               │
│     'rms_norm_eps': 1e-06,                                                   │
│     'use_cache': True,                                                       │
│     'tie_word_embeddings': True,                                             │
│     'rope_parameters': {'rope_theta': 1000000.0, 'rope_type': 'default'},    │
│     'attention_bias': False,                                                 │
│     'use_sliding_window': False,                                             │
│     'sliding_window': None,                                                  │
│     'max_window_layers': 28,                                                 │
│     'layer_types': [                                                         │
│         'full_attention',                                                    │
│         'full_attention',                                                    │
│         'full_attention',                                                    │
│         'full_attention',                                                    │
│         'full_attention',                                                    │
│         'full_attention',                                                    │
│         'full_attention',                                                    │
│         'full_attention',                                                    │
│         'full_attention',                                                    │
│         'full_attention'                                                     │
│     ],                                                                       │
│     'attention_dropout': 0.0,                                                │
│     'pad_token_id': None,                                                    │
│     'bos_token_id': 1,                                                       │
│     'eos_token_id': 2,                                                       │
│     '_name_or_path':                                                         │
│ '/root/web-curation-lab/outputs/preflight/qwen3_150m_wide/hf-fp32',          │
│     'model_type': 'qwen3',                                                   │
│     'output_attentions': False                                               │
│ }                                                                            │
╰───────────────────── Architecture: ['Qwen3ForCausalLM'] ─────────────────────╯
2026-08-13 21:23:05 [INFO] [38;5;213m[hf-fp32-w0][0m Starting vLLM server: /root/web-curation-lab/third_party/olmo-eval/.venv/bin/python -m vllm.entrypoints.openai.api_server --model /root/web-curation-lab/outputs/preflight/qwen3_150m_wide/hf-fp32 --host 0.0.0.0 --port 53651 --tensor-parallel-size 1 --gpu-memory-utilization 0.9 --dtype bfloat16 --max-model-len 2048 --enable-prefix-caching --no-use-tqdm-on-load
2026-08-13 21:23:05 [INFO] Starting vLLM server for /root/web-curation-lab/outputs/preflight/qwen3_150m_wide/hf-fp32...
2026-08-13 21:23:06 [INFO] Waiting for vLLM server (0/300s)...
2026-08-13 21:23:16 [INFO] Waiting for vLLM server (10/300s)...
2026-08-13 21:23:26 [INFO] Waiting for vLLM server (20/300s)...
2026-08-13 21:23:36 [INFO] Waiting for vLLM server (30/300s)...
2026-08-13 21:23:46 [INFO] Waiting for vLLM server (40/300s)...
2026-08-13 21:23:52 [INFO] vLLM server ready at http://127.0.0.1:53651/v1
2026-08-13 21:23:52 [INFO] [38;5;213m[hf-fp32-w0][0m Provider ready (48.7s)
2026-08-13 21:23:52 [INFO] [38;5;213m[hf-fp32-w0][0m Inference worker ready (strategy=batched, chunk_size=64)
2026-08-13 21:23:53 [INFO] [38;5;183m[runner][0m All 1 inference worker(s) ready; starting queued work
2026-08-13 21:23:53 [INFO] [38;5;213m[hf-fp32-w0][0m Starting batch 1/7 (dd42b6e8561c) with 64 item(s)
2026-08-13 21:23:57 [INFO] [38;5;213m[hf-fp32-w0][0m Processed batch 1/7 (dd42b6e8561c) in 4.8s (13.4 items/sec)
2026-08-13 21:23:57 [INFO] [38;5;213m[hf-fp32-w0][0m Starting batch 2/7 (0d0ee8bfd939) with 64 item(s)
2026-08-13 21:24:01 [INFO] [38;5;213m[hf-fp32-w0][0m Processed batch 2/7 (0d0ee8bfd939) in 3.8s (16.8 items/sec)
2026-08-13 21:24:01 [INFO] [38;5;213m[hf-fp32-w0][0m Starting batch 3/7 (8857fd392151) with 64 item(s)
2026-08-13 21:24:04 [INFO] [36mScored   [0m    132/415 ( 32%) at 11.6 items/sec
2026-08-13 21:24:05 [INFO] [38;5;213m[hf-fp32-w0][0m Processed batch 3/7 (8857fd392151) in 3.9s (16.3 items/sec)
2026-08-13 21:24:05 [INFO] [38;5;213m[hf-fp32-w0][0m Starting batch 4/7 (b3b6062a6d9d) with 64 item(s)
2026-08-13 21:24:07 [INFO] ✓ /root/web-curation-lab/outputs/preflight/qwen3_150m_wide/hf-fp32:mmlu_professional_law:rc:olmo3base (5 instances, 14.8s)
2026-08-13 21:24:07 [INFO] Saved 5 predictions: mmlu_professional_law:rc:olmo3base
2026-08-13 21:24:07 [INFO] Saved 5 requests: mmlu_professional_law:rc:olmo3base
2026-08-13 21:24:07 [INFO] ✓ /root/web-curation-lab/outputs/preflight/qwen3_150m_wide/hf-fp32:mmlu_high_school_biology:rc:olmo3base (5 instances, 14.8s)
2026-08-13 21:24:07 [INFO] Saved 5 predictions: mmlu_high_school_biology:rc:olmo3base
2026-08-13 21:24:07 [INFO] Saved 5 requests: mmlu_high_school_biology:rc:olmo3base
2026-08-13 21:24:07 [INFO] ✓ /root/web-curation-lab/outputs/preflight/qwen3_150m_wide/hf-fp32:mmlu_international_law:rc:olmo3base (5 instances, 14.8s)
2026-08-13 21:24:07 [INFO] Saved 5 predictions: mmlu_international_law:rc:olmo3base
2026-08-13 21:24:07 [INFO] Saved 5 requests: mmlu_international_law:rc:olmo3base
2026-08-13 21:24:07 [INFO] ✓ /root/web-curation-lab/outputs/preflight/qwen3_150m_wide/hf-fp32:mmlu_global_facts:rc:olmo3base (5 instances, 14.8s)
2026-08-13 21:24:07 [INFO] Saved 5 predictions: mmlu_global_facts:rc:olmo3base
2026-08-13 21:24:07 [INFO] Saved 5 requests: mmlu_global_facts:rc:olmo3base
2026-08-13 21:24:07 [INFO] ✓ /root/web-curation-lab/outputs/preflight/qwen3_150m_wide/hf-fp32:mmlu_college_medicine:rc:olmo3base (5 instances, 14.8s)
2026-08-13 21:24:07 [INFO] Saved 5 predictions: mmlu_college_medicine:rc:olmo3base
2026-08-13 21:24:07 [INFO] Saved 5 requests: mmlu_college_medicine:rc:olmo3base
2026-08-13 21:24:07 [INFO] ✓ /root/web-curation-lab/outputs/preflight/qwen3_150m_wide/hf-fp32:mmlu_medical_genetics:rc:olmo3base (5 instances, 14.8s)
2026-08-13 21:24:07 [INFO] Saved 5 predictions: mmlu_medical_genetics:rc:olmo3base
2026-08-13 21:24:07 [INFO] Saved 5 requests: mmlu_medical_genetics:rc:olmo3base
2026-08-13 21:24:09 [INFO] [38;5;213m[hf-fp32-w0][0m Processed batch 4/7 (b3b6062a6d9d) in 3.6s (17.8 items/sec)
2026-08-13 21:24:09 [INFO] [38;5;213m[hf-fp32-w0][0m Starting batch 5/7 (11f0d6e49786) with 64 item(s)
2026-08-13 21:24:11 [INFO] ✓ /root/web-curation-lab/outputs/preflight/qwen3_150m_wide/hf-fp32:mmlu_high_school_statistics:rc:olmo3base (5 instances, 18.5s)
2026-08-13 21:24:11 [INFO] Saved 5 predictions: mmlu_high_school_statistics:rc:olmo3base
2026-08-13 21:24:11 [INFO] Saved 5 requests: mmlu_high_school_statistics:rc:olmo3base
2026-08-13 21:24:11 [INFO] ✓ /root/web-curation-lab/outputs/preflight/qwen3_150m_wide/hf-fp32:mmlu_us_foreign_policy:rc:olmo3base (5 instances, 18.5s)
2026-08-13 21:24:11 [INFO] Saved 5 predictions: mmlu_us_foreign_policy:rc:olmo3base
2026-08-13 21:24:11 [INFO] Saved 5 requests: mmlu_us_foreign_policy:rc:olmo3base
2026-08-13 21:24:11 [INFO] ✓ /root/web-curation-lab/outputs/preflight/qwen3_150m_wide/hf-fp32:mmlu_human_sexuality:rc:olmo3base (5 instances, 18.5s)
2026-08-13 21:24:11 [INFO] Saved 5 predictions: mmlu_human_sexuality:rc:olmo3base
2026-08-13 21:24:11 [INFO] Saved 5 requests: mmlu_human_sexuality:rc:olmo3base
2026-08-13 21:24:11 [INFO] ✓ /root/web-curation-lab/outputs/preflight/qwen3_150m_wide/hf-fp32:mmlu_human_aging:rc:olmo3base (5 instances, 18.5s)
2026-08-13 21:24:11 [INFO] Saved 5 predictions: mmlu_human_aging:rc:olmo3base
2026-08-13 21:24:11 [INFO] Saved 5 requests: mmlu_human_aging:rc:olmo3base
2026-08-13 21:24:11 [INFO] ✓ /root/web-curation-lab/outputs/preflight/qwen3_150m_wide/hf-fp32:mmlu_marketing:rc:olmo3base (5 instances, 18.5s)
2026-08-13 21:24:11 [INFO] Saved 5 predictions: mmlu_marketing:rc:olmo3base
2026-08-13 21:24:11 [INFO] Saved 5 requests: mmlu_marketing:rc:olmo3base
2026-08-13 21:24:11 [INFO] ✓ /root/web-curation-lab/outputs/preflight/qwen3_150m_wide/hf-fp32:mmlu_logical_fallacies:rc:olmo3base (5 instances, 18.5s)
2026-08-13 21:24:11 [INFO] Saved 5 predictions: mmlu_logical_fallacies:rc:olmo3base
2026-08-13 21:24:11 [INFO] Saved 5 requests: mmlu_logical_fallacies:rc:olmo3base
2026-08-13 21:24:11 [INFO] ✓ /root/web-curation-lab/outputs/preflight/qwen3_150m_wide/hf-fp32:mmlu_professional_psychology:rc:olmo3base (5 instances, 18.5s)
2026-08-13 21:24:11 [INFO] Saved 5 predictions: mmlu_professional_psychology:rc:olmo3base
2026-08-13 21:24:11 [INFO] Saved 5 requests: mmlu_professional_psychology:rc:olmo3base
2026-08-13 21:24:11 [INFO] ✓ /root/web-curation-lab/outputs/preflight/qwen3_150m_wide/hf-fp32:mmlu_virology:rc:olmo3base (5 instances, 18.5s)
2026-08-13 21:24:11 [INFO] Saved 5 predictions: mmlu_virology:rc:olmo3base
2026-08-13 21:24:11 [INFO] Saved 5 requests: mmlu_virology:rc:olmo3base
2026-08-13 21:24:11 [INFO] ✓ /root/web-curation-lab/outputs/preflight/qwen3_150m_wide/hf-fp32:mmlu_college_computer_science:rc:olmo3base (5 instances, 18.5s)
2026-08-13 21:24:11 [INFO] Saved 5 predictions: mmlu_college_computer_science:rc:olmo3base
2026-08-13 21:24:11 [INFO] Saved 5 requests: mmlu_college_computer_science:rc:olmo3base
2026-08-13 21:24:11 [INFO] ✓ /root/web-curation-lab/outputs/preflight/qwen3_150m_wide/hf-fp32:mmlu_public_relations:rc:olmo3base (5 instances, 18.5s)
2026-08-13 21:24:11 [INFO] Saved 5 predictions: mmlu_public_relations:rc:olmo3base
2026-08-13 21:24:11 [INFO] Saved 5 requests: mmlu_public_relations:rc:olmo3base
2026-08-13 21:24:11 [INFO] ✓ /root/web-curation-lab/outputs/preflight/qwen3_150m_wide/hf-fp32:mmlu_world_religions:rc:olmo3base (5 instances, 18.5s)
2026-08-13 21:24:11 [INFO] Saved 5 predictions: mmlu_world_religions:rc:olmo3base
2026-08-13 21:24:11 [INFO] Saved 5 requests: mmlu_world_religions:rc:olmo3base
2026-08-13 21:24:11 [INFO] ✓ /root/web-curation-lab/outputs/preflight/qwen3_150m_wide/hf-fp32:mmlu_college_chemistry:rc:olmo3base (5 instances, 18.5s)
2026-08-13 21:24:11 [INFO] Saved 5 predictions: mmlu_college_chemistry:rc:olmo3base
2026-08-13 21:24:11 [INFO] Saved 5 requests: mmlu_college_chemistry:rc:olmo3base
2026-08-13 21:24:11 [INFO] ✓ /root/web-curation-lab/outputs/preflight/qwen3_150m_wide/hf-fp32:mmlu_econometrics:rc:olmo3base (5 instances, 18.5s)
2026-08-13 21:24:11 [INFO] Saved 5 predictions: mmlu_econometrics:rc:olmo3base
2026-08-13 21:24:11 [INFO] Saved 5 requests: mmlu_econometrics:rc:olmo3base
2026-08-13 21:24:11 [INFO] ✓ /root/web-curation-lab/outputs/preflight/qwen3_150m_wide/hf-fp32:lab_bench_dbqa:olmo3base (5 instances, 18.7s)
2026-08-13 21:24:11 [INFO] Saved 5 predictions: lab_bench_dbqa:olmo3base
2026-08-13 21:24:11 [INFO] Saved 5 requests: lab_bench_dbqa:olmo3base
2026-08-13 21:24:12 [INFO] [38;5;213m[hf-fp32-w0][0m Processed batch 5/7 (11f0d6e49786) in 3.4s (18.7 items/sec)
2026-08-13 21:24:12 [INFO] [38;5;213m[hf-fp32-w0][0m Starting batch 6/7 (cfb071b6da06) with 64 item(s)
2026-08-13 21:24:12 [INFO] ✓ /root/web-curation-lab/outputs/preflight/qwen3_150m_wide/hf-fp32:arc_easy:rc:olmo3base (5 instances, 19.5s)
2026-08-13 21:24:12 [INFO] Saved 5 predictions: arc_easy:rc:olmo3base
2026-08-13 21:24:12 [INFO] Saved 5 requests: arc_easy:rc:olmo3base
2026-08-13 21:24:12 [INFO] ✓ /root/web-curation-lab/outputs/preflight/qwen3_150m_wide/hf-fp32:qasper_yesno:rc:olmo3base (5 instances, 19.5s)
2026-08-13 21:24:12 [INFO] Saved 5 predictions: qasper_yesno:rc:olmo3base
2026-08-13 21:24:12 [INFO] Saved 5 requests: qasper_yesno:rc:olmo3base
2026-08-13 21:24:12 [INFO] ✓ /root/web-curation-lab/outputs/preflight/qwen3_150m_wide/hf-fp32:basic_skills_coding:rc:olmo3base (5 instances, 19.5s)
2026-08-13 21:24:12 [INFO] Saved 5 predictions: basic_skills_coding:rc:olmo3base
2026-08-13 21:24:12 [INFO] Saved 5 requests: basic_skills_coding:rc:olmo3base
2026-08-13 21:24:15 [INFO] [36mScored   [0m    321/415 ( 77%) at 14.5 items/sec
2026-08-13 21:24:15 [INFO] ✓ /root/web-curation-lab/outputs/preflight/qwen3_150m_wide/hf-fp32:mmlu_high_school_physics:rc:olmo3base (5 instances, 22.1s)
2026-08-13 21:24:15 [INFO] Saved 5 predictions: mmlu_high_school_physics:rc:olmo3base
2026-08-13 21:24:15 [INFO] Saved 5 requests: mmlu_high_school_physics:rc:olmo3base
2026-08-13 21:24:15 [INFO] ✓ /root/web-curation-lab/outputs/preflight/qwen3_150m_wide/hf-fp32:mmlu_high_school_european_history:rc:olmo3base (5 instances, 22.1s)
2026-08-13 21:24:15 [INFO] Saved 5 predictions: mmlu_high_school_european_history:rc:olmo3base
2026-08-13 21:24:15 [INFO] Saved 5 requests: mmlu_high_school_european_history:rc:olmo3base
2026-08-13 21:24:15 [INFO] ✓ /root/web-curation-lab/outputs/preflight/qwen3_150m_wide/hf-fp32:mmlu_business_ethics:rc:olmo3base (5 instances, 22.1s)
2026-08-13 21:24:15 [INFO] Saved 5 predictions: mmlu_business_ethics:rc:olmo3base
2026-08-13 21:24:15 [INFO] Saved 5 requests: mmlu_business_ethics:rc:olmo3base
2026-08-13 21:24:15 [INFO] ✓ /root/web-curation-lab/outputs/preflight/qwen3_150m_wide/hf-fp32:mmlu_philosophy:rc:olmo3base (5 instances, 22.1s)
2026-08-13 21:24:15 [INFO] Saved 5 predictions: mmlu_philosophy:rc:olmo3base
2026-08-13 21:24:15 [INFO] Saved 5 requests: mmlu_philosophy:rc:olmo3base
2026-08-13 21:24:15 [INFO] ✓ /root/web-curation-lab/outputs/preflight/qwen3_150m_wide/hf-fp32:mmlu_college_mathematics:rc:olmo3base (5 instances, 22.1s)
2026-08-13 21:24:15 [INFO] Saved 5 predictions: mmlu_college_mathematics:rc:olmo3base
2026-08-13 21:24:15 [INFO] Saved 5 requests: mmlu_college_mathematics:rc:olmo3base
2026-08-13 21:24:15 [INFO] ✓ /root/web-curation-lab/outputs/preflight/qwen3_150m_wide/hf-fp32:mmlu_machine_learning:rc:olmo3base (5 instances, 22.1s)
2026-08-13 21:24:15 [INFO] Saved 5 predictions: mmlu_machine_learning:rc:olmo3base
2026-08-13 21:24:15 [INFO] Saved 5 requests: mmlu_machine_learning:rc:olmo3base
2026-08-13 21:24:15 [INFO] ✓ /root/web-curation-lab/outputs/preflight/qwen3_150m_wide/hf-fp32:mmlu_high_school_microeconomics:rc:olmo3base (5 instances, 22.1s)
2026-08-13 21:24:15 [INFO] Saved 5 predictions: mmlu_high_school_microeconomics:rc:olmo3base
2026-08-13 21:24:15 [INFO] Saved 5 requests: mmlu_high_school_microeconomics:rc:olmo3base
2026-08-13 21:24:15 [INFO] ✓ /root/web-curation-lab/outputs/preflight/qwen3_150m_wide/hf-fp32:mmlu_prehistory:rc:olmo3base (5 instances, 22.1s)
2026-08-13 21:24:15 [INFO] Saved 5 predictions: mmlu_prehistory:rc:olmo3base
2026-08-13 21:24:15 [INFO] Saved 5 requests: mmlu_prehistory:rc:olmo3base
2026-08-13 21:24:15 [INFO] ✓ /root/web-curation-lab/outputs/preflight/qwen3_150m_wide/hf-fp32:mmlu_professional_accounting:rc:olmo3base (5 instances, 22.1s)
2026-08-13 21:24:15 [INFO] Saved 5 predictions: mmlu_professional_accounting:rc:olmo3base
2026-08-13 21:24:15 [INFO] Saved 5 requests: mmlu_professional_accounting:rc:olmo3base
2026-08-13 21:24:15 [INFO] ✓ /root/web-curation-lab/outputs/preflight/qwen3_150m_wide/hf-fp32:mmlu_elementary_mathematics:rc:olmo3base (5 instances, 22.1s)
2026-08-13 21:24:15 [INFO] Saved 5 predictions: mmlu_elementary_mathematics:rc:olmo3base
2026-08-13 21:24:15 [INFO] Saved 5 requests: mmlu_elementary_mathematics:rc:olmo3base
2026-08-13 21:24:15 [INFO] ✓ /root/web-curation-lab/outputs/preflight/qwen3_150m_wide/hf-fp32:mmlu_miscellaneous:rc:olmo3base (5 instances, 22.1s)
2026-08-13 21:24:15 [INFO] Saved 5 predictions: mmlu_miscellaneous:rc:olmo3base
2026-08-13 21:24:15 [INFO] Saved 5 requests: mmlu_miscellaneous:rc:olmo3base
2026-08-13 21:24:15 [INFO] ✓ /root/web-curation-lab/outputs/preflight/qwen3_150m_wide/hf-fp32:mmlu_clinical_knowledge:rc:olmo3base (5 instances, 22.1s)
2026-08-13 21:24:15 [INFO] Saved 5 predictions: mmlu_clinical_knowledge:rc:olmo3base
2026-08-13 21:24:15 [INFO] Saved 5 requests: mmlu_clinical_knowledge:rc:olmo3base
2026-08-13 21:24:15 [INFO] ✓ /root/web-curation-lab/outputs/preflight/qwen3_150m_wide/hf-fp32:mmlu_college_biology:rc:olmo3base (5 instances, 22.1s)
2026-08-13 21:24:15 [INFO] Saved 5 predictions: mmlu_college_biology:rc:olmo3base
2026-08-13 21:24:15 [INFO] Saved 5 requests: mmlu_college_biology:rc:olmo3base
2026-08-13 21:24:15 [INFO] ✓ /root/web-curation-lab/outputs/preflight/qwen3_150m_wide/hf-fp32:mmlu_moral_disputes:rc:olmo3base (5 instances, 22.2s)
2026-08-13 21:24:15 [INFO] Saved 5 predictions: mmlu_moral_disputes:rc:olmo3base
2026-08-13 21:24:15 [INFO] Saved 5 requests: mmlu_moral_disputes:rc:olmo3base
2026-08-13 21:24:15 [INFO] ✓ /root/web-curation-lab/outputs/preflight/qwen3_150m_wide/hf-fp32:mmlu_high_school_government_and_politics:rc:olmo3base (5 instances, 22.2s)
2026-08-13 21:24:15 [INFO] Saved 5 predictions: mmlu_high_school_government_and_politics:rc:olmo3base
2026-08-13 21:24:15 [INFO] Saved 5 requests: mmlu_high_school_government_and_politics:rc:olmo3base
2026-08-13 21:24:15 [INFO] ✓ /root/web-curation-lab/outputs/preflight/qwen3_150m_wide/hf-fp32:mmlu_high_school_macroeconomics:rc:olmo3base (5 instances, 22.2s)
2026-08-13 21:24:15 [INFO] Saved 5 predictions: mmlu_high_school_macroeconomics:rc:olmo3base
2026-08-13 21:24:15 [INFO] Saved 5 requests: mmlu_high_school_macroeconomics:rc:olmo3base
2026-08-13 21:24:15 [INFO] ✓ /root/web-curation-lab/outputs/preflight/qwen3_150m_wide/hf-fp32:mmlu_high_school_psychology:rc:olmo3base (5 instances, 22.2s)
2026-08-13 21:24:15 [INFO] Saved 5 predictions: mmlu_high_school_psychology:rc:olmo3base
2026-08-13 21:24:15 [INFO] Saved 5 requests: mmlu_high_school_psychology:rc:olmo3base
2026-08-13 21:24:15 [INFO] ✓ /root/web-curation-lab/outputs/preflight/qwen3_150m_wide/hf-fp32:mmlu_high_school_computer_science:rc:olmo3base (5 instances, 22.2s)
2026-08-13 21:24:15 [INFO] Saved 5 predictions: mmlu_high_school_computer_science:rc:olmo3base
2026-08-13 21:24:15 [INFO] Saved 5 requests: mmlu_high_school_computer_science:rc:olmo3base
2026-08-13 21:24:15 [INFO] ✓ /root/web-curation-lab/outputs/preflight/qwen3_150m_wide/hf-fp32:mmlu_high_school_geography:rc:olmo3base (5 instances, 22.2s)
2026-08-13 21:24:15 [INFO] Saved 5 predictions: mmlu_high_school_geography:rc:olmo3base
2026-08-13 21:24:15 [INFO] Saved 5 requests: mmlu_high_school_geography:rc:olmo3base
2026-08-13 21:24:15 [INFO] ✓ /root/web-curation-lab/outputs/preflight/qwen3_150m_wide/hf-fp32:mmlu_high_school_mathematics:rc:olmo3base (5 instances, 22.2s)
2026-08-13 21:24:15 [INFO] Saved 5 predictions: mmlu_high_school_mathematics:rc:olmo3base
2026-08-13 21:24:15 [INFO] Saved 5 requests: mmlu_high_school_mathematics:rc:olmo3base
2026-08-13 21:24:15 [INFO] ✓ /root/web-curation-lab/outputs/preflight/qwen3_150m_wide/hf-fp32:mmlu_anatomy:rc:olmo3base (5 instances, 22.2s)
2026-08-13 21:24:15 [INFO] Saved 5 predictions: mmlu_anatomy:rc:olmo3base
2026-08-13 21:24:15 [INFO] Saved 5 requests: mmlu_anatomy:rc:olmo3base
2026-08-13 21:24:16 [INFO] ✓ /root/web-curation-lab/outputs/preflight/qwen3_150m_wide/hf-fp32:squad:rc:olmo3base (5 instances, 23.4s)
2026-08-13 21:24:16 [INFO] Saved 5 predictions: squad:rc:olmo3base
2026-08-13 21:24:16 [INFO] Saved 5 requests: squad:rc:olmo3base
2026-08-13 21:24:16 [INFO] ✓ /root/web-curation-lab/outputs/preflight/qwen3_150m_wide/hf-fp32:socialiqa:rc:olmo3base (5 instances, 23.4s)
2026-08-13 21:24:16 [INFO] Saved 5 predictions: socialiqa:rc:olmo3base
2026-08-13 21:24:16 [INFO] Saved 5 requests: socialiqa:rc:olmo3base
2026-08-13 21:24:16 [INFO] ✓ /root/web-curation-lab/outputs/preflight/qwen3_150m_wide/hf-fp32:basic_skills_logical_reasoning:rc:olmo3base (5 instances, 23.4s)
2026-08-13 21:24:16 [INFO] Saved 5 predictions: basic_skills_logical_reasoning:rc:olmo3base
2026-08-13 21:24:16 [INFO] Saved 5 requests: basic_skills_logical_reasoning:rc:olmo3base
2026-08-13 21:24:16 [INFO] ✓ /root/web-curation-lab/outputs/preflight/qwen3_150m_wide/hf-fp32:naturalqs:rc:olmo3base (5 instances, 23.4s)
2026-08-13 21:24:16 [INFO] Saved 5 predictions: naturalqs:rc:olmo3base
2026-08-13 21:24:16 [INFO] Saved 5 requests: naturalqs:rc:olmo3base
2026-08-13 21:24:16 [INFO] ✓ /root/web-curation-lab/outputs/preflight/qwen3_150m_wide/hf-fp32:csqa:rc:olmo3base (5 instances, 23.4s)
2026-08-13 21:24:16 [INFO] Saved 5 predictions: csqa:rc:olmo3base
2026-08-13 21:24:16 [INFO] Saved 5 requests: csqa:rc:olmo3base
2026-08-13 21:24:16 [INFO] ✓ /root/web-curation-lab/outputs/preflight/qwen3_150m_wide/hf-fp32:piqa:rc:olmo3base (5 instances, 23.4s)
2026-08-13 21:24:16 [INFO] Saved 5 predictions: piqa:rc:olmo3base
2026-08-13 21:24:16 [INFO] Saved 5 requests: piqa:rc:olmo3base
2026-08-13 21:24:16 [INFO] ✓ /root/web-curation-lab/outputs/preflight/qwen3_150m_wide/hf-fp32:coqa:rc:olmo3base (5 instances, 23.4s)
2026-08-13 21:24:16 [INFO] Saved 5 predictions: coqa:rc:olmo3base
2026-08-13 21:24:16 [INFO] Saved 5 requests: coqa:rc:olmo3base
2026-08-13 21:24:16 [INFO] ✓ /root/web-curation-lab/outputs/preflight/qwen3_150m_wide/hf-fp32:medqa_en:rc:olmo3base (5 instances, 23.4s)
2026-08-13 21:24:16 [INFO] Saved 5 predictions: medqa_en:rc:olmo3base
2026-08-13 21:24:16 [INFO] Saved 5 requests: medqa_en:rc:olmo3base
2026-08-13 21:24:16 [INFO] ✓ /root/web-curation-lab/outputs/preflight/qwen3_150m_wide/hf-fp32:basic_skills_pattern:rc:olmo3base (5 instances, 23.4s)
2026-08-13 21:24:16 [INFO] Saved 5 predictions: basic_skills_pattern:rc:olmo3base
2026-08-13 21:24:16 [INFO] Saved 5 requests: basic_skills_pattern:rc:olmo3base
2026-08-13 21:24:16 [INFO] ✓ /root/web-curation-lab/outputs/preflight/qwen3_150m_wide/hf-fp32:lambada (5 instances, 23.4s)
2026-08-13 21:24:16 [INFO] Saved 5 predictions: lambada
2026-08-13 21:24:16 [INFO] Saved 5 requests: lambada
2026-08-13 21:24:16 [INFO] ✓ /root/web-curation-lab/outputs/preflight/qwen3_150m_wide/hf-fp32:arc_challenge:rc:olmo3base (5 instances, 23.4s)
2026-08-13 21:24:16 [INFO] Saved 5 predictions: arc_challenge:rc:olmo3base
2026-08-13 21:24:16 [INFO] Saved 5 requests: arc_challenge:rc:olmo3base
2026-08-13 21:24:16 [INFO] [38;5;213m[hf-fp32-w0][0m Processed batch 6/7 (cfb071b6da06) in 4.3s (15.1 items/sec)
2026-08-13 21:24:16 [INFO] ✓ /root/web-curation-lab/outputs/preflight/qwen3_150m_wide/hf-fp32:lab_bench_protocolqa:olmo3base (5 instances, 23.8s)
2026-08-13 21:24:16 [INFO] Saved 5 predictions: lab_bench_protocolqa:olmo3base
2026-08-13 21:24:16 [INFO] [38;5;213m[hf-fp32-w0][0m Starting batch 7/7 (11f0cade35b4) with 31 item(s)
2026-08-13 21:24:16 [INFO] Saved 5 requests: lab_bench_protocolqa:olmo3base
2026-08-13 21:24:18 [INFO] ✓ /root/web-curation-lab/outputs/preflight/qwen3_150m_wide/hf-fp32:mmlu_security_studies:rc:olmo3base (5 instances, 25.4s)
2026-08-13 21:24:18 [INFO] Saved 5 predictions: mmlu_security_studies:rc:olmo3base
2026-08-13 21:24:18 [INFO] Saved 5 requests: mmlu_security_studies:rc:olmo3base
2026-08-13 21:24:18 [INFO] ✓ /root/web-curation-lab/outputs/preflight/qwen3_150m_wide/hf-fp32:mmlu_formal_logic:rc:olmo3base (5 instances, 25.4s)
2026-08-13 21:24:18 [INFO] Saved 5 predictions: mmlu_formal_logic:rc:olmo3base
2026-08-13 21:24:18 [INFO] Saved 5 requests: mmlu_formal_logic:rc:olmo3base
2026-08-13 21:24:18 [INFO] ✓ /root/web-curation-lab/outputs/preflight/qwen3_150m_wide/hf-fp32:mmlu_professional_medicine:rc:olmo3base (5 instances, 25.4s)
2026-08-13 21:24:18 [INFO] Saved 5 predictions: mmlu_professional_medicine:rc:olmo3base
2026-08-13 21:24:18 [INFO] Saved 5 requests: mmlu_professional_medicine:rc:olmo3base
2026-08-13 21:24:18 [INFO] ✓ /root/web-curation-lab/outputs/preflight/qwen3_150m_wide/hf-fp32:mmlu_management:rc:olmo3base (5 instances, 25.4s)
2026-08-13 21:24:18 [INFO] Saved 5 predictions: mmlu_management:rc:olmo3base
2026-08-13 21:24:18 [INFO] Saved 5 requests: mmlu_management:rc:olmo3base
2026-08-13 21:24:18 [INFO] ✓ /root/web-curation-lab/outputs/preflight/qwen3_150m_wide/hf-fp32:mmlu_high_school_world_history:rc:olmo3base (5 instances, 25.4s)
2026-08-13 21:24:18 [INFO] Saved 5 predictions: mmlu_high_school_world_history:rc:olmo3base
2026-08-13 21:24:18 [INFO] Saved 5 requests: mmlu_high_school_world_history:rc:olmo3base
2026-08-13 21:24:18 [INFO] ✓ /root/web-curation-lab/outputs/preflight/qwen3_150m_wide/hf-fp32:mmlu_computer_security:rc:olmo3base (5 instances, 25.4s)
2026-08-13 21:24:18 [INFO] Saved 5 predictions: mmlu_computer_security:rc:olmo3base
2026-08-13 21:24:18 [INFO] Saved 5 requests: mmlu_computer_security:rc:olmo3base
2026-08-13 21:24:18 [INFO] ✓ /root/web-curation-lab/outputs/preflight/qwen3_150m_wide/hf-fp32:mmlu_astronomy:rc:olmo3base (5 instances, 25.4s)
2026-08-13 21:24:18 [INFO] Saved 5 predictions: mmlu_astronomy:rc:olmo3base
2026-08-13 21:24:18 [INFO] Saved 5 requests: mmlu_astronomy:rc:olmo3base
2026-08-13 21:24:18 [INFO] ✓ /root/web-curation-lab/outputs/preflight/qwen3_150m_wide/hf-fp32:mmlu_sociology:rc:olmo3base (5 instances, 25.4s)
2026-08-13 21:24:18 [INFO] Saved 5 predictions: mmlu_sociology:rc:olmo3base
2026-08-13 21:24:18 [INFO] Saved 5 requests: mmlu_sociology:rc:olmo3base
2026-08-13 21:24:18 [INFO] ✓ /root/web-curation-lab/outputs/preflight/qwen3_150m_wide/hf-fp32:mmlu_college_physics:rc:olmo3base (5 instances, 25.4s)
2026-08-13 21:24:18 [INFO] Saved 5 predictions: mmlu_college_physics:rc:olmo3base
2026-08-13 21:24:18 [INFO] Saved 5 requests: mmlu_college_physics:rc:olmo3base
2026-08-13 21:24:18 [INFO] ✓ /root/web-curation-lab/outputs/preflight/qwen3_150m_wide/hf-fp32:mmlu_nutrition:rc:olmo3base (5 instances, 25.4s)
2026-08-13 21:24:18 [INFO] Saved 5 predictions: mmlu_nutrition:rc:olmo3base
2026-08-13 21:24:18 [INFO] Saved 5 requests: mmlu_nutrition:rc:olmo3base
2026-08-13 21:24:18 [INFO] ✓ /root/web-curation-lab/outputs/preflight/qwen3_150m_wide/hf-fp32:mmlu_conceptual_physics:rc:olmo3base (5 instances, 25.4s)
2026-08-13 21:24:18 [INFO] Saved 5 predictions: mmlu_conceptual_physics:rc:olmo3base
2026-08-13 21:24:18 [INFO] Saved 5 requests: mmlu_conceptual_physics:rc:olmo3base
2026-08-13 21:24:18 [INFO] ✓ /root/web-curation-lab/outputs/preflight/qwen3_150m_wide/hf-fp32:mmlu_high_school_chemistry:rc:olmo3base (5 instances, 25.4s)
2026-08-13 21:24:18 [INFO] Saved 5 predictions: mmlu_high_school_chemistry:rc:olmo3base
2026-08-13 21:24:18 [INFO] Saved 5 requests: mmlu_high_school_chemistry:rc:olmo3base
2026-08-13 21:24:18 [INFO] ✓ /root/web-curation-lab/outputs/preflight/qwen3_150m_wide/hf-fp32:mmlu_high_school_us_history:rc:olmo3base (5 instances, 25.4s)
2026-08-13 21:24:18 [INFO] Saved 5 predictions: mmlu_high_school_us_history:rc:olmo3base
2026-08-13 21:24:18 [INFO] Saved 5 requests: mmlu_high_school_us_history:rc:olmo3base
2026-08-13 21:24:18 [INFO] ✓ /root/web-curation-lab/outputs/preflight/qwen3_150m_wide/hf-fp32:mmlu_jurisprudence:rc:olmo3base (5 instances, 25.4s)
2026-08-13 21:24:18 [INFO] Saved 5 predictions: mmlu_jurisprudence:rc:olmo3base
2026-08-13 21:24:18 [INFO] Saved 5 requests: mmlu_jurisprudence:rc:olmo3base
2026-08-13 21:24:18 [INFO] ✓ /root/web-curation-lab/outputs/preflight/qwen3_150m_wide/hf-fp32:mmlu_moral_scenarios:rc:olmo3base (5 instances, 25.4s)
2026-08-13 21:24:18 [INFO] Saved 5 predictions: mmlu_moral_scenarios:rc:olmo3base
2026-08-13 21:24:18 [INFO] Saved 5 requests: mmlu_moral_scenarios:rc:olmo3base
2026-08-13 21:24:18 [INFO] ✓ /root/web-curation-lab/outputs/preflight/qwen3_150m_wide/hf-fp32:mmlu_abstract_algebra:rc:olmo3base (5 instances, 25.4s)
2026-08-13 21:24:18 [INFO] Saved 5 predictions: mmlu_abstract_algebra:rc:olmo3base
2026-08-13 21:24:18 [INFO] Saved 5 requests: mmlu_abstract_algebra:rc:olmo3base
2026-08-13 21:24:18 [INFO] ✓ /root/web-curation-lab/outputs/preflight/qwen3_150m_wide/hf-fp32:mmlu_electrical_engineering:rc:olmo3base (5 instances, 25.4s)
2026-08-13 21:24:18 [INFO] Saved 5 predictions: mmlu_electrical_engineering:rc:olmo3base
2026-08-13 21:24:18 [INFO] Saved 5 requests: mmlu_electrical_engineering:rc:olmo3base
2026-08-13 21:24:18 [INFO] ✓ /root/web-curation-lab/outputs/preflight/qwen3_150m_wide/hf-fp32:medmcqa:rc:olmo3base (5 instances, 25.9s)
2026-08-13 21:24:18 [INFO] Saved 5 predictions: medmcqa:rc:olmo3base
2026-08-13 21:24:18 [INFO] Saved 5 requests: medmcqa:rc:olmo3base
2026-08-13 21:24:18 [INFO] ✓ /root/web-curation-lab/outputs/preflight/qwen3_150m_wide/hf-fp32:basic_skills_arithmetic:rc:olmo3base (5 instances, 25.9s)
2026-08-13 21:24:18 [INFO] Saved 5 predictions: basic_skills_arithmetic:rc:olmo3base
2026-08-13 21:24:18 [INFO] Saved 5 requests: basic_skills_arithmetic:rc:olmo3base
2026-08-13 21:24:18 [INFO] ✓ /root/web-curation-lab/outputs/preflight/qwen3_150m_wide/hf-fp32:jeopardy:rc:olmo3base (5 instances, 25.9s)
2026-08-13 21:24:18 [INFO] Saved 5 predictions: jeopardy:rc:olmo3base
2026-08-13 21:24:18 [INFO] Saved 5 requests: jeopardy:rc:olmo3base
2026-08-13 21:24:18 [INFO] ✓ /root/web-curation-lab/outputs/preflight/qwen3_150m_wide/hf-fp32:basic_skills_common_knowledge:rc:olmo3base (5 instances, 25.9s)
2026-08-13 21:24:18 [INFO] Saved 5 predictions: basic_skills_common_knowledge:rc:olmo3base
2026-08-13 21:24:18 [INFO] Saved 5 requests: basic_skills_common_knowledge:rc:olmo3base
2026-08-13 21:24:18 [INFO] ✓ /root/web-curation-lab/outputs/preflight/qwen3_150m_wide/hf-fp32:winogrande:rc:olmo3base (5 instances, 25.9s)
2026-08-13 21:24:18 [INFO] Saved 5 predictions: winogrande:rc:olmo3base
2026-08-13 21:24:18 [INFO] Saved 5 requests: winogrande:rc:olmo3base
2026-08-13 21:24:18 [INFO] ✓ /root/web-curation-lab/outputs/preflight/qwen3_150m_wide/hf-fp32:hellaswag:rc:olmo3base (5 instances, 25.9s)
2026-08-13 21:24:18 [INFO] Saved 5 predictions: hellaswag:rc:olmo3base
2026-08-13 21:24:18 [INFO] Saved 5 requests: hellaswag:rc:olmo3base
2026-08-13 21:24:18 [INFO] ✓ /root/web-curation-lab/outputs/preflight/qwen3_150m_wide/hf-fp32:sciriff_yesno:rc:olmo3base (5 instances, 25.9s)
2026-08-13 21:24:18 [INFO] Saved 5 predictions: sciriff_yesno:rc:olmo3base
2026-08-13 21:24:18 [INFO] Saved 5 requests: sciriff_yesno:rc:olmo3base
2026-08-13 21:24:18 [INFO] ✓ /root/web-curation-lab/outputs/preflight/qwen3_150m_wide/hf-fp32:sciq:rc:olmo3base (5 instances, 25.9s)
2026-08-13 21:24:18 [INFO] Saved 5 predictions: sciq:rc:olmo3base
2026-08-13 21:24:18 [INFO] Saved 5 requests: sciq:rc:olmo3base
2026-08-13 21:24:18 [INFO] ✓ /root/web-curation-lab/outputs/preflight/qwen3_150m_wide/hf-fp32:basic_skills_string_operations:rc:olmo3base (5 instances, 25.9s)
2026-08-13 21:24:18 [INFO] Saved 5 predictions: basic_skills_string_operations:rc:olmo3base
2026-08-13 21:24:18 [INFO] Saved 5 requests: basic_skills_string_operations:rc:olmo3base
2026-08-13 21:24:19 [INFO] [38;5;213m[hf-fp32-w0][0m Processed batch 7/7 (11f0cade35b4) in 2.4s (13.1 items/sec)
2026-08-13 21:24:19 [INFO] ✓ /root/web-curation-lab/outputs/preflight/qwen3_150m_wide/hf-fp32:drop:rc:olmo3base (5 instances, 26.2s)
2026-08-13 21:24:19 [INFO] [38;5;213m[hf-fp32-w0][0m Processing complete
2026-08-13 21:24:19 [INFO] Saved 5 predictions: drop:rc:olmo3base
2026-08-13 21:24:19 [INFO] [38;5;213m[hf-fp32-w0][0m Stopping vLLM server...
2026-08-13 21:24:19 [INFO] Saved 5 requests: drop:rc:olmo3base
2026-08-13 21:24:19 [INFO] [36mScored   [0m    415/415 (100%) in 26.2s (15.9 items/sec)
2026-08-13 21:24:19 [INFO] [38;5;213m[hf-fp32-w0][0m vLLM server stopped
[3m                                           Results Summary                                            [0m
┏━━━━━━━━━━━━━━━━━━━━━━━━━━━━━━━━━━━━━━━━━━━━━━━━━━━━━━━┳━━━━━━━━━┳━━━━━━━━━━━━━━━━━━━━━━━━━┳━━━━━━━━┓
┃[1m [0m[1mTask                                                 [0m[1m [0m┃[1m [0m[1mStatus [0m[1m [0m┃[1m [0m[1mMetric                 [0m[1m [0m┃[1m [0m[1mResult[0m[1m [0m┃
┡━━━━━━━━━━━━━━━━━━━━━━━━━━━━━━━━━━━━━━━━━━━━━━━━━━━━━━━╇━━━━━━━━━╇━━━━━━━━━━━━━━━━━━━━━━━━━╇━━━━━━━━┩
│[36m [0m[36mmmlu_professional_law:rc:olmo3base                   [0m[36m [0m│ [32mSuccess[0m │ accuracy:logprob        │ 0.6000 │
│[36m [0m[36mmmlu_high_school_biology:rc:olmo3base                [0m[36m [0m│ [32mSuccess[0m │ accuracy:logprob        │ 0.2000 │
│[36m [0m[36mmmlu_international_law:rc:olmo3base                  [0m[36m [0m│ [32mSuccess[0m │ accuracy:logprob        │ 0.0000 │
│[36m [0m[36mmmlu_global_facts:rc:olmo3base                       [0m[36m [0m│ [32mSuccess[0m │ accuracy:logprob        │ 0.2000 │
│[36m [0m[36mmmlu_college_medicine:rc:olmo3base                   [0m[36m [0m│ [32mSuccess[0m │ accuracy:logprob        │ 0.0000 │
│[36m [0m[36mmmlu_medical_genetics:rc:olmo3base                   [0m[36m [0m│ [32mSuccess[0m │ accuracy:logprob        │ 0.6000 │
│[36m [0m[36mmmlu_high_school_statistics:rc:olmo3base             [0m[36m [0m│ [32mSuccess[0m │ accuracy:logprob        │ 0.4000 │
│[36m [0m[36mmmlu_us_foreign_policy:rc:olmo3base                  [0m[36m [0m│ [32mSuccess[0m │ accuracy:logprob        │ 0.8000 │
│[36m [0m[36mmmlu_human_sexuality:rc:olmo3base                    [0m[36m [0m│ [32mSuccess[0m │ accuracy:logprob        │ 0.4000 │
│[36m [0m[36mmmlu_human_aging:rc:olmo3base                        [0m[36m [0m│ [32mSuccess[0m │ accuracy:logprob        │ 0.4000 │
│[36m [0m[36mmmlu_marketing:rc:olmo3base                          [0m[36m [0m│ [32mSuccess[0m │ accuracy:logprob        │ 0.0000 │
│[36m [0m[36mmmlu_logical_fallacies:rc:olmo3base                  [0m[36m [0m│ [32mSuccess[0m │ accuracy:logprob        │ 0.2000 │
│[36m [0m[36mmmlu_professional_psychology:rc:olmo3base            [0m[36m [0m│ [32mSuccess[0m │ accuracy:logprob        │ 0.0000 │
│[36m [0m[36mmmlu_virology:rc:olmo3base                           [0m[36m [0m│ [32mSuccess[0m │ accuracy:logprob        │ 0.6000 │
│[36m [0m[36mmmlu_college_computer_science:rc:olmo3base           [0m[36m [0m│ [32mSuccess[0m │ accuracy:logprob        │ 0.2000 │
│[36m [0m[36mmmlu_public_relations:rc:olmo3base                   [0m[36m [0m│ [32mSuccess[0m │ accuracy:logprob        │ 0.4000 │
│[36m [0m[36mmmlu_world_religions:rc:olmo3base                    [0m[36m [0m│ [32mSuccess[0m │ accuracy:logprob        │ 0.6000 │
│[36m [0m[36mmmlu_college_chemistry:rc:olmo3base                  [0m[36m [0m│ [32mSuccess[0m │ accuracy:logprob        │ 0.6000 │
│[36m [0m[36mmmlu_econometrics:rc:olmo3base                       [0m[36m [0m│ [32mSuccess[0m │ accuracy:logprob        │ 0.0000 │
│[36m [0m[36mlab_bench_dbqa:olmo3base                             [0m[36m [0m│ [32mSuccess[0m │ accuracy:logprob        │ 0.2000 │
│[36m [0m[36mqasper_yesno:rc:olmo3base                            [0m[36m [0m│ [32mSuccess[0m │ accuracy:logprob        │ 0.4000 │
│[36m [0m[36mmmlu_high_school_physics:rc:olmo3base                [0m[36m [0m│ [32mSuccess[0m │ accuracy:logprob        │ 0.0000 │
│[36m [0m[36mmmlu_high_school_european_history:rc:olmo3base       [0m[36m [0m│ [32mSuccess[0m │ accuracy:logprob        │ 0.4000 │
│[36m [0m[36mmmlu_business_ethics:rc:olmo3base                    [0m[36m [0m│ [32mSuccess[0m │ accuracy:logprob        │ 0.0000 │
│[36m [0m[36mmmlu_philosophy:rc:olmo3base                         [0m[36m [0m│ [32mSuccess[0m │ accuracy:logprob        │ 0.4000 │
│[36m [0m[36mmmlu_college_mathematics:rc:olmo3base                [0m[36m [0m│ [32mSuccess[0m │ accuracy:logprob        │ 0.0000 │
│[36m [0m[36mmmlu_machine_learning:rc:olmo3base                   [0m[36m [0m│ [32mSuccess[0m │ accuracy:logprob        │ 0.2000 │
│[36m [0m[36mmmlu_high_school_microeconomics:rc:olmo3base         [0m[36m [0m│ [32mSuccess[0m │ accuracy:logprob        │ 0.0000 │
│[36m [0m[36mmmlu_prehistory:rc:olmo3base                         [0m[36m [0m│ [32mSuccess[0m │ accuracy:logprob        │ 0.0000 │
│[36m [0m[36mmmlu_professional_accounting:rc:olmo3base            [0m[36m [0m│ [32mSuccess[0m │ accuracy:logprob        │ 0.2000 │
│[36m [0m[36mmmlu_elementary_mathematics:rc:olmo3base             [0m[36m [0m│ [32mSuccess[0m │ accuracy:logprob        │ 0.4000 │
│[36m [0m[36mmmlu_miscellaneous:rc:olmo3base                      [0m[36m [0m│ [32mSuccess[0m │ accuracy:logprob        │ 0.2000 │
│[36m [0m[36mmmlu_clinical_knowledge:rc:olmo3base                 [0m[36m [0m│ [32mSuccess[0m │ accuracy:logprob        │ 0.0000 │
│[36m [0m[36mmmlu_college_biology:rc:olmo3base                    [0m[36m [0m│ [32mSuccess[0m │ accuracy:logprob        │ 0.2000 │
│[36m [0m[36mmmlu_moral_disputes:rc:olmo3base                     [0m[36m [0m│ [32mSuccess[0m │ accuracy:logprob        │ 0.4000 │
│[36m [0m[36mmmlu_high_school_government_and_politics:rc:olmo3base[0m[36m [0m│ [32mSuccess[0m │ accuracy:logprob        │ 0.4000 │
│[36m [0m[36mmmlu_high_school_macroeconomics:rc:olmo3base         [0m[36m [0m│ [32mSuccess[0m │ accuracy:logprob        │ 0.4000 │
│[36m [0m[36mmmlu_high_school_psychology:rc:olmo3base             [0m[36m [0m│ [32mSuccess[0m │ accuracy:logprob        │ 0.4000 │
│[36m [0m[36mmmlu_high_school_computer_science:rc:olmo3base       [0m[36m [0m│ [32mSuccess[0m │ accuracy:logprob        │ 0.4000 │
│[36m [0m[36mmmlu_high_school_geography:rc:olmo3base              [0m[36m [0m│ [32mSuccess[0m │ accuracy:logprob        │ 0.2000 │
│[36m [0m[36mmmlu_high_school_mathematics:rc:olmo3base            [0m[36m [0m│ [32mSuccess[0m │ accuracy:logprob        │ 0.0000 │
│[36m [0m[36mmmlu_anatomy:rc:olmo3base                            [0m[36m [0m│ [32mSuccess[0m │ accuracy:logprob        │ 0.2000 │
│[36m [0m[36msquad:rc:olmo3base                                   [0m[36m [0m│ [32mSuccess[0m │ accuracy:logprob        │ 0.4000 │
│[36m [0m[36msocialiqa:rc:olmo3base                               [0m[36m [0m│ [32mSuccess[0m │ accuracy:logprob        │ 0.6000 │
│[36m [0m[36mnaturalqs:rc:olmo3base                               [0m[36m [0m│ [32mSuccess[0m │ accuracy:logprob        │ 0.2000 │
│[36m [0m[36mcsqa:rc:olmo3base                                    [0m[36m [0m│ [32mSuccess[0m │ accuracy:logprob        │ 0.2000 │
│[36m [0m[36mpiqa:rc:olmo3base                                    [0m[36m [0m│ [32mSuccess[0m │ accuracy:logprob        │ 0.6000 │
│[36m [0m[36mcoqa:rc:olmo3base                                    [0m[36m [0m│ [32mSuccess[0m │ accuracy:logprob        │ 0.0000 │
│[36m [0m[36mmedqa_en:rc:olmo3base                                [0m[36m [0m│ [32mSuccess[0m │ accuracy:logprob        │ 0.2000 │
│[36m [0m[36mlambada                                              [0m[36m [0m│ [32mSuccess[0m │ greedy_accuracy:logprob │ 0.0000 │
│[36m [0m[36mlab_bench_protocolqa:olmo3base                       [0m[36m [0m│ [32mSuccess[0m │ accuracy:logprob        │ 0.0000 │
│[36m [0m[36mmmlu_security_studies:rc:olmo3base                   [0m[36m [0m│ [32mSuccess[0m │ accuracy:logprob        │ 0.8000 │
│[36m [0m[36mmmlu_formal_logic:rc:olmo3base                       [0m[36m [0m│ [32mSuccess[0m │ accuracy:logprob        │ 0.4000 │
│[36m [0m[36mmmlu_professional_medicine:rc:olmo3base              [0m[36m [0m│ [32mSuccess[0m │ accuracy:logprob        │ 0.4000 │
│[36m [0m[36mmmlu_management:rc:olmo3base                         [0m[36m [0m│ [32mSuccess[0m │ accuracy:logprob        │ 0.0000 │
│[36m [0m[36mmmlu_high_school_world_history:rc:olmo3base          [0m[36m [0m│ [32mSuccess[0m │ accuracy:logprob        │ 0.2000 │
│[36m [0m[36mmmlu_computer_security:rc:olmo3base                  [0m[36m [0m│ [32mSuccess[0m │ accuracy:logprob        │ 0.4000 │
│[36m [0m[36mmmlu_astronomy:rc:olmo3base                          [0m[36m [0m│ [32mSuccess[0m │ accuracy:logprob        │ 0.0000 │
│[36m [0m[36mmmlu_sociology:rc:olmo3base                          [0m[36m [0m│ [32mSuccess[0m │ accuracy:logprob        │ 0.2000 │
│[36m [0m[36mmmlu_college_physics:rc:olmo3base                    [0m[36m [0m│ [32mSuccess[0m │ accuracy:logprob        │ 0.2000 │
│[36m [0m[36mmmlu_nutrition:rc:olmo3base                          [0m[36m [0m│ [32mSuccess[0m │ accuracy:logprob        │ 0.2000 │
│[36m [0m[36mmmlu_conceptual_physics:rc:olmo3base                 [0m[36m [0m│ [32mSuccess[0m │ accuracy:logprob        │ 0.6000 │
│[36m [0m[36mmmlu_high_school_chemistry:rc:olmo3base              [0m[36m [0m│ [32mSuccess[0m │ accuracy:logprob        │ 0.0000 │
│[36m [0m[36mmmlu_high_school_us_history:rc:olmo3base             [0m[36m [0m│ [32mSuccess[0m │ accuracy:logprob        │ 0.2000 │
│[36m [0m[36mmmlu_jurisprudence:rc:olmo3base                      [0m[36m [0m│ [32mSuccess[0m │ accuracy:logprob        │ 0.2000 │
│[36m [0m[36mmmlu_moral_scenarios:rc:olmo3base                    [0m[36m [0m│ [32mSuccess[0m │ accuracy:logprob        │ 0.2000 │
│[36m [0m[36mmmlu_abstract_algebra:rc:olmo3base                   [0m[36m [0m│ [32mSuccess[0m │ accuracy:logprob        │ 0.4000 │
│[36m [0m[36mmmlu_electrical_engineering:rc:olmo3base             [0m[36m [0m│ [32mSuccess[0m │ accuracy:logprob        │ 0.0000 │
│[36m [0m[36mmedmcqa:rc:olmo3base                                 [0m[36m [0m│ [32mSuccess[0m │ accuracy:logprob        │ 0.2000 │
│[36m [0m[36mjeopardy:rc:olmo3base                                [0m[36m [0m│ [32mSuccess[0m │ accuracy:logprob        │ 0.4000 │
│[36m [0m[36mwinogrande:rc:olmo3base                              [0m[36m [0m│ [32mSuccess[0m │ accuracy:logprob        │ 0.2000 │
│[36m [0m[36mhellaswag:rc:olmo3base                               [0m[36m [0m│ [32mSuccess[0m │ accuracy:logprob        │ 0.2000 │
│[36m [0m[36msciriff_yesno:rc:olmo3base                           [0m[36m [0m│ [32mSuccess[0m │ accuracy:logprob        │ 0.2000 │
│[36m [0m[36msciq:rc:olmo3base                                    [0m[36m [0m│ [32mSuccess[0m │ accuracy:logprob        │ 0.2000 │
│[36m [0m[36mdrop:rc:olmo3base                                    [0m[36m [0m│ [32mSuccess[0m │ accuracy:logprob        │ 0.2000 │
│[36m [0m[36marc:rc:olmo3base                                     [0m[36m [0m│ [32mSuccess[0m │ primary_score:average   │ 0.2000 │
│[36m [0m[36mmmlu:rc:olmo3base                                    [0m[36m [0m│ [32mSuccess[0m │ primary_score:average   │ 0.2632 │
│[36m [0m[36mbasic_skills:rc:olmo3base                            [0m[36m [0m│ [32mSuccess[0m │ primary_score:average   │ 0.2333 │
│[36m [0m[36molmobase:easy:qa:rc                                  [0m[36m [0m│ [32mSuccess[0m │ primary_score:average   │ 0.2577 │
└───────────────────────────────────────────────────────┴─────────┴─────────────────────────┴────────┘
2026-08-13 21:24:20 [INFO] Metrics written to /root/web-curation-lab/outputs/preflight/qwen3_150m_wide/general-smoke/general_raw/metrics.json
2026-08-13 21:24:20 [INFO] No storage backend configured; skipping results save.
